customer_id,signup_date,country,acquisition_channel
C0001,2025-02-16,United States,Social
C0002,2024-04-14,United Kingdom,Organic Search
C0003,2025-01-31,United States,Paid Search
C0004,2024-03-25,Germany,Social
C0005,2024-08-31,United States,Social
C0006,2025-06-03,France,Email
C0007,2024-12-21,United States,Email
C0008,2024-04-09,Canada,Paid Search
C0009,2024-05-09,United States,Paid Search
C0010,2024-04-13,Germany,Paid Search
C0011,2025-07-02,United States,Social
C0012,2024-02-12,United States,Organic Search
C0013,2024-10-30,United Kingdom,Paid Search
C0014,2025-04-19,Canada,Organic Search
C0015,2025-07-23,Spain,Paid Search
C0016,2025-03-02,United States,Referral
C0017,2025-09-03,United States,Social
C0018,2024-05-19,France,Paid Search
C0019,2024-02-03,Germany,Social
C0020,2025-03-04,United States,Social
C0021,2024-01-13,France,Paid Search
C0022,2024-08-18,United Kingdom,Paid Search
C0023,2024-01-19,Germany,Social
C0024,2025-02-28,United Kingdom,Organic Search
C0025,2025-06-25,United Kingdom,Social
C0026,2024-06-25,United States,Social
C0027,2024-06-20,France,Email
C0028,2024-11-04,United States,Referral
C0029,2024-10-01,France,Email
C0030,2024-07-27,Canada,Paid Search
C0031,2025-08-03,France,Organic Search
C0032,2024-04-12,United States,Social
C0033,2024-05-17,United States,Email
C0034,2025-09-10,United Kingdom,Referral
C0035,2025-02-05,Germany,Email
C0036,2025-02-14,Spain,Organic Search
C0037,2024-10-09,United Kingdom,Social
C0038,2025-02-15,Canada,Referral
C0039,2025-09-11,United States,Social
C0040,2024-07-13,United Kingdom,Social
C0041,2024-07-12,United States,Paid Search
C0042,2024-10-10,France,Social
C0043,2025-07-24,United States,Paid Search
C0044,2025-02-21,United States,Organic Search
C0045,2024-04-11,France,Email
C0046,2024-01-30,Germany,Referral
C0047,2024-09-25,United States,Email
C0048,2024-02-09,United States,Paid Search
C0049,2025-07-04,United Kingdom,Organic Search
C0050,2024-07-24,United States,Organic Search
C0051,2024-01-03,United States,Email
C0052,2024-05-02,Germany,Social
C0053,2024-10-24,United States,Referral
C0054,2024-07-23,Germany,Paid Search
C0055,2025-05-05,United Kingdom,Social
C0056,2024-02-21,United States,Email
C0057,2025-01-28,United States,Organic Search
C0058,2024-11-19,United States,Referral
C0059,2024-12-18,United States,Social
C0060,2025-09-25,United States,Organic Search
C0061,2024-01-29,Spain,Organic Search
C0062,2025-03-09,Canada,Referral
C0063,2024-06-30,United Kingdom,Social
C0064,2024-12-21,Germany,Email
C0065,2024-06-09,Germany,Email
C0066,2024-08-04,Canada,Paid Search
C0067,2025-01-17,United States,Email
C0068,2025-05-26,United States,Referral
C0069,2025-04-25,United States,Organic Search
C0070,2025-02-01,United States,Email
C0071,2024-10-21,United States,Paid Search
C0072,2024-10-15,Canada,Paid Search
C0073,2025-06-12,Spain,Paid Search
C0074,2024-04-23,United States,Email
C0075,2025-06-05,United Kingdom,Organic Search
C0076,2025-09-21,United Kingdom,Paid Search
C0077,2024-12-03,United Kingdom,Social
C0078,2024-11-19,Germany,Organic Search
C0079,2025-03-20,United States,Email
C0080,2025-01-08,Canada,Referral
C0081,2025-06-17,Spain,Organic Search
C0082,2025-03-03,Germany,Organic Search
C0083,2025-02-02,France,Referral
C0084,2025-05-15,Germany,Organic Search
C0085,2025-05-27,United States,Organic Search
C0086,2025-11-12,United States,Referral
C0087,2024-01-24,Germany,Referral
C0088,2024-12-10,United States,Social
C0089,2025-05-26,Canada,Social
C0090,2025-06-12,United Kingdom,Referral
C0091,2024-10-27,United Kingdom,Social
C0092,2025-11-05,United States,Social
C0093,2025-04-26,Spain,Email
C0094,2024-01-02,United States,Social
C0095,2025-04-29,United States,Paid Search
C0096,2024-12-14,United States,Paid Search
C0097,2025-09-08,Germany,Paid Search
C0098,2024-04-07,Spain,Paid Search
C0099,2025-05-17,United States,Paid Search
C0100,2024-06-10,Spain,Paid Search
C0101,2024-08-16,United States,Email
C0102,2024-06-11,Germany,Paid Search
C0103,2025-06-14,United States,Organic Search
C0104,2024-09-21,United Kingdom,Organic Search
C0105,2024-03-03,Germany,Organic Search
C0106,2024-01-06,Germany,Email
C0107,2025-06-20,United States,Paid Search
C0108,2024-05-08,Canada,Organic Search
C0109,2025-02-25,Spain,Email
C0110,2024-01-16,United Kingdom,Organic Search
C0111,2025-05-05,Germany,Organic Search
C0112,2024-12-21,Canada,Email
C0113,2024-05-02,United States,Social
C0114,2025-05-01,Canada,Email
C0115,2024-06-11,United States,Email
C0116,2025-06-29,France,Referral
C0117,2024-11-23,United States,Organic Search
C0118,2024-09-02,United States,Email
C0119,2024-02-02,Germany,Social
C0120,2024-05-22,Germany,Organic Search
C0121,2024-02-01,Canada,Referral
C0122,2025-04-11,Spain,Paid Search
C0123,2024-02-24,United States,Referral
C0124,2024-03-02,United States,Social
C0125,2024-03-09,United Kingdom,Paid Search
C0126,2025-06-16,United Kingdom,Organic Search
C0127,2025-06-14,United Kingdom,Referral
C0128,2025-01-26,Canada,Social
C0129,2024-02-10,France,Organic Search
C0130,2024-10-02,United States,Organic Search
C0131,2025-11-12,United Kingdom,Email
C0132,2025-06-17,Germany,Organic Search
C0133,2025-03-10,United Kingdom,Social
C0134,2024-01-10,United States,Social
C0135,2025-03-15,United Kingdom,Organic Search
C0136,2024-10-24,United Kingdom,Social
C0137,2025-04-30,United States,Organic Search
C0138,2024-08-14,France,Referral
C0139,2025-03-05,United States,Email
C0140,2025-04-05,Germany,Organic Search
C0141,2024-06-26,United Kingdom,Paid Search
C0142,2024-12-17,Canada,Paid Search
C0143,2024-09-09,United States,Referral
C0144,2024-08-24,United States,Paid Search
C0145,2025-03-13,United States,Social
C0146,2024-05-03,United Kingdom,Referral
C0147,2024-03-06,United States,Organic Search
C0148,2024-09-19,France,Social
C0149,2025-03-25,United States,Organic Search
C0150,2024-03-30,United States,Social
C0151,2024-07-05,United Kingdom,Paid Search
C0152,2024-12-30,France,Referral
C0153,2024-09-17,Canada,Paid Search
C0154,2024-11-27,France,Organic Search
C0155,2024-10-15,Germany,Email
C0156,2025-10-19,France,Email
C0157,2025-10-30,France,Social
C0158,2024-09-02,United States,Email
C0159,2024-08-24,Germany,Organic Search
C0160,2024-06-01,France,Social
C0161,2024-08-30,United States,Organic Search
C0162,2025-04-02,Germany,Organic Search
C0163,2024-10-01,United Kingdom,Referral
C0164,2025-01-12,United Kingdom,Email
C0165,2024-08-16,United States,Organic Search
C0166,2025-01-21,France,Organic Search
C0167,2025-01-24,Canada,Referral
C0168,2024-10-15,United States,Organic Search
C0169,2025-05-26,United Kingdom,Organic Search
C0170,2025-10-30,United States,Organic Search
C0171,2024-03-27,United States,Organic Search
C0172,2024-05-04,Spain,Paid Search
C0173,2025-11-13,United Kingdom,Referral
C0174,2024-08-07,United Kingdom,Paid Search
C0175,2024-06-18,United States,Paid Search
C0176,2025-03-11,Spain,Email
C0177,2024-11-25,United States,Social
C0178,2024-03-13,France,Email
C0179,2024-02-20,United States,Social
C0180,2025-03-18,United States,Social
C0181,2025-02-22,France,Social
C0182,2024-07-11,United States,Email
C0183,2025-10-28,France,Social
C0184,2024-03-09,United States,Email
C0185,2025-04-20,France,Organic Search
C0186,2024-02-13,France,Social
C0187,2024-12-13,France,Email
C0188,2025-04-06,United States,Paid Search
C0189,2024-12-04,France,Email
C0190,2025-03-01,Spain,Paid Search
C0191,2024-07-07,United States,Organic Search
C0192,2024-06-06,United States,Email
C0193,2024-05-25,Canada,Organic Search
C0194,2024-03-04,United States,Paid Search
C0195,2024-05-31,France,Paid Search
C0196,2024-05-15,France,Referral
C0197,2025-02-17,United States,Paid Search
C0198,2024-04-26,Germany,Social
C0199,2024-03-31,Germany,Email
C0200,2025-02-04,United States,Social
C0201,2024-10-21,Canada,Referral
C0202,2024-04-27,United States,Email
C0203,2025-01-21,United Kingdom,Paid Search
C0204,2024-04-28,Canada,Referral
C0205,2025-03-05,United States,Paid Search
C0206,2025-06-06,Canada,Organic Search
C0207,2024-11-18,United States,Organic Search
C0208,2024-11-22,United Kingdom,Social
C0209,2024-07-22,United States,Organic Search
C0210,2025-01-11,France,Social
C0211,2024-07-26,Canada,Paid Search
C0212,2024-12-23,Canada,Social
C0213,2024-05-02,Spain,Organic Search
C0214,2025-09-07,France,Email
C0215,2025-02-17,France,Paid Search
C0216,2025-06-12,United Kingdom,Organic Search
C0217,2024-07-16,Spain,Paid Search
C0218,2024-09-15,Germany,Paid Search
C0219,2024-09-17,Canada,Social
C0220,2025-10-27,United States,Paid Search
C0221,2025-06-10,United Kingdom,Organic Search
C0222,2024-12-19,France,Email
C0223,2025-03-25,United States,Paid Search
C0224,2024-02-16,United States,Organic Search
C0225,2025-02-19,Spain,Email
C0226,2025-03-19,United Kingdom,Social
C0227,2025-01-26,United States,Social
C0228,2025-09-10,United States,Paid Search
C0229,2025-05-07,United Kingdom,Paid Search
C0230,2024-12-23,Germany,Social
C0231,2025-04-07,Spain,Organic Search
C0232,2025-07-02,Spain,Paid Search
C0233,2024-12-29,Germany,Referral
C0234,2025-08-15,France,Social
C0235,2025-04-19,United States,Paid Search
C0236,2025-04-26,Canada,Organic Search
C0237,2025-04-06,United States,Email
C0238,2024-04-27,United States,Organic Search
C0239,2024-09-26,Spain,Organic Search
C0240,2024-01-01,Canada,Organic Search
C0241,2025-06-19,United States,Email
C0242,2025-07-15,France,Social
C0243,2025-09-17,United Kingdom,Organic Search
C0244,2024-09-23,United States,Organic Search
C0245,2025-05-09,United States,Social
C0246,2025-03-25,United States,Social
C0247,2025-02-28,Germany,Social
C0248,2024-12-17,United Kingdom,Organic Search
C0249,2024-03-06,United Kingdom,Email
C0250,2025-05-17,United States,Referral
C0251,2024-02-04,Spain,Social
C0252,2025-08-18,Germany,Organic Search
C0253,2024-07-26,Canada,Social
C0254,2025-08-07,United States,Paid Search
C0255,2025-06-18,Germany,Organic Search
C0256,2024-05-06,Canada,Paid Search
C0257,2024-11-13,United States,Referral
C0258,2024-04-29,United States,Paid Search
C0259,2025-05-13,United States,Email
C0260,2025-10-06,United States,Paid Search
C0261,2024-08-14,United Kingdom,Paid Search
C0262,2024-02-13,United States,Organic Search
C0263,2024-03-24,United States,Social
C0264,2024-05-12,Germany,Organic Search
C0265,2024-08-10,United States,Paid Search
C0266,2025-04-29,United Kingdom,Organic Search
C0267,2024-03-06,France,Paid Search
C0268,2024-11-11,United States,Social
C0269,2024-07-08,United States,Organic Search
C0270,2024-01-26,United States,Organic Search
C0271,2024-12-04,United States,Referral
C0272,2025-01-20,United Kingdom,Organic Search
C0273,2025-06-08,United States,Paid Search
C0274,2024-10-04,United States,Paid Search
C0275,2024-06-26,Spain,Paid Search
C0276,2025-04-12,Spain,Social
C0277,2024-05-15,United States,Organic Search
C0278,2025-01-08,United States,Paid Search
C0279,2025-05-31,United Kingdom,Social
C0280,2024-01-03,Canada,Paid Search
C0281,2025-11-08,Canada,Referral
C0282,2024-04-22,United States,Referral
C0283,2024-09-20,United States,Organic Search
C0284,2024-05-21,United Kingdom,Paid Search
C0285,2024-03-20,Canada,Organic Search
C0286,2025-01-19,Canada,Organic Search
C0287,2024-09-20,United States,Paid Search
C0288,2024-10-05,Germany,Social
C0289,2024-09-21,United States,Paid Search
C0290,2025-02-12,France,Organic Search
C0291,2025-11-15,Spain,Organic Search
C0292,2024-10-07,United Kingdom,Referral
C0293,2024-03-26,United States,Referral
C0294,2024-06-28,Germany,Organic Search
C0295,2024-09-28,United Kingdom,Social
C0296,2024-02-26,Canada,Paid Search
C0297,2025-07-10,United Kingdom,Social
C0298,2024-04-20,Canada,Social
C0299,2025-06-16,United States,Referral
C0300,2024-08-07,United States,Organic Search
C0301,2025-04-25,United States,Paid Search
C0302,2025-09-04,United States,Referral
C0303,2024-10-03,United States,Organic Search
C0304,2025-05-28,France,Organic Search
C0305,2025-01-13,United States,Email
C0306,2025-07-12,United States,Email
C0307,2024-06-03,United States,Social
C0308,2024-12-30,United States,Email
C0309,2024-01-02,Canada,Social
C0310,2024-03-24,Spain,Organic Search
C0311,2024-02-10,United States,Social
C0312,2025-01-25,France,Email
C0313,2024-08-29,France,Email
C0314,2024-01-07,Spain,Organic Search
C0315,2025-02-09,United Kingdom,Organic Search
C0316,2024-12-24,United States,Email
C0317,2025-10-03,United Kingdom,Organic Search
C0318,2024-03-30,Canada,Organic Search
C0319,2025-04-23,France,Email
C0320,2024-04-08,United Kingdom,Paid Search
C0321,2025-09-07,United States,Paid Search
C0322,2024-11-01,France,Organic Search
C0323,2024-04-29,Canada,Organic Search
C0324,2025-08-04,United Kingdom,Email
C0325,2024-01-29,France,Paid Search
C0326,2024-09-14,United Kingdom,Organic Search
C0327,2025-01-05,United Kingdom,Paid Search
C0328,2024-06-17,Germany,Organic Search
C0329,2024-10-21,France,Organic Search
C0330,2025-06-05,Spain,Organic Search
C0331,2024-05-08,United Kingdom,Social
C0332,2024-06-07,United Kingdom,Organic Search
C0333,2024-03-06,United Kingdom,Paid Search
C0334,2024-10-23,United States,Paid Search
C0335,2024-04-21,United States,Paid Search
C0336,2025-04-12,United States,Organic Search
C0337,2024-06-08,United Kingdom,Organic Search
C0338,2024-12-29,United States,Organic Search
C0339,2024-04-13,United Kingdom,Paid Search
C0340,2025-07-26,Canada,Social
C0341,2024-04-03,United States,Organic Search
C0342,2024-10-29,Germany,Email
C0343,2025-06-05,Spain,Social
C0344,2024-02-15,Germany,Organic Search
C0345,2024-10-01,United States,Organic Search
C0346,2024-10-25,United Kingdom,Organic Search
C0347,2024-06-29,Germany,Organic Search
C0348,2024-08-23,United Kingdom,Social
C0349,2025-08-12,United States,Organic Search
C0350,2025-02-18,United Kingdom,Email
C0351,2024-09-01,Germany,Paid Search
C0352,2025-04-08,United States,Email
C0353,2025-07-08,Germany,Email
C0354,2024-04-19,United States,Paid Search
C0355,2024-08-08,United States,Referral
C0356,2024-02-14,Canada,Referral
C0357,2025-01-02,United States,Paid Search
C0358,2024-08-01,Germany,Organic Search
C0359,2024-07-19,United Kingdom,Paid Search
C0360,2024-10-19,United States,Organic Search
C0361,2024-02-14,Spain,Social
C0362,2024-07-25,United Kingdom,Paid Search
C0363,2025-06-15,United States,Paid Search
C0364,2024-12-09,Spain,Email
C0365,2024-11-09,France,Organic Search
C0366,2024-10-03,France,Social
C0367,2024-09-13,United States,Paid Search
C0368,2025-05-27,United States,Email
C0369,2025-05-23,Germany,Social
C0370,2024-08-11,United States,Organic Search
C0371,2025-05-20,United States,Social
C0372,2024-02-15,France,Organic Search
C0373,2024-06-23,United States,Email
C0374,2024-06-14,United States,Social
C0375,2025-01-16,United States,Paid Search
C0376,2024-11-27,United Kingdom,Social
C0377,2024-09-15,Germany,Email
C0378,2024-05-20,Canada,Email
C0379,2024-10-04,United States,Social
C0380,2024-05-27,United States,Email
C0381,2024-09-29,Germany,Paid Search
C0382,2024-07-04,United Kingdom,Email
C0383,2025-05-01,United Kingdom,Email
C0384,2025-02-12,Spain,Organic Search
C0385,2024-04-05,Germany,Organic Search
C0386,2025-05-29,United Kingdom,Organic Search
C0387,2025-09-22,Spain,Organic Search
C0388,2024-07-10,United States,Paid Search
C0389,2024-10-17,Spain,Organic Search
C0390,2024-04-16,United Kingdom,Social
C0391,2024-01-26,United Kingdom,Organic Search
C0392,2024-08-18,Spain,Organic Search
C0393,2025-03-03,United Kingdom,Social
C0394,2025-07-31,United Kingdom,Paid Search
C0395,2024-07-29,United States,Paid Search
C0396,2025-06-25,Germany,Email
C0397,2025-06-24,Germany,Referral
C0398,2024-09-10,United States,Social
C0399,2024-01-25,France,Organic Search
C0400,2025-01-06,Germany,Organic Search
C0401,2025-01-25,United Kingdom,Referral
C0402,2025-05-14,United States,Social
C0403,2025-06-02,United Kingdom,Email
C0404,2024-12-10,United States,Social
C0405,2024-02-28,United States,Organic Search
C0406,2024-05-16,United Kingdom,Paid Search
C0407,2025-01-27,United States,Email
C0408,2024-11-28,United States,Email
C0409,2024-08-26,Germany,Organic Search
C0410,2024-08-07,United States,Social
C0411,2025-10-01,Spain,Organic Search
C0412,2024-08-19,Spain,Referral
C0413,2024-03-25,Germany,Organic Search
C0414,2025-11-17,Spain,Email
C0415,2024-07-10,Canada,Organic Search
C0416,2024-06-01,United States,Social
C0417,2024-02-07,France,Social
C0418,2024-09-13,United States,Paid Search
C0419,2025-06-23,France,Email
C0420,2024-03-28,United Kingdom,Referral
C0421,2024-05-13,United States,Email
C0422,2024-04-07,United States,Paid Search
C0423,2024-02-21,Spain,Email
C0424,2024-11-26,United States,Social
C0425,2024-06-12,United States,Social
C0426,2025-02-14,United States,Paid Search
C0427,2024-08-07,United Kingdom,Social
C0428,2024-12-14,Canada,Organic Search
C0429,2024-02-18,France,Paid Search
C0430,2024-06-29,United Kingdom,Organic Search
C0431,2024-08-14,United States,Organic Search
C0432,2025-06-11,United States,Organic Search
C0433,2024-08-17,United Kingdom,Organic Search
C0434,2024-09-14,Canada,Email
C0435,2024-08-08,France,Social
C0436,2024-10-02,United Kingdom,Organic Search
C0437,2025-03-12,Germany,Email
C0438,2025-02-25,United Kingdom,Referral
C0439,2025-06-03,Germany,Referral
C0440,2024-12-16,United Kingdom,Email
C0441,2025-05-09,France,Referral
C0442,2025-10-29,United Kingdom,Social
C0443,2024-06-25,Spain,Referral
C0444,2025-03-04,United Kingdom,Referral
C0445,2025-10-17,United States,Paid Search
C0446,2025-08-03,United States,Email
C0447,2025-04-20,United Kingdom,Email
C0448,2024-12-11,Germany,Email
C0449,2025-02-14,Germany,Referral
C0450,2025-02-12,France,Paid Search
C0451,2025-03-03,United States,Paid Search
C0452,2025-06-07,France,Social
C0453,2025-04-14,France,Email
C0454,2024-08-19,United Kingdom,Email
C0455,2024-11-03,United Kingdom,Email
C0456,2024-12-20,United States,Email
C0457,2025-04-13,United Kingdom,Referral
C0458,2024-08-02,Canada,Organic Search
C0459,2024-06-20,Spain,Referral
C0460,2025-02-07,Germany,Organic Search
C0461,2025-06-05,United States,Social
C0462,2025-05-13,France,Organic Search
C0463,2024-03-21,France,Social
C0464,2025-05-17,United States,Paid Search
C0465,2025-03-07,Canada,Organic Search
C0466,2024-03-26,United States,Social
C0467,2025-06-02,United States,Email
C0468,2024-04-21,United States,Organic Search
C0469,2025-05-23,United States,Social
C0470,2025-02-16,Canada,Organic Search
C0471,2024-11-10,United Kingdom,Organic Search
C0472,2024-12-11,United States,Organic Search
C0473,2024-08-14,United Kingdom,Social
C0474,2025-05-10,United Kingdom,Email
C0475,2025-06-28,United States,Social
C0476,2024-06-20,United States,Email
C0477,2024-04-19,Germany,Social
C0478,2025-04-08,United States,Email
C0479,2025-09-02,France,Referral
C0480,2025-01-09,United States,Paid Search
C0481,2025-05-17,France,Organic Search
C0482,2024-04-16,Canada,Organic Search
C0483,2025-11-14,United States,Social
C0484,2024-03-10,United States,Social
C0485,2025-02-16,Spain,Organic Search
C0486,2025-01-19,United Kingdom,Referral
C0487,2025-03-27,Germany,Referral
C0488,2024-03-27,United States,Organic Search
C0489,2025-06-09,United States,Organic Search
C0490,2025-03-10,United Kingdom,Organic Search
C0491,2024-03-01,Canada,Paid Search
C0492,2024-10-31,United States,Email
C0493,2025-03-23,France,Social
C0494,2024-09-17,France,Organic Search
C0495,2025-08-05,United States,Paid Search
C0496,2024-05-30,United States,Organic Search
C0497,2024-10-09,United States,Paid Search
C0498,2025-06-22,United Kingdom,Paid Search
C0499,2024-11-28,Germany,Social
C0500,2025-01-30,United Kingdom,Social
C0501,2025-03-02,United States,Email
C0502,2025-10-13,France,Organic Search
C0503,2024-08-07,Germany,Email
C0504,2025-02-24,United Kingdom,Organic Search
C0505,2025-07-27,Germany,Paid Search
C0506,2024-11-15,United States,Email
C0507,2024-06-14,France,Social
C0508,2025-05-29,United Kingdom,Organic Search
C0509,2025-02-03,United Kingdom,Paid Search
C0510,2024-11-15,United States,Email
C0511,2024-09-03,Germany,Referral
C0512,2025-08-29,Germany,Social
C0513,2025-03-02,United Kingdom,Organic Search
C0514,2024-05-29,Canada,Paid Search
C0515,2025-03-29,Canada,Organic Search
C0516,2024-06-03,United States,Organic Search
C0517,2024-03-18,France,Social
C0518,2025-02-07,United Kingdom,Email
C0519,2025-01-22,Spain,Organic Search
C0520,2024-07-02,United States,Email
C0521,2025-09-21,United States,Social
C0522,2025-02-02,United Kingdom,Email
C0523,2025-03-06,United States,Organic Search
C0524,2025-06-05,France,Paid Search
C0525,2025-10-26,United Kingdom,Organic Search
C0526,2024-08-28,United States,Organic Search
C0527,2024-05-05,United Kingdom,Paid Search
C0528,2024-02-23,Canada,Paid Search
C0529,2024-11-09,Canada,Organic Search
C0530,2024-12-30,United Kingdom,Organic Search
C0531,2025-01-12,United States,Referral
C0532,2024-01-06,United States,Email
C0533,2025-01-18,Canada,Paid Search
C0534,2025-10-15,France,Referral
C0535,2025-01-29,Germany,Organic Search
C0536,2024-10-14,Canada,Paid Search
C0537,2024-01-09,United States,Email
C0538,2024-09-24,France,Paid Search
C0539,2024-12-18,United States,Organic Search
C0540,2024-11-07,United States,Paid Search
C0541,2024-11-10,United Kingdom,Paid Search
C0542,2025-08-29,United Kingdom,Social
C0543,2025-09-04,Spain,Paid Search
C0544,2025-07-27,United States,Paid Search
C0545,2025-09-13,Canada,Organic Search
C0546,2024-06-02,France,Social
C0547,2024-09-25,France,Organic Search
C0548,2024-08-15,Spain,Email
C0549,2025-01-25,United Kingdom,Email
C0550,2025-05-04,United Kingdom,Paid Search
C0551,2024-12-12,United States,Email
C0552,2024-03-15,United States,Organic Search
C0553,2024-12-31,Canada,Paid Search
C0554,2024-06-26,United Kingdom,Paid Search
C0555,2024-01-28,United Kingdom,Paid Search
C0556,2024-04-15,United States,Email
C0557,2025-06-30,United Kingdom,Referral
C0558,2024-08-21,France,Paid Search
C0559,2024-04-20,United States,Paid Search
C0560,2024-03-14,France,Social
C0561,2024-12-21,Germany,Organic Search
C0562,2025-02-20,Canada,Organic Search
C0563,2024-07-12,United States,Referral
C0564,2024-02-26,Germany,Email
C0565,2024-07-13,United States,Referral
C0566,2025-09-24,United Kingdom,Organic Search
C0567,2024-03-03,France,Organic Search
C0568,2025-07-17,Germany,Paid Search
C0569,2024-01-02,United States,Referral
C0570,2024-09-15,Canada,Organic Search
C0571,2024-04-03,United States,Organic Search
C0572,2024-04-19,Germany,Organic Search
C0573,2024-03-02,Spain,Email
C0574,2025-02-03,Germany,Email
C0575,2024-09-24,Canada,Social
C0576,2025-06-02,Germany,Organic Search
C0577,2024-08-04,Canada,Email
C0578,2024-05-01,Germany,Paid Search
C0579,2024-04-21,France,Organic Search
C0580,2025-06-05,United States,Paid Search
C0581,2024-11-18,France,Paid Search
C0582,2024-06-26,United States,Paid Search
C0583,2024-12-23,Spain,Referral
C0584,2025-09-05,United States,Paid Search
C0585,2025-06-20,United States,Paid Search
C0586,2025-01-18,Canada,Social
C0587,2024-03-06,United States,Social
C0588,2024-04-18,United Kingdom,Organic Search
C0589,2025-01-25,France,Social
C0590,2024-08-31,United States,Organic Search
C0591,2024-05-01,United States,Paid Search
C0592,2024-02-07,United Kingdom,Social
C0593,2024-11-20,United States,Social
C0594,2025-09-29,United States,Paid Search
C0595,2024-04-21,United States,Organic Search
C0596,2025-08-12,United Kingdom,Paid Search
C0597,2024-07-07,United States,Paid Search
C0598,2025-05-02,United States,Referral
C0599,2025-03-08,Germany,Social
C0600,2024-05-29,Germany,Email
C0601,2024-10-07,United States,Paid Search
C0602,2025-05-20,United States,Email
C0603,2025-07-30,Canada,Organic Search
C0604,2024-03-18,Germany,Paid Search
C0605,2024-06-12,United Kingdom,Organic Search
C0606,2024-11-28,United Kingdom,Organic Search
C0607,2025-06-26,United States,Referral
C0608,2024-06-17,Canada,Social
C0609,2024-02-02,Spain,Social
C0610,2025-07-02,Spain,Social
C0611,2024-08-13,United States,Social
C0612,2024-02-21,United States,Social
C0613,2024-01-20,United States,Email
C0614,2024-12-24,United States,Social
C0615,2025-10-21,United States,Email
C0616,2024-05-07,Germany,Organic Search
C0617,2024-10-12,United States,Referral
C0618,2024-11-09,Spain,Organic Search
C0619,2024-12-31,United States,Paid Search
C0620,2025-06-19,United States,Referral
C0621,2025-04-29,Canada,Organic Search
C0622,2024-06-21,France,Organic Search
C0623,2025-06-17,United Kingdom,Paid Search
C0624,2025-06-07,Germany,Paid Search
C0625,2025-06-10,United States,Referral
C0626,2024-03-19,United States,Email
C0627,2024-03-03,United Kingdom,Paid Search
C0628,2025-06-21,United Kingdom,Referral
C0629,2024-03-07,Germany,Social
C0630,2024-09-10,United States,Email
C0631,2024-12-16,France,Organic Search
C0632,2025-02-11,France,Paid Search
C0633,2024-01-09,United States,Organic Search
C0634,2024-06-11,United States,Organic Search
C0635,2024-03-13,United Kingdom,Social
C0636,2025-06-26,France,Organic Search
C0637,2025-02-12,Germany,Social
C0638,2024-12-16,France,Social
C0639,2024-04-24,United Kingdom,Organic Search
C0640,2024-06-13,United States,Paid Search
C0641,2025-05-20,Germany,Social
C0642,2024-11-10,United States,Referral
C0643,2025-07-12,France,Paid Search
C0644,2025-05-25,United States,Referral
C0645,2024-04-18,United States,Email
C0646,2024-06-08,United Kingdom,Social
C0647,2025-01-13,United Kingdom,Paid Search
C0648,2024-10-07,Germany,Social
C0649,2024-02-07,United Kingdom,Email
C0650,2025-10-18,Spain,Paid Search
C0651,2024-05-04,Canada,Referral
C0652,2025-09-28,Canada,Referral
C0653,2024-07-01,Germany,Paid Search
C0654,2025-02-15,Germany,Email
C0655,2025-05-06,Germany,Paid Search
C0656,2025-10-12,United Kingdom,Email
C0657,2025-05-18,United States,Email
C0658,2024-10-22,Germany,Organic Search
C0659,2024-02-05,United States,Organic Search
C0660,2024-10-20,United States,Paid Search
C0661,2024-09-09,Canada,Referral
C0662,2025-01-28,United States,Paid Search
C0663,2025-07-14,Germany,Referral
C0664,2025-01-16,Germany,Paid Search
C0665,2024-08-29,United States,Organic Search
C0666,2025-01-01,Canada,Referral
C0667,2024-08-17,United States,Social
C0668,2024-07-28,Canada,Paid Search
C0669,2024-04-27,France,Organic Search
C0670,2025-03-29,United States,Organic Search
C0671,2024-02-07,United States,Organic Search
C0672,2024-05-09,United States,Paid Search
C0673,2024-08-21,United Kingdom,Social
C0674,2024-03-26,United States,Paid Search
C0675,2025-05-16,Spain,Organic Search
C0676,2024-07-07,United States,Organic Search
C0677,2024-05-12,Canada,Paid Search
C0678,2024-05-18,United States,Referral
C0679,2024-04-14,Spain,Paid Search
C0680,2024-12-28,United States,Organic Search
C0681,2024-09-20,United Kingdom,Social
C0682,2024-05-06,Germany,Referral
C0683,2025-04-22,United States,Email
C0684,2024-12-25,Canada,Email
C0685,2024-08-08,United States,Referral
C0686,2025-08-28,Germany,Social
C0687,2024-12-24,Germany,Referral
C0688,2024-03-24,Germany,Organic Search
C0689,2025-03-18,United States,Email
C0690,2025-07-15,United States,Email
C0691,2024-01-17,United States,Referral
C0692,2024-10-12,United States,Paid Search
C0693,2025-04-24,United States,Email
C0694,2025-02-05,Spain,Organic Search
C0695,2025-07-24,United Kingdom,Social
C0696,2024-08-05,Germany,Paid Search
C0697,2024-11-21,United Kingdom,Social
C0698,2024-05-07,United States,Social
C0699,2025-03-24,United Kingdom,Paid Search
C0700,2024-06-10,United States,Organic Search
C0701,2024-04-28,United Kingdom,Paid Search
C0702,2024-02-22,United Kingdom,Social
C0703,2025-09-28,United Kingdom,Social
C0704,2024-01-14,Spain,Email
C0705,2025-03-16,United States,Organic Search
C0706,2025-06-16,United Kingdom,Email
C0707,2024-03-01,United States,Social
C0708,2024-02-22,United Kingdom,Organic Search
C0709,2025-05-26,France,Paid Search
C0710,2024-03-09,United States,Paid Search
C0711,2025-08-10,Germany,Paid Search
C0712,2025-10-29,United Kingdom,Organic Search
C0713,2024-03-17,United States,Organic Search
C0714,2025-09-23,Spain,Organic Search
C0715,2024-07-28,United Kingdom,Organic Search
C0716,2024-08-26,Canada,Organic Search
C0717,2025-05-24,United Kingdom,Email
C0718,2024-12-21,Spain,Paid Search
C0719,2024-06-23,United States,Paid Search
C0720,2025-05-26,United Kingdom,Social
C0721,2024-11-13,France,Social
C0722,2024-02-24,United Kingdom,Organic Search
C0723,2024-08-02,United Kingdom,Organic Search
C0724,2024-05-13,Spain,Organic Search
C0725,2024-12-17,Germany,Social
C0726,2025-04-15,France,Paid Search
C0727,2024-01-22,Germany,Paid Search
C0728,2025-03-03,Canada,Social
C0729,2025-05-16,Canada,Referral
C0730,2025-06-27,Germany,Paid Search
C0731,2024-12-27,United States,Paid Search
C0732,2024-06-20,United States,Paid Search
C0733,2024-03-20,Germany,Social
C0734,2025-05-31,Canada,Email
C0735,2024-08-13,United Kingdom,Email
C0736,2024-07-06,United States,Organic Search
C0737,2025-02-05,United States,Paid Search
C0738,2025-10-02,United Kingdom,Email
C0739,2025-03-18,Canada,Paid Search
C0740,2025-04-27,United States,Referral
C0741,2025-04-24,Germany,Paid Search
C0742,2024-04-03,France,Paid Search
C0743,2025-06-30,Spain,Paid Search
C0744,2025-07-06,United States,Paid Search
C0745,2024-12-09,Spain,Email
C0746,2024-11-13,Germany,Organic Search
C0747,2025-04-13,France,Social
C0748,2025-04-06,United States,Social
C0749,2025-10-19,United Kingdom,Email
C0750,2024-02-13,Germany,Social
C0751,2025-01-15,United States,Referral
C0752,2025-04-10,United Kingdom,Email
C0753,2025-06-21,Germany,Paid Search
C0754,2024-07-06,Germany,Email
C0755,2025-02-28,United States,Referral
C0756,2024-08-10,United Kingdom,Organic Search
C0757,2024-03-28,United States,Social
C0758,2024-07-04,Spain,Organic Search
C0759,2025-07-14,Spain,Social
C0760,2025-11-05,United States,Organic Search
C0761,2024-04-06,United States,Email
C0762,2024-03-12,United States,Paid Search
C0763,2024-11-13,United Kingdom,Social
C0764,2025-09-08,Canada,Organic Search
C0765,2024-11-02,United Kingdom,Social
C0766,2024-03-22,United States,Paid Search
C0767,2024-09-29,United States,Social
C0768,2025-05-22,United States,Paid Search
C0769,2024-02-19,Canada,Organic Search
C0770,2025-03-12,Germany,Paid Search
C0771,2024-03-09,Germany,Referral
C0772,2024-05-07,United States,Organic Search
C0773,2025-05-06,Spain,Social
C0774,2024-06-11,United States,Organic Search
C0775,2024-10-12,Canada,Social
C0776,2024-07-27,Canada,Organic Search
C0777,2024-12-01,United Kingdom,Paid Search
C0778,2024-08-09,Canada,Paid Search
C0779,2025-08-16,United States,Organic Search
C0780,2025-03-23,Germany,Paid Search
C0781,2024-10-30,United States,Paid Search
C0782,2024-11-04,United Kingdom,Paid Search
C0783,2025-03-16,United States,Referral
C0784,2024-08-22,United States,Paid Search
C0785,2025-03-26,United States,Referral
C0786,2025-01-28,United States,Paid Search
C0787,2025-04-28,Germany,Organic Search
C0788,2024-09-07,United Kingdom,Organic Search
C0789,2024-11-01,United States,Paid Search
C0790,2024-03-11,Spain,Paid Search
C0791,2024-03-01,Spain,Email
C0792,2024-02-28,United States,Social
C0793,2024-12-12,United Kingdom,Social
C0794,2024-06-27,Germany,Paid Search
C0795,2024-06-07,France,Paid Search
C0796,2024-11-25,United Kingdom,Social
C0797,2024-08-05,France,Organic Search
C0798,2024-03-14,United States,Organic Search
C0799,2024-10-31,United States,Paid Search
C0800,2024-10-27,France,Organic Search
C0801,2024-03-17,Germany,Social
C0802,2024-05-27,Canada,Organic Search
C0803,2024-05-09,United States,Organic Search
C0804,2025-01-15,United States,Referral
C0805,2024-05-16,United States,Referral
C0806,2024-01-16,United States,Paid Search
C0807,2024-05-25,United States,Paid Search
C0808,2024-09-13,United Kingdom,Email
C0809,2025-02-24,Germany,Organic Search
C0810,2024-01-29,Germany,Paid Search
C0811,2025-04-27,United Kingdom,Organic Search
C0812,2024-06-29,United States,Paid Search
C0813,2024-07-06,France,Referral
C0814,2024-01-09,United States,Email
C0815,2024-05-31,Canada,Referral
C0816,2024-09-13,United States,Email
C0817,2025-09-17,Germany,Social
C0818,2025-02-23,Canada,Email
C0819,2024-10-12,Germany,Social
C0820,2024-02-24,Germany,Paid Search
C0821,2024-08-02,France,Paid Search
C0822,2025-02-06,United States,Paid Search
C0823,2025-09-19,France,Organic Search
C0824,2024-11-15,Canada,Paid Search
C0825,2024-10-05,Spain,Organic Search
C0826,2024-10-03,United Kingdom,Social
C0827,2025-06-27,United Kingdom,Organic Search
C0828,2024-11-23,France,Paid Search
C0829,2024-11-22,Germany,Paid Search
C0830,2024-07-02,United States,Organic Search
C0831,2024-09-25,United States,Referral
C0832,2025-01-23,United States,Paid Search
C0833,2025-04-14,United Kingdom,Paid Search
C0834,2025-03-02,United States,Organic Search
C0835,2024-12-28,United States,Email
C0836,2025-03-01,United States,Social
C0837,2024-01-19,Spain,Paid Search
C0838,2024-05-27,United States,Organic Search
C0839,2024-05-12,United States,Email
C0840,2024-12-23,United Kingdom,Referral
C0841,2025-02-16,United States,Paid Search
C0842,2024-03-22,Spain,Organic Search
C0843,2024-04-15,Spain,Organic Search
C0844,2024-09-27,United Kingdom,Organic Search
C0845,2025-06-13,United Kingdom,Email
C0846,2024-01-02,United Kingdom,Referral
C0847,2025-04-26,United States,Referral
C0848,2024-04-15,United States,Email
C0849,2024-05-26,United States,Organic Search
C0850,2024-12-11,United States,Referral
C0851,2025-02-02,Germany,Paid Search
C0852,2025-10-30,United States,Paid Search
C0853,2024-01-04,United States,Social
C0854,2024-01-27,United Kingdom,Organic Search
C0855,2025-08-22,United Kingdom,Email
C0856,2024-11-01,United States,Referral
C0857,2024-05-22,United States,Email
C0858,2025-09-19,United States,Email
C0859,2024-05-25,United States,Paid Search
C0860,2025-05-25,Canada,Organic Search
C0861,2024-04-07,Spain,Email
C0862,2024-12-24,United Kingdom,Social
C0863,2024-10-17,United Kingdom,Referral
C0864,2024-02-26,France,Organic Search
C0865,2024-11-26,Germany,Paid Search
C0866,2024-03-21,United States,Paid Search
C0867,2024-10-22,United States,Social
C0868,2024-12-13,United Kingdom,Email
C0869,2024-02-09,Germany,Referral
C0870,2024-04-27,United States,Paid Search
C0871,2024-06-10,United States,Paid Search
C0872,2025-05-22,United States,Organic Search
C0873,2024-04-30,United States,Organic Search
C0874,2025-05-18,United Kingdom,Paid Search
C0875,2024-10-19,Germany,Social
C0876,2025-06-02,United Kingdom,Paid Search
C0877,2025-03-30,United States,Paid Search
C0878,2025-07-21,United States,Social
C0879,2025-09-05,Canada,Email
C0880,2025-01-27,United Kingdom,Organic Search
C0881,2024-02-12,United States,Paid Search
C0882,2024-12-28,United States,Social
C0883,2024-09-08,Canada,Email
C0884,2024-01-20,France,Email
C0885,2025-04-19,Canada,Organic Search
C0886,2024-05-25,Germany,Social
C0887,2025-04-23,United Kingdom,Referral
C0888,2024-04-23,United Kingdom,Paid Search
C0889,2025-09-02,United States,Paid Search
C0890,2024-07-21,Germany,Referral
C0891,2025-05-03,Germany,Organic Search
C0892,2025-06-05,United States,Social
C0893,2025-10-12,Canada,Email
C0894,2025-04-07,United Kingdom,Organic Search
C0895,2025-02-24,United States,Social
C0896,2024-06-09,United States,Paid Search
C0897,2025-11-07,Canada,Email
C0898,2024-10-16,Spain,Referral
C0899,2024-07-06,United Kingdom,Email
C0900,2025-07-04,Spain,Organic Search
C0901,2025-01-23,Canada,Email
C0902,2024-05-31,Canada,Referral
C0903,2024-12-23,Canada,Social
C0904,2024-02-05,United Kingdom,Social
C0905,2024-12-13,France,Organic Search
C0906,2024-12-17,Germany,Email
C0907,2024-10-14,France,Organic Search
C0908,2024-12-25,United States,Paid Search
C0909,2025-06-27,France,Referral
C0910,2025-04-03,Spain,Referral
C0911,2024-08-28,United States,Referral
C0912,2025-04-21,Spain,Paid Search
C0913,2025-06-06,United Kingdom,Organic Search
C0914,2025-06-28,United States,Paid Search
C0915,2025-08-02,United States,Organic Search
C0916,2025-02-10,Canada,Email
C0917,2024-10-08,Germany,Social
C0918,2024-03-14,United States,Paid Search
C0919,2024-09-15,Germany,Organic Search
C0920,2024-07-23,United States,Paid Search
C0921,2025-02-08,United Kingdom,Email
C0922,2024-10-08,Canada,Social
C0923,2024-03-17,France,Organic Search
C0924,2024-01-28,France,Organic Search
C0925,2024-06-06,Germany,Paid Search
C0926,2024-03-26,Spain,Organic Search
C0927,2025-04-24,United States,Referral
C0928,2024-05-28,United States,Social
C0929,2024-12-13,United States,Organic Search
C0930,2024-03-10,Germany,Email
C0931,2024-08-29,Germany,Paid Search
C0932,2025-05-25,France,Organic Search
C0933,2024-12-17,United States,Social
C0934,2024-06-06,United States,Organic Search
C0935,2025-10-08,Germany,Paid Search
C0936,2024-10-01,Spain,Email
C0937,2024-05-08,United States,Referral
C0938,2025-06-29,United States,Paid Search
C0939,2025-11-10,United States,Social
C0940,2024-11-05,United Kingdom,Organic Search
C0941,2025-06-06,United States,Social
C0942,2024-08-13,United Kingdom,Organic Search
C0943,2024-10-08,Germany,Social
C0944,2025-05-23,United Kingdom,Organic Search
C0945,2025-02-04,United Kingdom,Referral
C0946,2024-05-01,United States,Referral
C0947,2024-10-05,Spain,Paid Search
C0948,2024-04-08,United Kingdom,Email
C0949,2024-09-16,United States,Organic Search
C0950,2024-10-19,United States,Email
C0951,2024-10-05,Germany,Organic Search
C0952,2024-08-21,Canada,Organic Search
C0953,2024-08-27,United States,Social
C0954,2025-03-11,United States,Paid Search
C0955,2024-10-03,United States,Social
C0956,2024-01-23,Germany,Paid Search
C0957,2025-02-09,Spain,Organic Search
C0958,2024-12-03,United Kingdom,Organic Search
C0959,2025-01-15,United Kingdom,Social
C0960,2025-01-23,France,Social
C0961,2024-04-04,France,Organic Search
C0962,2025-06-15,United States,Paid Search
C0963,2025-11-19,United States,Social
C0964,2025-06-26,United Kingdom,Social
C0965,2024-04-29,France,Email
C0966,2024-05-14,France,Paid Search
C0967,2025-06-12,France,Social
C0968,2025-05-25,Canada,Social
C0969,2024-05-24,United States,Paid Search
C0970,2024-12-10,United States,Organic Search
C0971,2024-05-13,United States,Organic Search
C0972,2024-01-21,Canada,Email
C0973,2024-05-05,Germany,Organic Search
C0974,2025-06-14,United States,Social
C0975,2025-04-08,United States,Social
C0976,2025-03-05,France,Paid Search
C0977,2024-04-10,France,Email
C0978,2024-11-06,France,Social
C0979,2024-04-22,United States,Organic Search
C0980,2024-11-05,Spain,Email
C0981,2025-05-05,France,Paid Search
C0982,2025-04-26,Germany,Paid Search
C0983,2025-03-31,Germany,Email
C0984,2024-05-11,Spain,Social
C0985,2024-04-14,Spain,Paid Search
C0986,2024-03-28,Germany,Referral
C0987,2024-03-10,United Kingdom,Social
C0988,2024-12-01,United Kingdom,Social
C0989,2024-12-26,Canada,Organic Search
C0990,2025-04-27,Germany,Organic Search
C0991,2024-02-19,United States,Paid Search
C0992,2024-05-25,United States,Social
C0993,2025-02-02,Spain,Paid Search
C0994,2025-01-07,Canada,Email
C0995,2024-08-21,Spain,Organic Search
C0996,2024-03-24,United Kingdom,Social
C0997,2024-09-21,Canada,Email
C0998,2024-04-04,Canada,Email
C0999,2024-10-19,United States,Email
C1000,2025-05-08,United States,Referral
C1001,2025-07-04,Spain,Organic Search
C1002,2024-03-05,United States,Social
C1003,2025-02-07,Germany,Referral
C1004,2025-06-05,Germany,Social
C1005,2025-06-21,France,Organic Search
C1006,2025-02-27,United States,Referral
C1007,2024-08-08,France,Organic Search
C1008,2024-07-17,United States,Paid Search
C1009,2024-07-30,Canada,Organic Search
C1010,2024-08-04,United States,Paid Search
C1011,2025-04-04,France,Paid Search
C1012,2025-03-13,Canada,Paid Search
C1013,2025-07-06,United States,Referral
C1014,2025-07-02,United States,Paid Search
C1015,2024-10-22,France,Paid Search
C1016,2024-12-21,United States,Referral
C1017,2025-02-01,United States,Email
C1018,2025-07-25,United Kingdom,Organic Search
C1019,2024-09-20,Spain,Organic Search
C1020,2025-06-19,Germany,Social
C1021,2024-09-06,United Kingdom,Email
C1022,2025-01-11,Spain,Social
C1023,2024-06-15,United Kingdom,Organic Search
C1024,2024-06-23,United Kingdom,Email
C1025,2024-09-09,United Kingdom,Social
C1026,2025-04-19,United States,Social
C1027,2025-09-13,United States,Email
C1028,2025-05-17,France,Email
C1029,2024-02-03,United States,Social
C1030,2025-04-09,France,Social
C1031,2024-01-24,United States,Social
C1032,2025-07-26,United Kingdom,Paid Search
C1033,2024-08-21,United States,Paid Search
C1034,2024-05-09,Germany,Social
C1035,2025-06-25,France,Social
C1036,2025-11-02,United Kingdom,Paid Search
C1037,2024-11-08,United States,Organic Search
C1038,2024-09-04,United States,Social
C1039,2025-02-20,Canada,Social
C1040,2025-01-22,United States,Paid Search
C1041,2025-08-23,France,Paid Search
C1042,2025-03-28,United States,Organic Search
C1043,2025-07-04,United States,Referral
C1044,2024-05-31,France,Email
C1045,2024-01-10,United Kingdom,Social
C1046,2024-03-06,United States,Paid Search
C1047,2024-04-18,Spain,Email
C1048,2025-09-17,United States,Paid Search
C1049,2025-10-27,United Kingdom,Referral
C1050,2024-11-18,United Kingdom,Organic Search
C1051,2024-08-31,United Kingdom,Organic Search
C1052,2024-05-27,Canada,Social
C1053,2024-02-25,United States,Organic Search
C1054,2024-11-15,Spain,Social
C1055,2024-03-18,Germany,Email
C1056,2025-03-08,Spain,Organic Search
C1057,2024-08-11,Canada,Paid Search
C1058,2024-07-10,Spain,Social
C1059,2024-01-15,Germany,Email
C1060,2025-07-12,United Kingdom,Paid Search
C1061,2024-01-08,United Kingdom,Organic Search
C1062,2025-01-31,Germany,Social
C1063,2024-09-24,United Kingdom,Paid Search
C1064,2025-03-05,France,Email
C1065,2025-09-06,United States,Social
C1066,2025-06-05,Canada,Organic Search
C1067,2025-03-04,United States,Email
C1068,2025-06-26,Spain,Paid Search
C1069,2025-06-21,United States,Organic Search
C1070,2025-05-01,United States,Social
C1071,2024-05-27,Canada,Referral
C1072,2025-02-22,Canada,Social
C1073,2024-12-09,France,Paid Search
C1074,2025-01-18,Spain,Social
C1075,2024-05-25,United States,Organic Search
C1076,2025-07-25,Canada,Social
C1077,2024-10-30,United Kingdom,Paid Search
C1078,2024-01-13,Germany,Organic Search
C1079,2024-06-19,United Kingdom,Paid Search
C1080,2024-10-04,United States,Referral
C1081,2024-04-21,Germany,Organic Search
C1082,2024-06-05,France,Email
C1083,2025-11-18,United States,Social
C1084,2024-06-07,Spain,Social
C1085,2025-05-08,Germany,Organic Search
C1086,2025-05-22,United States,Organic Search
C1087,2025-01-03,Germany,Organic Search
C1088,2025-06-27,United States,Social
C1089,2024-04-22,United States,Referral
C1090,2025-05-26,France,Email
C1091,2024-01-01,United States,Organic Search
C1092,2024-10-02,United States,Organic Search
C1093,2024-11-22,France,Organic Search
C1094,2025-04-03,United States,Referral
C1095,2025-05-04,Canada,Organic Search
C1096,2024-06-04,Canada,Organic Search
C1097,2024-10-01,United States,Social
C1098,2024-12-12,United Kingdom,Social
C1099,2025-06-11,United States,Organic Search
C1100,2025-09-05,Germany,Social
C1101,2024-03-07,United States,Organic Search
C1102,2025-05-20,Spain,Organic Search
C1103,2024-10-07,United States,Organic Search
C1104,2024-04-08,France,Paid Search
C1105,2024-04-14,United States,Referral
C1106,2024-04-21,United States,Social
C1107,2025-10-03,United Kingdom,Email
C1108,2025-06-03,Germany,Paid Search
C1109,2024-08-29,Spain,Social
C1110,2024-02-23,United States,Referral
C1111,2025-05-01,United States,Paid Search
C1112,2024-12-13,United Kingdom,Referral
C1113,2024-11-08,United Kingdom,Social
C1114,2024-02-03,Canada,Email
C1115,2025-06-14,Spain,Organic Search
C1116,2025-06-14,Canada,Social
C1117,2024-11-29,United States,Paid Search
C1118,2025-09-12,United Kingdom,Referral
C1119,2024-10-08,France,Referral
C1120,2024-10-28,United States,Paid Search
C1121,2024-08-05,France,Referral
C1122,2024-11-09,United States,Referral
C1123,2024-07-18,United States,Social
C1124,2024-09-16,Canada,Organic Search
C1125,2025-01-05,United States,Organic Search
C1126,2025-02-10,Spain,Organic Search
C1127,2024-03-24,United States,Organic Search
C1128,2025-06-26,United States,Referral
C1129,2024-02-22,United States,Organic Search
C1130,2024-05-30,United States,Social
C1131,2025-07-31,United Kingdom,Social
C1132,2024-06-25,United States,Social
C1133,2024-07-11,Germany,Organic Search
C1134,2024-06-25,Canada,Social
C1135,2024-08-26,United Kingdom,Social
C1136,2025-02-21,United States,Social
C1137,2025-03-28,United Kingdom,Organic Search
C1138,2024-07-09,Canada,Email
C1139,2024-05-21,Germany,Organic Search
C1140,2025-01-05,United States,Social
C1141,2024-02-02,Germany,Paid Search
C1142,2024-08-31,United Kingdom,Organic Search
C1143,2024-04-30,United States,Email
C1144,2025-09-14,United States,Organic Search
C1145,2024-02-12,Spain,Referral
C1146,2025-03-29,United States,Referral
C1147,2025-07-17,United States,Paid Search
C1148,2024-10-08,United States,Paid Search
C1149,2024-11-09,Germany,Organic Search
C1150,2024-09-16,United Kingdom,Referral
C1151,2024-09-02,United States,Social
C1152,2025-07-17,United Kingdom,Organic Search
C1153,2025-02-26,France,Paid Search
C1154,2024-10-09,United States,Organic Search
C1155,2024-04-28,Spain,Social
C1156,2024-05-23,United States,Paid Search
C1157,2024-08-27,United States,Organic Search
C1158,2025-04-06,Spain,Email
C1159,2025-06-09,Canada,Organic Search
C1160,2024-07-31,United Kingdom,Social
C1161,2024-08-04,Canada,Social
C1162,2024-03-11,United Kingdom,Referral
C1163,2024-10-25,United Kingdom,Paid Search
C1164,2024-05-11,Canada,Referral
C1165,2025-03-24,France,Paid Search
C1166,2024-10-19,United States,Email
C1167,2024-05-01,Germany,Organic Search
C1168,2025-05-16,United Kingdom,Social
C1169,2025-03-22,United States,Organic Search
C1170,2024-06-13,Spain,Referral
C1171,2024-03-06,Germany,Referral
C1172,2024-05-24,Germany,Paid Search
C1173,2024-07-25,Germany,Paid Search
C1174,2024-08-10,Germany,Social
C1175,2025-03-25,United States,Organic Search
C1176,2025-06-13,Spain,Social
C1177,2025-02-12,Germany,Social
C1178,2025-04-07,France,Paid Search
C1179,2024-03-09,United Kingdom,Organic Search
C1180,2024-03-22,United States,Referral
C1181,2025-05-11,United States,Organic Search
C1182,2024-12-01,United Kingdom,Social
C1183,2024-05-08,United States,Organic Search
C1184,2025-03-09,France,Organic Search
C1185,2024-04-05,Canada,Organic Search
C1186,2025-10-11,United States,Paid Search
C1187,2025-04-28,United States,Social
C1188,2024-09-24,France,Paid Search
C1189,2024-12-25,United States,Social
C1190,2025-10-05,Spain,Social
C1191,2025-04-26,United Kingdom,Organic Search
C1192,2025-09-09,United States,Organic Search
C1193,2025-07-21,United States,Social
C1194,2024-04-20,Spain,Social
C1195,2024-07-13,United States,Social
C1196,2024-01-31,France,Organic Search
C1197,2025-01-17,United States,Email
C1198,2024-07-21,United States,Organic Search
C1199,2025-01-24,Canada,Social
C1200,2024-02-03,United States,Organic Search
C1201,2024-06-25,United States,Social
C1202,2024-08-04,United Kingdom,Paid Search
C1203,2024-02-17,Canada,Social
C1204,2025-03-29,United States,Organic Search
C1205,2024-11-22,United States,Social
C1206,2025-04-06,Spain,Organic Search
C1207,2025-03-14,France,Social
C1208,2025-06-06,Canada,Organic Search
C1209,2025-04-18,France,Organic Search
C1210,2025-06-13,France,Social
C1211,2025-04-21,United Kingdom,Organic Search
C1212,2025-01-01,United States,Organic Search
C1213,2025-03-24,France,Email
C1214,2024-09-30,France,Email
C1215,2025-06-28,Spain,Email
C1216,2024-03-22,Germany,Paid Search
C1217,2024-03-05,United States,Paid Search
C1218,2025-03-16,United Kingdom,Email
C1219,2024-10-18,Germany,Organic Search
C1220,2024-04-28,United Kingdom,Email
C1221,2024-03-09,Canada,Organic Search
C1222,2025-06-14,Germany,Referral
C1223,2024-05-21,United States,Social
C1224,2025-02-13,Germany,Paid Search
C1225,2025-05-03,Germany,Paid Search
C1226,2024-11-28,Spain,Organic Search
C1227,2025-06-28,United Kingdom,Paid Search
C1228,2024-08-03,Germany,Email
C1229,2024-06-30,United Kingdom,Social
C1230,2025-09-28,Germany,Paid Search
C1231,2024-03-14,United States,Organic Search
C1232,2025-05-13,Canada,Social
C1233,2025-03-02,Spain,Paid Search
C1234,2024-01-19,Germany,Organic Search
C1235,2024-04-12,Germany,Referral
C1236,2025-09-17,United States,Paid Search
C1237,2025-02-07,Germany,Paid Search
C1238,2024-04-29,United Kingdom,Referral
C1239,2025-02-12,France,Paid Search
C1240,2024-09-16,United States,Referral
C1241,2025-01-04,France,Social
C1242,2024-08-19,United States,Social
C1243,2024-09-05,Germany,Organic Search
C1244,2024-08-01,Germany,Organic Search
C1245,2024-03-26,United States,Paid Search
C1246,2024-04-14,United Kingdom,Organic Search
C1247,2024-04-01,Canada,Organic Search
C1248,2025-10-17,Germany,Social
C1249,2024-08-19,United States,Email
C1250,2024-07-26,United Kingdom,Organic Search
C1251,2025-04-13,United States,Email
C1252,2025-04-30,Germany,Referral
C1253,2024-05-07,Germany,Email
C1254,2024-07-13,United States,Email
C1255,2024-08-13,Germany,Social
C1256,2025-04-04,France,Organic Search
C1257,2025-01-02,France,Paid Search
C1258,2024-10-24,United States,Referral
C1259,2024-05-08,United States,Social
C1260,2024-07-29,United Kingdom,Email
C1261,2024-01-16,United States,Referral
C1262,2025-01-20,United Kingdom,Organic Search
C1263,2025-05-17,United States,Paid Search
C1264,2025-10-15,United States,Social
C1265,2024-06-18,France,Organic Search
C1266,2024-09-21,United States,Social
C1267,2025-11-13,France,Email
C1268,2024-08-20,United States,Social
C1269,2025-04-03,Germany,Paid Search
C1270,2024-11-11,United Kingdom,Email
C1271,2024-09-29,Canada,Organic Search
C1272,2024-11-16,Canada,Referral
C1273,2024-05-02,United Kingdom,Organic Search
C1274,2024-08-20,Germany,Email
C1275,2024-06-15,United States,Paid Search
C1276,2025-02-18,Germany,Paid Search
C1277,2024-11-30,United States,Paid Search
C1278,2025-08-09,United Kingdom,Organic Search
C1279,2025-03-25,United States,Paid Search
C1280,2024-09-04,Canada,Email
C1281,2025-06-05,United Kingdom,Email
C1282,2024-11-27,Germany,Organic Search
C1283,2025-04-29,United Kingdom,Social
C1284,2025-11-18,United States,Email
C1285,2024-06-27,United States,Email
C1286,2024-05-22,Spain,Paid Search
C1287,2025-04-02,Canada,Organic Search
C1288,2024-05-06,United States,Referral
C1289,2025-02-15,France,Paid Search
C1290,2024-04-06,United Kingdom,Paid Search
C1291,2025-04-20,United States,Email
C1292,2025-01-12,Germany,Organic Search
C1293,2024-10-12,United States,Email
C1294,2025-08-17,United States,Organic Search
C1295,2024-12-14,France,Email
C1296,2024-07-31,United States,Referral
C1297,2024-08-05,Canada,Referral
C1298,2024-04-21,Germany,Referral
C1299,2024-03-27,Canada,Email
C1300,2025-05-02,Germany,Organic Search
C1301,2025-02-13,Canada,Referral
C1302,2024-08-30,United Kingdom,Referral
C1303,2025-03-30,Germany,Social
C1304,2024-11-28,United Kingdom,Paid Search
C1305,2025-09-12,Spain,Organic Search
C1306,2024-03-02,United States,Social
C1307,2024-10-21,Germany,Social
C1308,2024-02-29,France,Paid Search
C1309,2025-01-09,United Kingdom,Paid Search
C1310,2024-02-06,Canada,Social
C1311,2024-10-08,United Kingdom,Organic Search
C1312,2024-07-19,United States,Referral
C1313,2024-03-12,Germany,Organic Search
C1314,2024-09-15,United Kingdom,Organic Search
C1315,2024-04-19,United States,Organic Search
C1316,2024-05-13,United States,Email
C1317,2025-05-01,United States,Email
C1318,2024-07-10,France,Organic Search
C1319,2024-08-08,Canada,Organic Search
C1320,2024-01-04,Germany,Paid Search
C1321,2025-07-22,United States,Organic Search
C1322,2024-07-11,Germany,Email
C1323,2025-01-28,Canada,Organic Search
C1324,2024-03-06,France,Social
C1325,2025-05-23,United States,Paid Search
C1326,2024-03-11,United States,Paid Search
C1327,2024-12-23,Spain,Paid Search
C1328,2025-06-01,Canada,Organic Search
C1329,2025-03-24,United States,Organic Search
C1330,2025-09-29,Canada,Organic Search
C1331,2025-10-23,United States,Organic Search
C1332,2025-05-24,United States,Referral
C1333,2025-04-01,France,Organic Search
C1334,2024-12-05,Germany,Paid Search
C1335,2025-10-24,United Kingdom,Organic Search
C1336,2024-02-22,Spain,Email
C1337,2024-12-18,Canada,Referral
C1338,2025-06-25,United States,Email
C1339,2024-07-25,Germany,Social
C1340,2025-06-17,France,Email
C1341,2024-10-04,Germany,Paid Search
C1342,2025-08-21,Spain,Email
C1343,2025-07-22,France,Email
C1344,2024-02-29,United States,Organic Search
C1345,2025-04-24,United States,Paid Search
C1346,2025-01-29,Canada,Organic Search
C1347,2024-08-06,Spain,Organic Search
C1348,2025-06-09,United States,Email
C1349,2024-04-10,United States,Organic Search
C1350,2025-03-01,France,Email
C1351,2024-09-04,United States,Referral
C1352,2024-12-07,United States,Paid Search
C1353,2024-01-21,Canada,Paid Search
C1354,2024-11-30,Canada,Social
C1355,2025-01-06,Canada,Email
C1356,2025-06-18,Germany,Organic Search
C1357,2024-07-08,United States,Organic Search
C1358,2024-02-09,Spain,Social
C1359,2024-02-03,United States,Referral
C1360,2025-06-26,United States,Paid Search
C1361,2024-06-12,Canada,Paid Search
C1362,2025-03-30,France,Referral
C1363,2024-04-16,Canada,Organic Search
C1364,2024-03-20,United States,Organic Search
C1365,2024-01-18,Spain,Social
C1366,2025-08-06,Germany,Organic Search
C1367,2024-11-26,France,Organic Search
C1368,2024-06-02,Spain,Social
C1369,2024-09-28,United Kingdom,Social
C1370,2024-05-13,France,Paid Search
C1371,2025-03-13,Germany,Paid Search
C1372,2024-01-15,Canada,Social
C1373,2025-07-05,Canada,Social
C1374,2024-11-05,France,Email
C1375,2025-04-05,United States,Email
C1376,2024-08-07,United States,Social
C1377,2024-02-08,Spain,Referral
C1378,2024-10-28,Spain,Email
C1379,2024-05-27,Spain,Organic Search
C1380,2024-06-15,United States,Referral
C1381,2025-05-19,United Kingdom,Referral
C1382,2025-11-10,France,Paid Search
C1383,2024-05-21,France,Organic Search
C1384,2024-11-19,United States,Social
C1385,2024-10-22,Germany,Paid Search
C1386,2025-06-09,United States,Email
C1387,2025-11-11,United Kingdom,Paid Search
C1388,2025-07-31,United States,Organic Search
C1389,2025-06-05,United States,Organic Search
C1390,2024-01-02,United States,Referral
C1391,2024-01-03,Spain,Organic Search
C1392,2025-03-03,France,Email
C1393,2025-02-08,Spain,Paid Search
C1394,2025-03-28,United Kingdom,Paid Search
C1395,2024-03-17,United Kingdom,Social
C1396,2025-06-11,United Kingdom,Organic Search
C1397,2024-04-03,Germany,Social
C1398,2024-12-08,United Kingdom,Social
C1399,2024-01-05,France,Organic Search
C1400,2024-12-27,Canada,Paid Search
C1401,2025-05-01,Canada,Email
C1402,2024-03-20,United States,Email
C1403,2025-10-06,Germany,Social
C1404,2024-10-29,United States,Email
C1405,2025-05-31,United States,Organic Search
C1406,2024-05-13,France,Organic Search
C1407,2024-05-04,Germany,Social
C1408,2024-01-09,France,Social
C1409,2025-01-20,United States,Email
C1410,2025-04-19,Spain,Organic Search
C1411,2024-01-11,Spain,Paid Search
C1412,2024-09-25,United Kingdom,Social
C1413,2025-01-31,Canada,Organic Search
C1414,2025-03-03,United States,Paid Search
C1415,2025-05-23,France,Social
C1416,2025-01-30,Canada,Organic Search
C1417,2025-05-18,Canada,Paid Search
C1418,2025-06-27,Canada,Organic Search
C1419,2025-05-22,United Kingdom,Referral
C1420,2024-08-27,Canada,Organic Search
C1421,2024-08-10,France,Organic Search
C1422,2024-08-21,United States,Organic Search
C1423,2025-06-04,United States,Organic Search
C1424,2025-07-19,France,Organic Search
C1425,2025-02-15,Germany,Social
C1426,2024-12-07,United Kingdom,Organic Search
C1427,2024-02-03,Spain,Organic Search
C1428,2024-09-22,Germany,Organic Search
C1429,2024-04-16,United Kingdom,Paid Search
C1430,2025-02-02,United Kingdom,Organic Search
C1431,2024-09-01,Germany,Social
C1432,2024-07-14,France,Social
C1433,2024-02-05,Germany,Email
C1434,2024-03-12,United Kingdom,Organic Search
C1435,2025-02-21,France,Email
C1436,2025-04-16,France,Social
C1437,2024-06-08,Canada,Organic Search
C1438,2025-03-28,United States,Paid Search
C1439,2024-10-28,France,Email
C1440,2024-07-10,United Kingdom,Paid Search
C1441,2024-09-03,United States,Paid Search
C1442,2025-01-12,France,Social
C1443,2025-05-12,France,Organic Search
C1444,2024-09-26,Germany,Referral
C1445,2024-07-08,Canada,Organic Search
C1446,2025-02-20,United States,Organic Search
C1447,2024-10-14,United States,Organic Search
C1448,2024-08-01,United Kingdom,Paid Search
C1449,2024-09-08,United Kingdom,Referral
C1450,2025-09-01,France,Email
C1451,2024-03-17,Canada,Referral
C1452,2024-02-01,France,Social
C1453,2024-12-29,United States,Paid Search
C1454,2024-04-05,United Kingdom,Paid Search
C1455,2024-10-17,United States,Organic Search
C1456,2025-03-03,France,Referral
C1457,2024-04-27,United States,Paid Search
C1458,2025-08-06,Germany,Paid Search
C1459,2025-06-19,Canada,Paid Search
C1460,2024-01-20,France,Email
C1461,2025-10-09,United States,Organic Search
C1462,2024-04-01,United States,Social
C1463,2025-05-10,Germany,Social
C1464,2024-08-13,Germany,Email
C1465,2024-01-04,United States,Organic Search
C1466,2025-01-27,Canada,Organic Search
C1467,2024-03-21,United Kingdom,Paid Search
C1468,2024-07-17,United Kingdom,Email
C1469,2024-10-01,United States,Referral
C1470,2025-02-11,United Kingdom,Social
C1471,2024-08-17,United States,Organic Search
C1472,2025-04-14,United States,Organic Search
C1473,2025-08-23,Germany,Social
C1474,2024-07-05,United Kingdom,Organic Search
C1475,2024-07-03,Canada,Social
C1476,2025-03-13,Spain,Email
C1477,2024-12-29,United States,Paid Search
C1478,2024-03-10,United States,Paid Search
C1479,2025-02-14,Canada,Organic Search
C1480,2024-08-15,Spain,Organic Search
C1481,2025-07-31,Canada,Social
C1482,2024-02-23,United States,Paid Search
C1483,2025-06-30,United States,Organic Search
C1484,2024-01-29,United States,Organic Search
C1485,2025-11-20,Canada,Organic Search
C1486,2024-02-05,Germany,Social
C1487,2024-10-03,United Kingdom,Social
C1488,2024-02-27,Germany,Paid Search
C1489,2024-09-26,United States,Paid Search
C1490,2025-04-02,Germany,Organic Search
C1491,2025-09-11,United States,Paid Search
C1492,2025-09-03,Germany,Organic Search
C1493,2024-03-06,France,Referral
C1494,2025-06-02,France,Organic Search
C1495,2024-07-24,United States,Paid Search
C1496,2025-09-02,Canada,Organic Search
C1497,2025-05-06,France,Email
C1498,2024-12-09,United States,Organic Search
C1499,2025-02-06,United States,Referral
C1500,2024-04-10,Germany,Organic Search
C1501,2024-09-08,United States,Email
C1502,2025-09-02,United States,Social
C1503,2025-07-01,United States,Organic Search
C1504,2025-08-06,United States,Organic Search
C1505,2025-03-30,United Kingdom,Paid Search
C1506,2025-05-24,Germany,Email
C1507,2025-03-26,United States,Email
C1508,2025-05-25,France,Organic Search
C1509,2025-06-30,United States,Paid Search
C1510,2024-04-18,United States,Organic Search
C1511,2025-04-12,United States,Organic Search
C1512,2024-12-05,Canada,Social
C1513,2025-04-14,Spain,Paid Search
C1514,2024-12-15,United Kingdom,Organic Search
C1515,2024-03-09,United States,Email
C1516,2024-11-03,United States,Email
C1517,2025-02-19,United States,Email
C1518,2024-03-09,Canada,Organic Search
C1519,2024-10-02,United States,Referral
C1520,2024-12-23,Spain,Social
C1521,2024-09-10,Germany,Paid Search
C1522,2025-03-13,United Kingdom,Organic Search
C1523,2024-03-10,Canada,Referral
C1524,2024-07-07,United States,Social
C1525,2025-06-04,France,Email
C1526,2024-10-08,United States,Social
C1527,2024-04-09,Canada,Email
C1528,2024-03-04,Germany,Social
C1529,2024-11-20,United States,Referral
C1530,2025-05-24,Canada,Organic Search
C1531,2024-01-27,United States,Organic Search
C1532,2024-02-29,United States,Social
C1533,2024-07-24,Canada,Paid Search
C1534,2024-04-23,United Kingdom,Social
C1535,2024-03-07,Canada,Social
C1536,2024-06-12,Germany,Social
C1537,2024-12-17,Germany,Email
C1538,2025-03-27,United States,Paid Search
C1539,2025-07-24,United States,Email
C1540,2025-01-18,Spain,Organic Search
C1541,2025-03-26,United States,Social
C1542,2025-06-02,Germany,Referral
C1543,2025-04-11,United States,Organic Search
C1544,2024-04-10,United States,Paid Search
C1545,2025-01-09,Germany,Paid Search
C1546,2025-02-14,Canada,Social
C1547,2025-04-07,France,Paid Search
C1548,2024-08-08,Canada,Organic Search
C1549,2025-09-23,United States,Referral
C1550,2024-01-15,United Kingdom,Organic Search
C1551,2024-09-01,United States,Social
C1552,2025-06-11,France,Social
C1553,2024-03-27,United States,Organic Search
C1554,2024-03-23,Germany,Organic Search
C1555,2025-01-17,United States,Referral
C1556,2024-10-06,Canada,Social
C1557,2024-09-05,Canada,Organic Search
C1558,2024-05-15,Canada,Email
C1559,2024-04-03,United States,Paid Search
C1560,2025-02-07,Spain,Organic Search
C1561,2024-07-14,United States,Social
C1562,2025-02-28,United States,Paid Search
C1563,2024-08-30,United States,Organic Search
C1564,2024-08-05,United States,Email
C1565,2024-05-05,Germany,Paid Search
C1566,2024-12-26,United States,Organic Search
C1567,2024-06-04,United Kingdom,Organic Search
C1568,2025-05-12,Germany,Email
C1569,2024-08-11,Canada,Social
C1570,2025-03-21,France,Referral
C1571,2024-09-14,Germany,Organic Search
C1572,2024-08-14,United States,Email
C1573,2024-09-04,Canada,Social
C1574,2024-08-29,United States,Paid Search
C1575,2025-08-22,United States,Organic Search
C1576,2025-04-30,United States,Email
C1577,2025-09-30,France,Organic Search
C1578,2024-01-19,United Kingdom,Social
C1579,2025-06-11,Germany,Social
C1580,2025-06-04,United Kingdom,Organic Search
C1581,2025-01-12,United Kingdom,Referral
C1582,2024-04-22,United Kingdom,Email
C1583,2025-08-06,United States,Paid Search
C1584,2025-10-22,United Kingdom,Social
C1585,2025-06-23,Germany,Paid Search
C1586,2024-03-24,Germany,Email
C1587,2024-02-13,United States,Organic Search
C1588,2024-06-05,France,Paid Search
C1589,2024-02-19,United States,Paid Search
C1590,2024-12-10,United States,Paid Search
C1591,2025-02-07,United States,Paid Search
C1592,2024-04-10,United Kingdom,Organic Search
C1593,2024-10-13,United States,Referral
C1594,2024-06-14,France,Organic Search
C1595,2024-02-13,United States,Organic Search
C1596,2024-09-12,France,Paid Search
C1597,2025-01-16,United States,Social
C1598,2024-05-04,Germany,Organic Search
C1599,2025-03-07,Canada,Social
C1600,2025-06-26,United Kingdom,Email
C1601,2025-06-10,United States,Organic Search
C1602,2024-03-30,Germany,Referral
C1603,2024-06-07,Spain,Paid Search
C1604,2025-04-09,Spain,Social
C1605,2024-03-18,United States,Organic Search
C1606,2024-09-14,France,Social
C1607,2025-09-01,United Kingdom,Email
C1608,2024-03-11,United States,Organic Search
C1609,2024-01-23,France,Organic Search
C1610,2024-03-05,United Kingdom,Organic Search
C1611,2024-01-31,Germany,Organic Search
C1612,2024-09-30,Canada,Referral
C1613,2025-05-27,United States,Social
C1614,2024-07-12,France,Social
C1615,2025-07-15,United Kingdom,Referral
C1616,2024-05-08,United States,Email
C1617,2025-06-20,United Kingdom,Email
C1618,2025-11-13,Spain,Paid Search
C1619,2024-12-20,United Kingdom,Paid Search
C1620,2024-09-10,United States,Paid Search
C1621,2024-03-28,France,Paid Search
C1622,2025-05-23,Spain,Paid Search
C1623,2024-01-01,Spain,Organic Search
C1624,2024-03-30,Germany,Paid Search
C1625,2025-01-06,United Kingdom,Paid Search
C1626,2024-04-10,Germany,Paid Search
C1627,2024-02-29,Canada,Organic Search
C1628,2024-11-22,Canada,Paid Search
C1629,2024-01-15,Canada,Paid Search
C1630,2024-05-27,United Kingdom,Email
C1631,2024-12-17,United States,Social
C1632,2025-07-02,Germany,Organic Search
C1633,2025-02-19,United States,Organic Search
C1634,2024-02-21,United States,Paid Search
C1635,2025-09-15,United Kingdom,Organic Search
C1636,2024-02-11,Germany,Paid Search
C1637,2025-02-04,Canada,Referral
C1638,2025-02-15,Canada,Organic Search
C1639,2025-03-10,Canada,Paid Search
C1640,2024-06-03,France,Email
C1641,2024-05-09,France,Paid Search
C1642,2025-06-19,United States,Organic Search
C1643,2025-02-03,Germany,Organic Search
C1644,2024-04-10,United States,Referral
C1645,2024-01-16,United States,Organic Search
C1646,2024-07-12,United States,Social
C1647,2024-12-29,Canada,Email
C1648,2024-07-24,France,Organic Search
C1649,2025-03-17,Spain,Email
C1650,2024-09-30,Spain,Organic Search
C1651,2025-06-26,Canada,Organic Search
C1652,2025-04-21,United States,Paid Search
C1653,2024-09-14,Canada,Referral
C1654,2025-04-01,Canada,Organic Search
C1655,2024-09-02,Canada,Organic Search
C1656,2024-01-06,United States,Referral
C1657,2024-06-17,United States,Organic Search
C1658,2024-08-11,Spain,Email
C1659,2025-06-18,United States,Social
C1660,2025-03-28,United Kingdom,Social
C1661,2024-03-21,United Kingdom,Email
C1662,2024-01-01,United States,Email
C1663,2024-10-16,United States,Organic Search
C1664,2024-10-18,Spain,Referral
C1665,2025-02-06,Canada,Referral
C1666,2025-07-15,Spain,Referral
C1667,2025-03-20,United States,Social
C1668,2024-08-13,United States,Paid Search
C1669,2024-07-02,United Kingdom,Social
C1670,2024-08-17,United Kingdom,Organic Search
C1671,2025-05-31,United States,Paid Search
C1672,2024-08-02,France,Social
C1673,2025-09-05,Spain,Social
C1674,2025-11-02,Germany,Paid Search
C1675,2024-01-11,United Kingdom,Paid Search
C1676,2024-10-20,United Kingdom,Social
C1677,2025-01-22,United States,Paid Search
C1678,2025-05-09,United States,Referral
C1679,2024-02-03,United Kingdom,Social
C1680,2025-10-04,United Kingdom,Organic Search
C1681,2025-03-14,Germany,Organic Search
C1682,2024-07-11,Canada,Social
C1683,2025-02-12,United States,Paid Search
C1684,2024-09-26,United States,Email
C1685,2024-12-25,United States,Organic Search
C1686,2025-08-07,United States,Organic Search
C1687,2024-04-06,Germany,Paid Search
C1688,2025-03-29,Canada,Email
C1689,2024-04-28,Canada,Referral
C1690,2025-07-03,Germany,Referral
C1691,2025-04-29,United Kingdom,Paid Search
C1692,2025-05-27,United States,Email
C1693,2024-11-29,United Kingdom,Organic Search
C1694,2024-11-13,United States,Social
C1695,2025-08-02,Canada,Referral
C1696,2024-11-30,United Kingdom,Paid Search
C1697,2025-09-14,United States,Referral
C1698,2024-10-09,United States,Organic Search
C1699,2024-12-24,United States,Organic Search
C1700,2024-10-30,Spain,Paid Search
C1701,2025-04-25,United States,Referral
C1702,2024-12-31,United States,Paid Search
C1703,2024-07-29,United States,Email
C1704,2024-12-24,Canada,Organic Search
C1705,2024-05-05,Germany,Email
C1706,2025-07-08,Germany,Social
C1707,2025-03-28,United Kingdom,Organic Search
C1708,2024-11-14,United States,Social
C1709,2024-01-30,Canada,Social
C1710,2024-07-12,United States,Paid Search
C1711,2025-06-22,United States,Organic Search
C1712,2024-12-14,Germany,Organic Search
C1713,2025-04-20,United States,Referral
C1714,2024-10-26,United States,Social
C1715,2024-01-24,Canada,Email
C1716,2024-04-08,United Kingdom,Social
C1717,2024-02-20,United States,Email
C1718,2025-02-05,United Kingdom,Organic Search
C1719,2025-02-17,France,Paid Search
C1720,2024-09-06,United States,Social
C1721,2025-01-31,United States,Organic Search
C1722,2024-10-28,Germany,Organic Search
C1723,2025-02-08,Germany,Social
C1724,2025-09-25,Spain,Email
C1725,2024-09-06,United Kingdom,Social
C1726,2024-12-23,United States,Organic Search
C1727,2024-06-23,Germany,Referral
C1728,2025-02-13,Germany,Organic Search
C1729,2025-05-14,United States,Organic Search
C1730,2024-04-23,Germany,Referral
C1731,2024-12-30,United States,Email
C1732,2024-03-01,Canada,Referral
C1733,2025-08-05,Canada,Email
C1734,2025-01-01,United Kingdom,Social
C1735,2024-05-31,Spain,Organic Search
C1736,2024-05-09,Spain,Paid Search
C1737,2025-08-06,United States,Referral
C1738,2024-03-03,United Kingdom,Email
C1739,2024-12-08,Germany,Paid Search
C1740,2024-03-12,United States,Paid Search
C1741,2024-07-01,United Kingdom,Paid Search
C1742,2024-06-20,United States,Paid Search
C1743,2025-06-13,Spain,Email
C1744,2025-06-26,United Kingdom,Organic Search
C1745,2025-06-14,France,Paid Search
C1746,2024-03-27,United Kingdom,Referral
C1747,2025-02-04,United States,Social
C1748,2024-06-12,Canada,Paid Search
C1749,2024-12-18,United States,Paid Search
C1750,2025-05-18,United States,Organic Search
C1751,2024-03-30,United Kingdom,Organic Search
C1752,2025-06-10,France,Organic Search
C1753,2024-01-29,United Kingdom,Organic Search
C1754,2024-05-05,United States,Organic Search
C1755,2024-10-04,United States,Paid Search
C1756,2025-04-26,United States,Organic Search
C1757,2024-10-29,United States,Referral
C1758,2024-03-16,Germany,Organic Search
C1759,2024-05-16,United States,Paid Search
C1760,2025-02-20,United States,Email
C1761,2024-11-03,Germany,Organic Search
C1762,2025-06-03,France,Paid Search
C1763,2025-08-26,United States,Email
C1764,2024-08-10,United States,Social
C1765,2024-01-01,United States,Organic Search
C1766,2024-05-15,Spain,Email
C1767,2025-05-26,United States,Social
C1768,2025-01-20,United States,Paid Search
C1769,2024-02-08,United Kingdom,Organic Search
C1770,2025-06-03,United States,Organic Search
C1771,2024-07-08,United States,Email
C1772,2024-09-11,United States,Paid Search
C1773,2024-09-05,Germany,Organic Search
C1774,2025-01-16,Germany,Paid Search
C1775,2025-06-30,Germany,Referral
C1776,2024-01-26,France,Organic Search
C1777,2025-09-25,United States,Organic Search
C1778,2025-05-05,Spain,Paid Search
C1779,2024-04-01,France,Social
C1780,2024-07-16,Canada,Paid Search
C1781,2024-12-08,France,Referral
C1782,2024-03-31,United Kingdom,Organic Search
C1783,2025-04-15,United States,Paid Search
C1784,2024-05-03,United Kingdom,Paid Search
C1785,2024-10-18,United States,Paid Search
C1786,2024-07-04,United Kingdom,Paid Search
C1787,2024-12-31,United States,Email
C1788,2024-04-18,United States,Paid Search
C1789,2024-02-23,Spain,Email
C1790,2024-10-06,France,Organic Search
C1791,2025-04-18,Germany,Social
C1792,2024-12-12,United Kingdom,Paid Search
C1793,2025-02-17,Germany,Social
C1794,2024-08-25,Canada,Organic Search
C1795,2024-03-17,Germany,Referral
C1796,2025-08-13,Germany,Referral
C1797,2025-06-24,United Kingdom,Email
C1798,2025-03-03,United Kingdom,Referral
C1799,2025-01-19,France,Organic Search
C1800,2024-06-13,Spain,Paid Search
C1801,2024-11-24,United Kingdom,Paid Search
C1802,2024-12-06,United Kingdom,Referral
C1803,2024-12-23,United Kingdom,Organic Search
C1804,2025-05-03,United Kingdom,Organic Search
C1805,2025-01-07,Spain,Social
C1806,2024-05-01,France,Organic Search
C1807,2024-05-01,United Kingdom,Email
C1808,2024-12-05,United Kingdom,Organic Search
C1809,2025-10-28,United Kingdom,Social
C1810,2025-06-02,United States,Email
C1811,2025-09-14,Germany,Social
C1812,2024-10-16,Canada,Organic Search
C1813,2025-03-22,France,Organic Search
C1814,2025-06-18,United States,Organic Search
C1815,2024-01-16,France,Organic Search
C1816,2024-06-18,France,Social
C1817,2024-07-01,United States,Paid Search
C1818,2024-11-04,Germany,Organic Search
C1819,2025-07-22,Germany,Organic Search
C1820,2024-06-19,Canada,Referral
C1821,2024-01-14,United States,Organic Search
C1822,2024-01-03,United States,Paid Search
C1823,2024-09-03,United Kingdom,Paid Search
C1824,2025-06-29,United States,Organic Search
C1825,2024-06-10,United Kingdom,Referral
C1826,2024-05-11,Canada,Organic Search
C1827,2024-05-24,United States,Social
C1828,2025-06-16,United Kingdom,Social
C1829,2024-12-29,Spain,Email
C1830,2024-12-23,United Kingdom,Social
C1831,2025-07-03,United Kingdom,Email
C1832,2025-11-04,Germany,Paid Search
C1833,2024-04-17,United States,Paid Search
C1834,2025-06-13,United States,Social
C1835,2025-06-04,France,Social
C1836,2024-11-06,United Kingdom,Paid Search
C1837,2025-04-19,United States,Organic Search
C1838,2025-06-30,United States,Organic Search
C1839,2024-11-13,Canada,Paid Search
C1840,2025-10-11,United States,Organic Search
C1841,2024-11-19,France,Paid Search
C1842,2024-10-13,United Kingdom,Organic Search
C1843,2024-07-02,Germany,Social
C1844,2025-09-22,United States,Social
C1845,2024-05-26,United States,Social
C1846,2024-04-16,Germany,Social
C1847,2025-07-18,France,Organic Search
C1848,2025-06-02,United States,Organic Search
C1849,2025-05-25,United Kingdom,Social
C1850,2024-05-20,United Kingdom,Email
C1851,2025-03-13,United States,Social
C1852,2024-08-25,Germany,Social
C1853,2024-07-04,United States,Social
C1854,2025-07-10,United Kingdom,Email
C1855,2025-03-24,United States,Email
C1856,2024-10-08,United Kingdom,Email
C1857,2024-09-02,United States,Organic Search
C1858,2024-12-25,United Kingdom,Organic Search
C1859,2025-03-15,United Kingdom,Paid Search
C1860,2024-12-24,Spain,Paid Search
C1861,2024-09-12,United Kingdom,Email
C1862,2025-05-03,Canada,Paid Search
C1863,2025-11-02,United States,Organic Search
C1864,2025-06-12,United Kingdom,Email
C1865,2024-02-19,United States,Organic Search
C1866,2025-05-02,United Kingdom,Email
C1867,2024-04-15,France,Organic Search
C1868,2024-12-05,Canada,Paid Search
C1869,2024-12-25,Germany,Paid Search
C1870,2024-04-22,Germany,Paid Search
C1871,2024-01-05,United States,Organic Search
C1872,2025-05-31,United States,Organic Search
C1873,2025-05-02,Canada,Paid Search
C1874,2024-04-05,United States,Paid Search
C1875,2024-11-24,United States,Email
C1876,2024-03-23,Spain,Organic Search
C1877,2024-11-05,Spain,Paid Search
C1878,2024-06-22,Germany,Organic Search
C1879,2025-02-15,United Kingdom,Referral
C1880,2024-11-09,Canada,Email
C1881,2024-09-29,United States,Referral
C1882,2025-01-07,United Kingdom,Referral
C1883,2024-09-17,United Kingdom,Paid Search
C1884,2025-06-03,Spain,Social
C1885,2024-11-21,Spain,Paid Search
C1886,2025-10-13,Germany,Referral
C1887,2024-09-25,United States,Paid Search
C1888,2024-04-05,United Kingdom,Paid Search
C1889,2024-01-05,United States,Referral
C1890,2024-06-11,Canada,Email
C1891,2025-10-11,United States,Referral
C1892,2024-06-25,United States,Organic Search
C1893,2025-06-07,France,Organic Search
C1894,2024-06-30,United Kingdom,Paid Search
C1895,2024-08-21,Canada,Paid Search
C1896,2025-02-19,United States,Paid Search
C1897,2024-12-01,Canada,Paid Search
C1898,2024-01-23,United States,Email
C1899,2024-02-11,United States,Organic Search
C1900,2024-04-17,United Kingdom,Social
C1901,2025-04-21,United States,Email
C1902,2024-01-13,Germany,Social
C1903,2024-02-09,United States,Paid Search
C1904,2025-03-01,United States,Organic Search
C1905,2024-12-06,France,Organic Search
C1906,2025-06-22,United States,Email
C1907,2024-04-30,Germany,Paid Search
C1908,2024-12-26,France,Organic Search
C1909,2024-03-14,United States,Referral
C1910,2024-11-18,France,Social
C1911,2024-02-28,United States,Email
C1912,2025-05-11,United Kingdom,Paid Search
C1913,2024-08-15,United States,Referral
C1914,2024-05-19,Canada,Organic Search
C1915,2025-06-22,Germany,Organic Search
C1916,2025-06-12,United Kingdom,Referral
C1917,2025-03-13,Spain,Referral
C1918,2024-10-05,United States,Paid Search
C1919,2025-01-11,Canada,Organic Search
C1920,2025-07-16,France,Paid Search
C1921,2025-04-27,Spain,Email
C1922,2024-09-03,Spain,Email
C1923,2024-08-16,Spain,Paid Search
C1924,2024-09-06,United States,Organic Search
C1925,2024-06-11,Canada,Social
C1926,2024-06-23,Canada,Email
C1927,2024-03-17,Germany,Paid Search
C1928,2024-09-23,United States,Social
C1929,2024-09-16,Spain,Referral
C1930,2025-08-05,United States,Organic Search
C1931,2025-06-23,United Kingdom,Social
C1932,2024-03-02,Germany,Social
C1933,2025-05-12,United States,Social
C1934,2025-04-19,France,Email
C1935,2024-01-13,United States,Social
C1936,2025-01-18,France,Paid Search
C1937,2024-04-24,Canada,Organic Search
C1938,2024-01-23,United Kingdom,Social
C1939,2025-10-27,France,Organic Search
C1940,2025-06-21,United States,Organic Search
C1941,2024-06-12,Canada,Paid Search
C1942,2024-02-22,Spain,Social
C1943,2024-03-18,United States,Referral
C1944,2024-02-03,France,Social
C1945,2025-04-05,United Kingdom,Email
C1946,2024-02-02,Germany,Paid Search
C1947,2025-02-19,France,Paid Search
C1948,2024-03-26,United Kingdom,Referral
C1949,2025-11-06,Germany,Paid Search
C1950,2025-04-08,United States,Email
C1951,2024-12-10,United Kingdom,Paid Search
C1952,2025-03-29,Canada,Organic Search
C1953,2024-06-12,United States,Social
C1954,2025-03-04,Germany,Organic Search
C1955,2025-07-09,United States,Organic Search
C1956,2024-12-02,Canada,Organic Search
C1957,2025-05-17,Germany,Organic Search
C1958,2025-01-30,United Kingdom,Paid Search
C1959,2024-05-27,United States,Referral
C1960,2025-02-07,United Kingdom,Paid Search
C1961,2025-04-28,Spain,Email
C1962,2025-05-01,United Kingdom,Social
C1963,2025-02-08,United Kingdom,Organic Search
C1964,2025-02-04,France,Organic Search
C1965,2025-03-05,United Kingdom,Referral
C1966,2025-02-06,United Kingdom,Social
C1967,2024-03-14,United States,Referral
C1968,2025-03-15,United States,Paid Search
C1969,2024-04-08,France,Social
C1970,2024-10-31,Canada,Email
C1971,2024-07-04,Spain,Referral
C1972,2024-04-26,Canada,Organic Search
C1973,2024-06-03,United Kingdom,Referral
C1974,2024-02-16,United States,Paid Search
C1975,2024-08-28,Germany,Email
C1976,2024-08-17,Spain,Social
C1977,2024-08-08,France,Social
C1978,2024-02-20,United Kingdom,Paid Search
C1979,2024-11-27,France,Email
C1980,2024-04-02,France,Organic Search
C1981,2025-04-13,Spain,Paid Search
C1982,2024-01-14,France,Social
C1983,2024-01-31,United Kingdom,Email
C1984,2024-06-13,United States,Paid Search
C1985,2024-08-11,United Kingdom,Social
C1986,2025-06-14,United States,Paid Search
C1987,2024-10-14,Spain,Social
C1988,2025-08-05,United Kingdom,Social
C1989,2025-04-03,United Kingdom,Social
C1990,2024-05-11,United Kingdom,Email
C1991,2025-05-05,Germany,Social
C1992,2024-08-08,Germany,Organic Search
C1993,2025-07-25,United States,Social
C1994,2024-06-13,Canada,Organic Search
C1995,2024-01-06,United Kingdom,Organic Search
C1996,2025-01-03,United Kingdom,Email
C1997,2024-11-11,United States,Paid Search
C1998,2024-12-13,Germany,Paid Search
C1999,2024-12-22,France,Referral
C2000,2024-01-15,Canada,Organic Search
C2001,2025-04-25,United States,Organic Search
C2002,2024-10-06,Spain,Organic Search
C2003,2025-01-13,France,Organic Search
C2004,2024-01-20,United States,Email
C2005,2025-02-20,United States,Email
C2006,2025-01-05,United States,Social
C2007,2024-07-20,Canada,Organic Search
C2008,2025-05-26,United States,Paid Search
C2009,2024-12-21,United Kingdom,Organic Search
C2010,2025-05-11,France,Social
C2011,2025-03-25,Canada,Social
C2012,2024-04-22,Germany,Organic Search
C2013,2025-06-29,France,Email
C2014,2025-02-10,United States,Email
C2015,2024-04-13,Canada,Paid Search
C2016,2025-10-16,United States,Social
C2017,2024-08-22,United States,Social
C2018,2025-04-17,Spain,Organic Search
C2019,2024-04-04,United States,Organic Search
C2020,2024-05-22,United States,Social
C2021,2024-07-09,Germany,Referral
C2022,2024-09-03,United States,Social
C2023,2024-12-11,United States,Social
C2024,2024-05-01,Germany,Social
C2025,2025-10-01,France,Paid Search
C2026,2024-01-14,Canada,Organic Search
C2027,2024-06-30,United States,Paid Search
C2028,2024-12-26,Germany,Referral
C2029,2024-05-24,Canada,Email
C2030,2024-08-24,United States,Referral
C2031,2024-11-27,United States,Organic Search
C2032,2024-05-15,United States,Paid Search
C2033,2025-11-14,Germany,Social
C2034,2025-04-08,United States,Organic Search
C2035,2025-06-15,France,Organic Search
C2036,2024-09-28,Spain,Email
C2037,2024-07-06,United States,Social
C2038,2025-06-28,Germany,Social
C2039,2025-10-05,United States,Organic Search
C2040,2025-03-09,United States,Paid Search
C2041,2025-07-02,France,Organic Search
C2042,2025-04-20,United Kingdom,Organic Search
C2043,2024-10-15,Spain,Paid Search
C2044,2025-02-27,Germany,Paid Search
C2045,2025-03-27,United States,Referral
C2046,2024-02-27,United Kingdom,Paid Search
C2047,2024-02-24,United States,Organic Search
C2048,2024-02-05,Canada,Organic Search
C2049,2025-09-20,France,Email
C2050,2025-05-15,United Kingdom,Organic Search
C2051,2024-01-17,Germany,Organic Search
C2052,2024-03-16,France,Paid Search
C2053,2024-09-22,Canada,Organic Search
C2054,2025-08-07,United States,Social
C2055,2024-02-26,United States,Paid Search
C2056,2024-11-29,United States,Organic Search
C2057,2025-05-10,United Kingdom,Email
C2058,2024-04-25,United Kingdom,Paid Search
C2059,2024-01-02,United States,Social
C2060,2024-05-03,United Kingdom,Organic Search
C2061,2024-04-10,United Kingdom,Social
C2062,2024-09-12,United States,Organic Search
C2063,2024-02-28,Spain,Paid Search
C2064,2024-07-16,Germany,Paid Search
C2065,2025-06-21,United Kingdom,Referral
C2066,2025-01-05,United Kingdom,Organic Search
C2067,2024-09-13,United States,Referral
C2068,2024-02-11,Canada,Referral
C2069,2024-01-24,Germany,Paid Search
C2070,2025-08-24,United Kingdom,Paid Search
C2071,2024-11-19,Spain,Paid Search
C2072,2024-04-05,Canada,Referral
C2073,2024-06-25,Canada,Social
C2074,2024-11-27,United States,Social
C2075,2024-09-14,United States,Organic Search
C2076,2024-03-04,France,Email
C2077,2024-08-02,United Kingdom,Organic Search
C2078,2024-04-18,France,Organic Search
C2079,2025-05-21,France,Organic Search
C2080,2025-03-15,United States,Paid Search
C2081,2024-06-19,United States,Referral
C2082,2024-05-08,United Kingdom,Email
C2083,2024-03-14,United States,Organic Search
C2084,2025-02-07,France,Paid Search
C2085,2025-05-17,France,Email
C2086,2024-05-29,United Kingdom,Paid Search
C2087,2024-12-15,France,Organic Search
C2088,2024-05-08,United Kingdom,Paid Search
C2089,2025-05-16,France,Social
C2090,2024-06-12,United States,Referral
C2091,2024-02-22,France,Social
C2092,2025-04-26,France,Organic Search
C2093,2025-06-01,United States,Social
C2094,2024-08-05,Germany,Organic Search
C2095,2025-05-11,Canada,Email
C2096,2024-05-13,United States,Paid Search
C2097,2024-05-28,France,Organic Search
C2098,2024-10-20,Spain,Paid Search
C2099,2024-11-24,Canada,Organic Search
C2100,2024-07-29,United Kingdom,Organic Search
C2101,2025-03-13,Germany,Social
C2102,2025-03-08,Spain,Email
C2103,2024-03-07,Germany,Email
C2104,2025-06-25,United States,Paid Search
C2105,2024-03-28,United States,Organic Search
C2106,2024-10-15,Canada,Paid Search
C2107,2024-08-19,United Kingdom,Paid Search
C2108,2024-09-04,United States,Organic Search
C2109,2025-06-23,United Kingdom,Referral
C2110,2024-07-06,France,Referral
C2111,2024-01-17,United Kingdom,Organic Search
C2112,2025-06-16,Canada,Email
C2113,2024-03-19,France,Social
C2114,2024-09-21,Spain,Organic Search
C2115,2024-04-28,Canada,Social
C2116,2024-04-07,United States,Organic Search
C2117,2024-08-01,Germany,Organic Search
C2118,2025-06-14,United States,Referral
C2119,2024-09-18,Spain,Social
C2120,2025-11-14,United States,Organic Search
C2121,2025-03-28,France,Paid Search
C2122,2024-08-26,Canada,Referral
C2123,2025-11-03,United States,Paid Search
C2124,2025-07-31,Canada,Referral
C2125,2024-10-01,United States,Email
C2126,2025-01-07,United Kingdom,Paid Search
C2127,2024-11-18,United Kingdom,Social
C2128,2025-03-29,United Kingdom,Social
C2129,2024-03-30,Germany,Email
C2130,2024-09-29,Spain,Paid Search
C2131,2024-12-29,United States,Organic Search
C2132,2025-07-28,Germany,Organic Search
C2133,2025-04-19,Canada,Social
C2134,2024-06-13,France,Email
C2135,2024-06-13,United States,Email
C2136,2025-07-27,Spain,Social
C2137,2025-09-26,United States,Organic Search
C2138,2024-03-05,Germany,Organic Search
C2139,2024-03-19,Germany,Email
C2140,2025-03-01,Canada,Social
C2141,2024-04-23,United States,Email
C2142,2024-02-27,United States,Organic Search
C2143,2024-05-24,France,Paid Search
C2144,2024-08-05,United States,Referral
C2145,2024-01-19,United Kingdom,Organic Search
C2146,2025-04-01,France,Organic Search
C2147,2024-03-05,Germany,Social
C2148,2024-08-09,United States,Social
C2149,2024-04-20,United States,Referral
C2150,2024-06-10,Spain,Referral
C2151,2024-01-25,United Kingdom,Email
C2152,2025-06-02,United States,Organic Search
C2153,2025-05-27,United States,Paid Search
C2154,2025-06-22,United Kingdom,Referral
C2155,2024-04-17,Spain,Paid Search
C2156,2025-11-01,United States,Referral
C2157,2025-08-11,United States,Social
C2158,2024-02-03,United Kingdom,Organic Search
C2159,2024-03-15,United States,Paid Search
C2160,2024-08-14,United States,Social
C2161,2024-11-01,Spain,Organic Search
C2162,2024-12-11,France,Paid Search
C2163,2024-03-24,United States,Social
C2164,2025-08-04,United Kingdom,Organic Search
C2165,2024-05-22,United States,Paid Search
C2166,2024-10-19,United States,Social
C2167,2024-06-24,Germany,Email
C2168,2024-04-21,United Kingdom,Paid Search
C2169,2025-03-21,France,Referral
C2170,2024-11-07,Canada,Referral
C2171,2024-09-16,United States,Paid Search
C2172,2024-03-14,Spain,Organic Search
C2173,2024-02-08,United Kingdom,Email
C2174,2025-03-11,United States,Organic Search
C2175,2025-06-13,Canada,Email
C2176,2025-09-09,United States,Social
C2177,2024-01-22,Germany,Paid Search
C2178,2024-09-20,France,Social
C2179,2024-06-02,United States,Social
C2180,2024-01-30,Canada,Referral
C2181,2024-03-18,United States,Organic Search
C2182,2024-09-30,Canada,Referral
C2183,2025-08-13,United States,Organic Search
C2184,2024-11-04,United States,Email
C2185,2025-01-14,United Kingdom,Referral
C2186,2024-05-25,Canada,Paid Search
C2187,2024-06-05,United States,Organic Search
C2188,2025-01-05,Canada,Email
C2189,2024-04-17,United States,Email
C2190,2024-02-11,United Kingdom,Paid Search
C2191,2025-04-11,United Kingdom,Paid Search
C2192,2024-04-24,United States,Email
C2193,2024-03-07,Spain,Organic Search
C2194,2025-02-07,United Kingdom,Social
C2195,2024-10-17,France,Paid Search
C2196,2024-03-21,Germany,Organic Search
C2197,2025-04-10,United Kingdom,Email
C2198,2024-05-14,Germany,Paid Search
C2199,2025-09-25,Canada,Referral
C2200,2024-12-22,France,Social
C2201,2025-03-29,Germany,Paid Search
C2202,2025-02-02,Germany,Paid Search
C2203,2025-01-19,Germany,Paid Search
C2204,2024-01-29,United Kingdom,Email
C2205,2025-05-28,Germany,Social
C2206,2024-03-10,United Kingdom,Email
C2207,2024-05-18,France,Paid Search
C2208,2024-09-01,Spain,Organic Search
C2209,2025-07-20,Spain,Organic Search
C2210,2024-11-20,Canada,Email
C2211,2024-01-29,Germany,Paid Search
C2212,2024-09-05,France,Paid Search
C2213,2024-07-10,United States,Paid Search
C2214,2024-12-19,United Kingdom,Paid Search
C2215,2024-10-11,United States,Social
C2216,2025-02-17,United States,Social
C2217,2024-03-30,Spain,Referral
C2218,2025-06-03,Canada,Organic Search
C2219,2024-08-02,United Kingdom,Social
C2220,2024-07-10,United States,Organic Search
C2221,2025-09-03,France,Email
C2222,2024-03-30,United Kingdom,Social
C2223,2025-03-21,Canada,Paid Search
C2224,2024-05-24,Spain,Email
C2225,2025-11-08,United Kingdom,Paid Search
C2226,2024-03-22,United States,Organic Search
C2227,2025-04-17,United States,Paid Search
C2228,2025-08-08,United States,Organic Search
C2229,2025-09-14,United Kingdom,Referral
C2230,2025-04-22,United States,Email
C2231,2024-03-11,United States,Email
C2232,2024-07-08,United States,Email
C2233,2025-06-02,United States,Email
C2234,2024-03-22,France,Paid Search
C2235,2024-02-26,United States,Organic Search
C2236,2024-10-12,Canada,Paid Search
C2237,2024-01-14,United States,Referral
C2238,2025-06-26,United States,Referral
C2239,2025-05-09,United States,Email
C2240,2025-07-03,France,Organic Search
C2241,2024-04-04,United States,Organic Search
C2242,2025-03-01,United Kingdom,Email
C2243,2024-10-11,United States,Organic Search
C2244,2025-03-26,Spain,Social
C2245,2025-06-13,United States,Paid Search
C2246,2024-08-07,United Kingdom,Paid Search
C2247,2024-05-18,Canada,Social
C2248,2024-12-04,United States,Referral
C2249,2025-09-18,United States,Email
C2250,2024-08-24,Canada,Paid Search
C2251,2025-07-22,United States,Paid Search
C2252,2024-05-23,United States,Referral
C2253,2025-08-30,United Kingdom,Social
C2254,2024-08-21,United States,Paid Search
C2255,2024-09-07,Spain,Social
C2256,2024-02-22,Germany,Organic Search
C2257,2025-04-26,Germany,Organic Search
C2258,2025-01-21,United States,Email
C2259,2025-05-17,France,Social
C2260,2025-03-29,France,Organic Search
C2261,2024-12-04,United States,Paid Search
C2262,2025-07-24,Canada,Referral
C2263,2024-12-23,Germany,Social
C2264,2024-11-05,Canada,Social
C2265,2025-05-20,United States,Organic Search
C2266,2024-05-06,United States,Referral
C2267,2024-01-15,France,Referral
C2268,2024-03-10,Canada,Social
C2269,2024-04-05,United Kingdom,Paid Search
C2270,2024-12-28,United States,Social
C2271,2024-03-21,Canada,Email
C2272,2024-03-14,United States,Email
C2273,2024-08-05,United States,Referral
C2274,2025-03-03,Germany,Social
C2275,2025-08-13,United States,Paid Search
C2276,2024-05-28,United States,Paid Search
C2277,2024-06-04,United States,Email
C2278,2025-03-23,Spain,Organic Search
C2279,2024-08-25,United States,Organic Search
C2280,2025-08-03,France,Email
C2281,2025-02-27,Spain,Paid Search
C2282,2024-07-20,France,Email
C2283,2024-07-14,Germany,Organic Search
C2284,2025-02-14,Germany,Paid Search
C2285,2025-07-27,United Kingdom,Organic Search
C2286,2024-10-06,Germany,Social
C2287,2024-12-29,Spain,Email
C2288,2024-04-19,Canada,Paid Search
C2289,2024-03-11,United Kingdom,Paid Search
C2290,2025-04-10,United States,Organic Search
C2291,2024-06-11,Canada,Social
C2292,2024-07-05,United States,Referral
C2293,2024-11-18,Canada,Email
C2294,2024-02-26,United States,Organic Search
C2295,2024-01-25,France,Social
C2296,2025-08-11,Canada,Paid Search
C2297,2025-06-13,United Kingdom,Organic Search
C2298,2024-11-09,United States,Organic Search
C2299,2024-11-12,Canada,Organic Search
C2300,2024-11-29,United Kingdom,Organic Search
C2301,2025-04-15,United States,Email
C2302,2025-04-02,United Kingdom,Paid Search
C2303,2024-01-14,United Kingdom,Email
C2304,2024-10-23,France,Referral
C2305,2024-10-26,United States,Social
C2306,2024-05-02,United Kingdom,Paid Search
C2307,2025-06-17,Canada,Email
C2308,2024-05-23,United States,Organic Search
C2309,2025-04-01,United Kingdom,Paid Search
C2310,2024-02-25,France,Paid Search
C2311,2024-11-25,Canada,Email
C2312,2025-02-06,Germany,Email
C2313,2024-10-02,Canada,Email
C2314,2024-02-27,United States,Social
C2315,2024-03-08,United Kingdom,Social
C2316,2024-11-27,Spain,Email
C2317,2025-04-16,Canada,Email
C2318,2024-11-22,Germany,Paid Search
C2319,2024-02-25,United Kingdom,Referral
C2320,2025-10-14,United Kingdom,Email
C2321,2024-09-08,United States,Paid Search
C2322,2024-02-10,Canada,Organic Search
C2323,2025-08-03,Canada,Organic Search
C2324,2024-04-20,United Kingdom,Email
C2325,2025-06-23,United States,Organic Search
C2326,2025-05-12,United Kingdom,Paid Search
C2327,2024-02-28,United States,Social
C2328,2024-11-09,France,Email
C2329,2024-01-04,Germany,Email
C2330,2024-09-07,United States,Email
C2331,2024-03-26,Germany,Paid Search
C2332,2025-02-12,Spain,Organic Search
C2333,2024-02-09,United States,Social
C2334,2025-05-08,United Kingdom,Organic Search
C2335,2024-05-06,United Kingdom,Social
C2336,2025-07-16,United States,Referral
C2337,2025-04-29,Germany,Social
C2338,2025-05-08,Germany,Social
C2339,2024-02-22,United States,Social
C2340,2025-06-19,United States,Email
C2341,2025-04-11,Canada,Paid Search
C2342,2025-06-18,United States,Paid Search
C2343,2024-09-24,Germany,Organic Search
C2344,2024-03-31,Germany,Social
C2345,2024-03-24,Canada,Paid Search
C2346,2024-05-25,France,Paid Search
C2347,2025-09-27,Canada,Email
C2348,2024-02-22,Germany,Organic Search
C2349,2024-12-16,United Kingdom,Social
C2350,2025-03-15,United Kingdom,Organic Search
C2351,2024-03-19,United Kingdom,Organic Search
C2352,2025-06-22,United Kingdom,Organic Search
C2353,2025-06-24,United States,Organic Search
C2354,2024-06-11,United Kingdom,Referral
C2355,2024-03-02,United Kingdom,Referral
C2356,2024-06-27,United States,Social
C2357,2024-05-21,United States,Social
C2358,2024-06-01,France,Email
C2359,2025-11-08,Germany,Referral
C2360,2024-03-25,Canada,Paid Search
C2361,2024-06-22,Germany,Organic Search
C2362,2025-03-06,Canada,Social
C2363,2024-02-01,Canada,Referral
C2364,2024-02-03,United States,Organic Search
C2365,2024-06-14,Spain,Paid Search
C2366,2025-06-13,United States,Paid Search
C2367,2025-04-04,Germany,Paid Search
C2368,2025-05-22,Canada,Email
C2369,2025-04-17,United States,Paid Search
C2370,2024-03-05,Germany,Referral
C2371,2024-08-07,United Kingdom,Email
C2372,2024-10-16,United States,Organic Search
C2373,2024-04-01,United States,Email
C2374,2025-06-27,United States,Email
C2375,2024-11-25,United States,Paid Search
C2376,2025-04-11,Germany,Paid Search
C2377,2024-05-21,Germany,Email
C2378,2025-01-26,United Kingdom,Paid Search
C2379,2024-02-27,France,Organic Search
C2380,2024-01-13,United States,Paid Search
C2381,2024-12-16,United States,Organic Search
C2382,2024-02-07,France,Social
C2383,2024-05-31,Spain,Organic Search
C2384,2025-10-16,United Kingdom,Social
C2385,2024-09-29,United States,Paid Search
C2386,2024-07-24,Canada,Email
C2387,2024-06-07,Canada,Paid Search
C2388,2024-12-31,United Kingdom,Referral
C2389,2025-06-06,United States,Referral
C2390,2025-02-08,United States,Organic Search
C2391,2025-08-02,Germany,Social
C2392,2024-08-18,Spain,Organic Search
C2393,2024-02-26,France,Email
C2394,2024-03-19,United States,Social
C2395,2025-07-17,Germany,Paid Search
C2396,2024-07-30,Canada,Organic Search
C2397,2025-06-25,United Kingdom,Paid Search
C2398,2025-04-21,Canada,Email
C2399,2025-06-20,United Kingdom,Email
C2400,2024-06-30,United Kingdom,Organic Search
C2401,2024-01-31,Germany,Paid Search
C2402,2025-06-11,United Kingdom,Paid Search
C2403,2024-07-23,Spain,Social
C2404,2025-06-08,United Kingdom,Organic Search
C2405,2024-04-11,United Kingdom,Paid Search
C2406,2025-01-07,United Kingdom,Referral
C2407,2024-08-02,Germany,Paid Search
C2408,2024-10-22,United Kingdom,Email
C2409,2025-04-20,France,Paid Search
C2410,2025-03-29,United Kingdom,Paid Search
C2411,2025-03-29,United Kingdom,Social
C2412,2024-08-12,Germany,Organic Search
C2413,2024-01-27,United States,Organic Search
C2414,2025-06-22,Germany,Referral
C2415,2025-06-27,United Kingdom,Email
C2416,2025-04-14,United Kingdom,Email
C2417,2024-09-18,France,Organic Search
C2418,2025-07-19,France,Organic Search
C2419,2024-04-05,Canada,Organic Search
C2420,2024-07-21,United Kingdom,Referral
C2421,2024-07-01,United States,Email
C2422,2024-05-30,France,Paid Search
C2423,2025-11-12,Germany,Referral
C2424,2024-12-26,Germany,Organic Search
C2425,2024-05-01,Germany,Social
C2426,2024-12-15,France,Organic Search
C2427,2025-01-20,United States,Paid Search
C2428,2024-10-12,Germany,Referral
C2429,2025-06-01,United States,Email
C2430,2025-11-15,United Kingdom,Organic Search
C2431,2024-08-24,France,Organic Search
C2432,2024-09-15,United Kingdom,Social
C2433,2024-04-28,United Kingdom,Organic Search
C2434,2025-03-04,Canada,Social
C2435,2025-05-24,France,Social
C2436,2024-12-25,Germany,Paid Search
C2437,2024-04-19,Spain,Paid Search
C2438,2024-10-10,United Kingdom,Organic Search
C2439,2025-03-10,Canada,Referral
C2440,2024-01-24,United States,Paid Search
C2441,2024-11-18,United States,Social
C2442,2024-12-25,United States,Paid Search
C2443,2024-10-20,United States,Social
C2444,2024-12-17,United Kingdom,Organic Search
C2445,2025-05-05,United States,Organic Search
C2446,2024-03-09,Germany,Email
C2447,2024-11-08,United States,Email
C2448,2025-03-11,United States,Organic Search
C2449,2025-10-21,Spain,Paid Search
C2450,2024-09-12,Germany,Referral
C2451,2025-06-29,Spain,Organic Search
C2452,2024-06-26,United Kingdom,Organic Search
C2453,2025-08-16,United States,Paid Search
C2454,2025-10-21,Germany,Organic Search
C2455,2024-08-28,Germany,Social
C2456,2024-07-06,United States,Social
C2457,2024-10-30,Canada,Paid Search
C2458,2024-12-06,Germany,Social
C2459,2025-06-14,France,Paid Search
C2460,2024-12-03,United Kingdom,Email
C2461,2024-04-11,Germany,Organic Search
C2462,2024-01-29,United States,Paid Search
C2463,2025-06-13,Spain,Social
C2464,2024-08-19,United Kingdom,Paid Search
C2465,2024-04-20,United States,Organic Search
C2466,2024-05-01,United States,Paid Search
C2467,2024-02-28,Germany,Social
C2468,2024-04-19,Spain,Organic Search
C2469,2025-03-02,Canada,Email
C2470,2024-12-24,France,Email
C2471,2024-11-24,Spain,Social
C2472,2024-01-07,France,Organic Search
C2473,2025-01-02,United States,Email
C2474,2025-06-14,Germany,Organic Search
C2475,2025-05-20,United States,Referral
C2476,2024-08-04,United States,Social
C2477,2024-11-24,United Kingdom,Organic Search
C2478,2024-06-12,United States,Email
C2479,2025-05-01,Spain,Paid Search
C2480,2025-05-18,Spain,Paid Search
C2481,2024-05-02,United Kingdom,Paid Search
C2482,2024-09-23,France,Social
C2483,2024-05-09,United Kingdom,Email
C2484,2024-12-02,United States,Referral
C2485,2025-07-21,United States,Organic Search
C2486,2025-01-15,United States,Social
C2487,2025-06-20,United States,Social
C2488,2025-04-21,United States,Social
C2489,2024-04-09,United States,Paid Search
C2490,2024-03-11,United States,Paid Search
C2491,2025-03-21,Spain,Email
C2492,2024-02-14,United States,Paid Search
C2493,2024-08-06,United States,Organic Search
C2494,2025-06-27,Germany,Social
C2495,2024-09-02,United Kingdom,Organic Search
C2496,2024-01-05,United Kingdom,Organic Search
C2497,2025-06-17,United States,Organic Search
C2498,2025-10-01,Germany,Social
C2499,2024-06-29,Germany,Referral
C2500,2024-11-30,France,Paid Search
C2501,2024-11-30,Germany,Organic Search
C2502,2024-10-29,United Kingdom,Email
C2503,2025-06-09,United Kingdom,Organic Search
C2504,2025-03-05,United States,Referral
C2505,2024-05-21,United Kingdom,Social
C2506,2025-06-26,United States,Organic Search
C2507,2025-06-10,United States,Paid Search
C2508,2024-01-26,France,Paid Search
C2509,2024-06-11,United States,Email
C2510,2024-12-02,United States,Organic Search
C2511,2025-04-25,Germany,Email
C2512,2025-01-27,United Kingdom,Email
C2513,2024-11-10,Canada,Email
C2514,2024-06-16,Spain,Referral
C2515,2024-02-22,Spain,Organic Search
C2516,2025-05-03,United Kingdom,Paid Search
C2517,2025-09-01,United States,Email
C2518,2024-09-06,Germany,Paid Search
C2519,2025-06-20,Germany,Organic Search
C2520,2024-03-30,Germany,Paid Search
C2521,2025-07-14,United States,Organic Search
C2522,2025-04-12,United States,Email
C2523,2024-06-04,United States,Paid Search
C2524,2025-11-11,United States,Social
C2525,2025-04-14,United States,Referral
C2526,2025-06-18,Spain,Paid Search
C2527,2024-09-07,United States,Email
C2528,2025-02-15,Germany,Organic Search
C2529,2024-09-24,Spain,Organic Search
C2530,2024-04-27,United Kingdom,Organic Search
C2531,2025-06-08,Germany,Paid Search
C2532,2024-01-04,France,Paid Search
C2533,2025-07-01,United States,Paid Search
C2534,2024-05-22,United Kingdom,Organic Search
C2535,2024-06-14,Canada,Organic Search
C2536,2025-10-26,France,Social
C2537,2024-10-05,Canada,Organic Search
C2538,2025-06-25,Spain,Email
C2539,2024-02-15,United Kingdom,Referral
C2540,2024-03-12,France,Social
C2541,2024-06-20,Germany,Social
C2542,2025-02-08,France,Social
C2543,2024-01-28,France,Social
C2544,2024-08-10,France,Referral
C2545,2024-09-01,Canada,Referral
C2546,2024-03-22,United Kingdom,Paid Search
C2547,2024-02-02,Germany,Social
C2548,2024-05-05,United States,Email
C2549,2024-03-24,Germany,Organic Search
C2550,2025-10-16,France,Paid Search
C2551,2025-05-16,Canada,Social
C2552,2024-12-06,United Kingdom,Social
C2553,2025-02-18,United Kingdom,Paid Search
C2554,2025-02-20,United States,Paid Search
C2555,2025-04-25,United States,Organic Search
C2556,2024-02-23,United States,Social
C2557,2025-06-29,Spain,Referral
C2558,2024-09-07,United States,Referral
C2559,2024-10-24,Spain,Paid Search
C2560,2025-03-12,United States,Organic Search
C2561,2024-09-27,France,Email
C2562,2024-05-25,Germany,Email
C2563,2025-06-04,France,Paid Search
C2564,2024-04-02,Germany,Paid Search
C2565,2024-02-16,France,Organic Search
C2566,2024-07-27,Spain,Email
C2567,2025-03-02,Germany,Social
C2568,2024-07-01,United States,Paid Search
C2569,2024-11-22,United States,Referral
C2570,2025-07-03,France,Social
C2571,2024-11-18,United Kingdom,Referral
C2572,2025-06-05,Germany,Paid Search
C2573,2024-06-21,Germany,Paid Search
C2574,2024-09-21,United Kingdom,Referral
C2575,2025-06-10,France,Referral
C2576,2024-11-28,France,Referral
C2577,2024-08-06,France,Email
C2578,2025-06-21,France,Paid Search
C2579,2025-05-27,Canada,Organic Search
C2580,2024-11-29,Germany,Paid Search
C2581,2024-02-01,Spain,Referral
C2582,2024-10-30,United States,Paid Search
C2583,2025-11-15,Germany,Email
C2584,2025-05-24,France,Referral
C2585,2024-04-17,United Kingdom,Referral
C2586,2024-08-13,United States,Referral
C2587,2025-06-23,Germany,Social
C2588,2025-03-03,United Kingdom,Paid Search
C2589,2025-09-05,Spain,Referral
C2590,2024-06-15,United Kingdom,Organic Search
C2591,2025-10-10,United States,Organic Search
C2592,2024-11-12,Germany,Referral
C2593,2024-10-13,United Kingdom,Social
C2594,2025-05-22,United States,Social
C2595,2024-07-25,Germany,Organic Search
C2596,2024-12-07,Germany,Paid Search
C2597,2024-01-24,United States,Referral
C2598,2025-01-24,Germany,Social
C2599,2024-10-26,Germany,Paid Search
C2600,2025-04-24,France,Social
C2601,2024-07-01,United Kingdom,Referral
C2602,2025-05-21,United States,Referral
C2603,2025-09-08,Spain,Paid Search
C2604,2024-04-23,Germany,Social
C2605,2024-03-28,United States,Organic Search
C2606,2024-04-17,Canada,Paid Search
C2607,2024-06-14,United States,Organic Search
C2608,2024-10-28,Canada,Social
C2609,2025-04-19,France,Social
C2610,2025-06-28,Spain,Paid Search
C2611,2025-01-05,Spain,Organic Search
C2612,2024-09-25,United States,Organic Search
C2613,2024-12-01,France,Organic Search
C2614,2024-06-30,United States,Social
C2615,2024-05-13,Germany,Organic Search
C2616,2024-10-20,Germany,Organic Search
C2617,2025-03-28,United States,Referral
C2618,2024-02-05,United States,Organic Search
C2619,2024-03-01,United States,Referral
C2620,2024-04-06,United States,Social
C2621,2024-04-24,United States,Social
C2622,2024-03-22,Spain,Social
C2623,2024-03-12,United Kingdom,Organic Search
C2624,2024-01-16,Canada,Email
C2625,2024-07-09,Canada,Email
C2626,2025-01-30,France,Paid Search
C2627,2024-03-26,United Kingdom,Email
C2628,2025-07-27,Canada,Social
C2629,2025-06-16,France,Referral
C2630,2024-04-02,France,Email
C2631,2025-06-24,Spain,Organic Search
C2632,2024-10-07,Germany,Email
C2633,2025-01-31,Germany,Referral
C2634,2024-06-25,Canada,Email
C2635,2024-06-26,United Kingdom,Organic Search
C2636,2024-08-02,Canada,Email
C2637,2024-03-10,United States,Social
C2638,2024-06-21,United States,Paid Search
C2639,2025-05-04,Germany,Referral
C2640,2024-01-03,United States,Social
C2641,2025-09-07,Spain,Email
C2642,2025-01-11,United States,Social
C2643,2024-03-18,France,Organic Search
C2644,2024-03-01,United States,Referral
C2645,2024-10-29,Spain,Social
C2646,2025-07-08,United Kingdom,Paid Search
C2647,2025-06-19,United States,Paid Search
C2648,2024-04-14,United States,Organic Search
C2649,2024-03-12,Germany,Social
C2650,2024-06-30,Spain,Paid Search
C2651,2024-06-30,Spain,Referral
C2652,2024-03-28,United States,Referral
C2653,2024-12-29,United Kingdom,Email
C2654,2024-07-08,United States,Organic Search
C2655,2024-10-15,Germany,Social
C2656,2024-05-13,Germany,Organic Search
C2657,2024-02-22,United States,Email
C2658,2024-02-03,Germany,Paid Search
C2659,2024-01-29,Canada,Referral
C2660,2025-04-21,United States,Paid Search
C2661,2024-05-24,United States,Organic Search
C2662,2024-06-16,United States,Referral
C2663,2024-11-12,United States,Social
C2664,2025-06-17,United States,Email
C2665,2024-11-24,Germany,Referral
C2666,2024-10-12,United States,Paid Search
C2667,2025-03-08,France,Paid Search
C2668,2024-03-08,Canada,Social
C2669,2024-01-10,Spain,Email
C2670,2025-02-26,France,Referral
C2671,2025-08-04,United States,Paid Search
C2672,2024-02-03,United States,Email
C2673,2024-10-31,United States,Organic Search
C2674,2024-09-11,Spain,Social
C2675,2025-11-12,Spain,Email
C2676,2025-05-31,United Kingdom,Referral
C2677,2024-10-21,United States,Paid Search
C2678,2025-06-28,United Kingdom,Paid Search
C2679,2025-02-13,United States,Organic Search
C2680,2025-07-05,Spain,Organic Search
C2681,2025-04-03,United States,Paid Search
C2682,2024-11-24,United Kingdom,Email
C2683,2024-07-12,United Kingdom,Paid Search
C2684,2025-06-19,United States,Paid Search
C2685,2024-10-08,United Kingdom,Email
C2686,2024-07-30,Canada,Organic Search
C2687,2024-04-13,United States,Organic Search
C2688,2024-12-20,Germany,Referral
C2689,2024-05-27,United Kingdom,Organic Search
C2690,2024-03-24,United States,Paid Search
C2691,2024-03-05,United States,Social
C2692,2024-12-16,United States,Organic Search
C2693,2025-11-07,United States,Organic Search
C2694,2024-05-18,United Kingdom,Organic Search
C2695,2024-04-28,Canada,Paid Search
C2696,2024-12-01,France,Referral
C2697,2024-03-19,Spain,Paid Search
C2698,2024-02-18,United Kingdom,Paid Search
C2699,2024-12-14,France,Paid Search
C2700,2024-10-14,France,Referral
C2701,2025-06-05,United States,Organic Search
C2702,2024-05-09,United States,Email
C2703,2024-04-18,Germany,Paid Search
C2704,2025-01-07,Canada,Referral
C2705,2025-09-24,United Kingdom,Paid Search
C2706,2025-02-12,United States,Organic Search
C2707,2024-02-24,Spain,Paid Search
C2708,2025-04-08,United States,Organic Search
C2709,2024-04-24,Spain,Email
C2710,2025-06-26,Canada,Social
C2711,2025-04-21,Canada,Social
C2712,2024-09-08,Canada,Organic Search
C2713,2025-03-05,United States,Social
C2714,2025-01-01,Germany,Paid Search
C2715,2025-02-27,France,Referral
C2716,2024-01-11,France,Email
C2717,2024-02-15,United States,Social
C2718,2025-05-10,United States,Email
C2719,2025-10-14,United States,Social
C2720,2024-12-02,United Kingdom,Social
C2721,2025-07-25,Germany,Organic Search
C2722,2024-08-18,Canada,Social
C2723,2025-08-07,France,Paid Search
C2724,2024-08-25,France,Organic Search
C2725,2024-12-09,United States,Email
C2726,2025-02-18,United Kingdom,Organic Search
C2727,2024-07-28,United States,Social
C2728,2025-03-31,United States,Organic Search
C2729,2024-02-19,United States,Paid Search
C2730,2025-10-18,United States,Email
C2731,2025-01-05,United States,Organic Search
C2732,2025-08-28,Germany,Social
C2733,2024-07-24,United States,Social
C2734,2024-07-22,United States,Email
C2735,2024-07-16,United States,Organic Search
C2736,2025-06-01,Germany,Email
C2737,2024-01-15,Germany,Paid Search
C2738,2024-12-12,United States,Paid Search
C2739,2025-11-19,United States,Paid Search
C2740,2024-10-24,Spain,Paid Search
C2741,2024-12-15,Germany,Paid Search
C2742,2024-11-23,France,Organic Search
C2743,2024-10-03,Germany,Paid Search
C2744,2024-12-10,Canada,Social
C2745,2025-05-09,Canada,Paid Search
C2746,2025-01-25,United Kingdom,Organic Search
C2747,2025-04-09,France,Paid Search
C2748,2024-10-29,United States,Paid Search
C2749,2025-02-27,Germany,Social
C2750,2025-04-23,United Kingdom,Referral
C2751,2024-04-25,United States,Social
C2752,2025-04-15,Spain,Social
C2753,2025-01-10,Canada,Organic Search
C2754,2024-08-29,United States,Referral
C2755,2025-02-27,Spain,Paid Search
C2756,2024-04-02,United States,Paid Search
C2757,2025-01-17,United Kingdom,Organic Search
C2758,2024-11-11,Canada,Organic Search
C2759,2025-11-01,United States,Email
C2760,2024-12-05,United Kingdom,Organic Search
C2761,2025-08-30,France,Organic Search
C2762,2024-10-13,United States,Organic Search
C2763,2024-10-30,United Kingdom,Referral
C2764,2025-05-02,United States,Email
C2765,2025-03-05,France,Referral
C2766,2024-02-20,United States,Email
C2767,2024-10-18,United States,Referral
C2768,2024-06-06,France,Paid Search
C2769,2024-03-30,United States,Organic Search
C2770,2025-04-18,United Kingdom,Paid Search
C2771,2025-04-13,France,Paid Search
C2772,2025-11-10,France,Social
C2773,2024-08-03,United States,Organic Search
C2774,2024-08-20,Canada,Organic Search
C2775,2025-03-01,France,Social
C2776,2024-04-15,United States,Organic Search
C2777,2024-01-30,France,Organic Search
C2778,2024-08-17,France,Organic Search
C2779,2024-12-10,Germany,Social
C2780,2024-09-06,Germany,Organic Search
C2781,2024-04-25,France,Organic Search
C2782,2024-10-11,Spain,Organic Search
C2783,2025-05-30,Germany,Email
C2784,2024-05-30,Canada,Organic Search
C2785,2024-08-06,France,Organic Search
C2786,2024-06-20,Canada,Referral
C2787,2024-06-09,Spain,Email
C2788,2025-09-22,United States,Organic Search
C2789,2024-07-23,United States,Organic Search
C2790,2025-09-16,Germany,Organic Search
C2791,2025-06-04,United Kingdom,Social
C2792,2024-12-28,Germany,Organic Search
C2793,2024-02-27,Canada,Referral
C2794,2024-07-25,Spain,Email
C2795,2025-04-22,United Kingdom,Social
C2796,2024-07-03,France,Organic Search
C2797,2025-01-16,United States,Referral
C2798,2024-07-11,Germany,Email
C2799,2025-05-08,United States,Email
C2800,2025-11-12,United Kingdom,Organic Search
C2801,2025-05-12,Germany,Social
C2802,2024-08-04,France,Email
C2803,2025-07-25,Germany,Referral
C2804,2024-11-27,United Kingdom,Social
C2805,2025-03-22,United States,Paid Search
C2806,2024-10-12,United States,Paid Search
C2807,2025-02-07,Spain,Social
C2808,2025-04-24,Spain,Referral
C2809,2025-02-15,United States,Social
C2810,2025-08-03,United States,Organic Search
C2811,2024-05-16,United Kingdom,Organic Search
C2812,2024-08-25,France,Social
C2813,2024-11-10,United Kingdom,Email
C2814,2025-04-06,United States,Organic Search
C2815,2024-06-13,United Kingdom,Paid Search
C2816,2024-03-29,United States,Referral
C2817,2024-06-21,United States,Paid Search
C2818,2024-11-21,United States,Organic Search
C2819,2024-05-06,Germany,Paid Search
C2820,2024-08-06,Germany,Paid Search
C2821,2024-05-20,United States,Organic Search
C2822,2025-06-23,Germany,Social
C2823,2024-10-07,United Kingdom,Social
C2824,2025-01-29,Canada,Social
C2825,2024-10-11,Spain,Social
C2826,2024-01-06,United States,Organic Search
C2827,2024-05-24,Canada,Organic Search
C2828,2025-04-04,France,Organic Search
C2829,2025-08-28,France,Organic Search
C2830,2025-01-19,United Kingdom,Email
C2831,2025-10-10,United Kingdom,Organic Search
C2832,2025-09-06,United States,Social
C2833,2024-11-11,Spain,Organic Search
C2834,2025-07-11,Germany,Organic Search
C2835,2024-05-16,United Kingdom,Organic Search
C2836,2024-03-22,Germany,Paid Search
C2837,2024-06-11,United States,Social
C2838,2024-12-09,United States,Email
C2839,2025-05-22,Germany,Organic Search
C2840,2024-08-28,United Kingdom,Social
C2841,2024-11-25,Canada,Email
C2842,2025-04-16,Germany,Paid Search
C2843,2025-01-05,Germany,Organic Search
C2844,2024-05-23,Canada,Organic Search
C2845,2024-06-02,United States,Organic Search
C2846,2024-12-14,France,Referral
C2847,2024-06-06,France,Paid Search
C2848,2024-05-16,United States,Paid Search
C2849,2024-11-19,United States,Email
C2850,2024-12-14,United States,Paid Search
C2851,2024-05-18,United States,Social
C2852,2024-01-27,Germany,Organic Search
C2853,2025-02-24,United States,Paid Search
C2854,2024-08-02,Germany,Organic Search
C2855,2024-12-12,United States,Organic Search
C2856,2024-04-04,United States,Paid Search
C2857,2024-06-20,United States,Social
C2858,2024-11-27,United States,Social
C2859,2024-03-08,Spain,Email
C2860,2024-06-22,United States,Organic Search
C2861,2025-01-28,United States,Referral
C2862,2025-02-26,United States,Organic Search
C2863,2024-07-12,United Kingdom,Email
C2864,2024-03-03,Germany,Email
C2865,2024-01-15,Canada,Social
C2866,2025-09-05,United Kingdom,Paid Search
C2867,2025-01-14,Germany,Email
C2868,2024-11-20,United Kingdom,Email
C2869,2024-08-09,Canada,Organic Search
C2870,2025-06-04,Germany,Email
C2871,2024-05-03,United States,Organic Search
C2872,2025-06-07,France,Paid Search
C2873,2024-09-09,Canada,Social
C2874,2024-06-17,United Kingdom,Email
C2875,2024-02-08,Spain,Paid Search
C2876,2024-11-29,Canada,Organic Search
C2877,2024-07-21,United States,Paid Search
C2878,2025-06-10,Canada,Organic Search
C2879,2024-08-16,Germany,Paid Search
C2880,2025-06-16,Germany,Paid Search
C2881,2025-01-20,United Kingdom,Email
C2882,2025-01-19,Canada,Organic Search
C2883,2025-05-23,Germany,Organic Search
C2884,2025-01-13,Germany,Paid Search
C2885,2024-07-16,United States,Organic Search
C2886,2025-01-01,United Kingdom,Organic Search
C2887,2025-03-12,Spain,Paid Search
C2888,2024-10-09,France,Paid Search
C2889,2025-03-10,United States,Organic Search
C2890,2025-06-12,Canada,Social
C2891,2025-02-16,Canada,Email
C2892,2024-10-01,Germany,Social
C2893,2024-09-26,United States,Organic Search
C2894,2025-04-03,Germany,Organic Search
C2895,2025-04-22,United States,Organic Search
C2896,2024-05-23,United States,Social
C2897,2024-01-06,Germany,Social
C2898,2025-10-18,Spain,Organic Search
C2899,2024-05-09,United Kingdom,Organic Search
C2900,2025-11-20,Canada,Paid Search
C2901,2024-01-20,Spain,Paid Search
C2902,2025-05-12,United States,Referral
C2903,2025-01-05,United States,Organic Search
C2904,2024-06-15,France,Organic Search
C2905,2024-01-20,France,Paid Search
C2906,2025-04-07,United Kingdom,Organic Search
C2907,2024-03-06,Germany,Organic Search
C2908,2024-02-22,Germany,Paid Search
C2909,2025-03-08,France,Paid Search
C2910,2025-01-05,France,Organic Search
C2911,2024-03-10,United States,Social
C2912,2024-07-06,United States,Paid Search
C2913,2024-12-30,United States,Organic Search
C2914,2024-12-26,Spain,Email
C2915,2024-07-17,Spain,Organic Search
C2916,2024-08-13,Canada,Referral
C2917,2024-02-13,United States,Referral
C2918,2024-01-05,Germany,Paid Search
C2919,2025-06-13,United States,Organic Search
C2920,2024-05-06,United Kingdom,Email
C2921,2025-05-22,United States,Paid Search
C2922,2024-01-24,Canada,Organic Search
C2923,2025-06-25,United States,Social
C2924,2024-08-21,Germany,Paid Search
C2925,2025-10-18,Spain,Email
C2926,2025-04-04,France,Email
C2927,2024-07-11,United States,Email
C2928,2025-02-07,Spain,Email
C2929,2024-07-01,Germany,Social
C2930,2025-10-15,United Kingdom,Paid Search
C2931,2025-06-08,Germany,Referral
C2932,2025-03-17,Canada,Referral
C2933,2025-10-04,United Kingdom,Email
C2934,2024-07-22,Germany,Email
C2935,2024-02-29,United Kingdom,Social
C2936,2024-10-03,United States,Organic Search
C2937,2024-03-11,Canada,Email
C2938,2024-10-05,United States,Organic Search
C2939,2025-04-20,United Kingdom,Organic Search
C2940,2025-06-20,United Kingdom,Paid Search
C2941,2025-11-03,United States,Social
C2942,2024-11-23,United Kingdom,Social
C2943,2024-01-26,Germany,Organic Search
C2944,2025-01-28,United States,Organic Search
C2945,2024-01-01,United States,Organic Search
C2946,2024-11-30,Canada,Paid Search
C2947,2024-10-04,Spain,Organic Search
C2948,2025-02-12,United Kingdom,Social
C2949,2024-07-24,United States,Organic Search
C2950,2024-03-06,United States,Paid Search
C2951,2024-07-30,United States,Paid Search
C2952,2025-02-20,United Kingdom,Paid Search
C2953,2025-06-05,Spain,Email
C2954,2024-04-23,France,Organic Search
C2955,2024-07-11,United Kingdom,Paid Search
C2956,2025-04-24,Spain,Social
C2957,2024-06-20,United Kingdom,Organic Search
C2958,2024-05-13,United States,Email
C2959,2025-03-30,United Kingdom,Referral
C2960,2025-08-25,United States,Social
C2961,2024-11-15,Canada,Referral
C2962,2024-09-23,United Kingdom,Paid Search
C2963,2024-11-25,Germany,Paid Search
C2964,2024-05-27,United Kingdom,Organic Search
C2965,2025-02-04,Spain,Organic Search
C2966,2024-07-16,Germany,Organic Search
C2967,2025-08-30,United Kingdom,Paid Search
C2968,2024-04-11,United States,Paid Search
C2969,2024-01-07,Spain,Organic Search
C2970,2024-11-07,Germany,Social
C2971,2024-03-16,United States,Organic Search
C2972,2025-05-14,Canada,Paid Search
C2973,2025-06-08,United States,Organic Search
C2974,2024-06-22,United States,Social
C2975,2024-06-06,Germany,Paid Search
C2976,2024-10-04,United States,Email
C2977,2024-04-21,United Kingdom,Organic Search
C2978,2025-04-16,United States,Paid Search
C2979,2024-02-25,United States,Referral
C2980,2024-09-04,United States,Organic Search
C2981,2024-04-13,United States,Paid Search
C2982,2025-03-30,Spain,Organic Search
C2983,2024-03-19,Germany,Organic Search
C2984,2024-09-01,United Kingdom,Paid Search
C2985,2025-03-31,United Kingdom,Organic Search
C2986,2024-08-28,France,Paid Search
C2987,2024-04-10,United States,Referral
C2988,2024-03-27,United States,Organic Search
C2989,2024-11-26,Germany,Organic Search
C2990,2024-03-09,United Kingdom,Email
C2991,2024-07-13,France,Paid Search
C2992,2024-11-30,Canada,Referral
C2993,2024-07-26,Canada,Paid Search
C2994,2025-03-28,United States,Social
C2995,2025-01-11,United States,Referral
C2996,2024-03-15,United States,Organic Search
C2997,2025-03-22,Canada,Email
C2998,2025-05-12,Spain,Social
C2999,2024-04-20,Spain,Email
C3000,2025-08-02,United States,Organic Search
C3001,2024-08-04,Canada,Paid Search
C3002,2024-08-20,Germany,Organic Search
C3003,2024-09-10,Canada,Referral
C3004,2025-05-04,Germany,Organic Search
C3005,2024-12-22,United States,Organic Search
C3006,2025-05-05,United States,Referral
C3007,2025-07-31,Spain,Paid Search
C3008,2024-10-14,United Kingdom,Social
C3009,2025-06-19,United Kingdom,Organic Search
C3010,2024-05-31,United Kingdom,Social
C3011,2024-11-15,United Kingdom,Organic Search
C3012,2025-06-30,Spain,Paid Search
C3013,2025-06-09,United States,Social
C3014,2024-05-28,United States,Paid Search
C3015,2024-03-29,Canada,Organic Search
C3016,2025-03-03,Germany,Organic Search
C3017,2025-06-16,United States,Social
C3018,2024-06-26,United States,Organic Search
C3019,2024-04-18,United States,Paid Search
C3020,2025-01-14,United States,Paid Search
C3021,2025-04-06,United States,Paid Search
C3022,2025-07-04,United States,Social
C3023,2024-08-15,France,Paid Search
C3024,2024-09-18,Canada,Email
C3025,2025-09-28,Canada,Social
C3026,2024-07-11,United Kingdom,Email
C3027,2024-10-13,United States,Social
C3028,2024-10-02,Spain,Organic Search
C3029,2024-01-07,France,Referral
C3030,2024-11-07,Germany,Email
C3031,2024-11-06,United States,Social
C3032,2025-06-26,United States,Organic Search
C3033,2025-08-28,United Kingdom,Organic Search
C3034,2025-05-07,Germany,Social
C3035,2024-07-09,United States,Paid Search
C3036,2025-01-15,Spain,Social
C3037,2025-05-08,Germany,Paid Search
C3038,2024-03-25,Germany,Paid Search
C3039,2024-11-06,United States,Organic Search
C3040,2025-05-17,France,Organic Search
C3041,2024-10-31,France,Organic Search
C3042,2025-05-03,United States,Email
C3043,2024-08-17,Germany,Social
C3044,2025-04-30,Germany,Referral
C3045,2024-12-09,Canada,Email
C3046,2024-09-19,United States,Email
C3047,2024-04-27,Canada,Paid Search
C3048,2024-04-03,United Kingdom,Email
C3049,2024-06-06,United States,Referral
C3050,2025-02-16,United States,Email
C3051,2024-09-13,United States,Organic Search
C3052,2024-07-31,United States,Social
C3053,2024-09-12,United Kingdom,Organic Search
C3054,2024-07-07,France,Organic Search
C3055,2025-03-17,United States,Social
C3056,2024-08-01,Spain,Email
C3057,2024-09-15,United States,Organic Search
C3058,2025-09-05,Germany,Organic Search
C3059,2024-12-19,Spain,Referral
C3060,2024-07-01,Canada,Organic Search
C3061,2024-02-10,Germany,Organic Search
C3062,2025-09-28,France,Email
C3063,2024-11-02,United States,Email
C3064,2024-12-20,United States,Paid Search
C3065,2024-10-24,United Kingdom,Social
C3066,2024-10-05,United States,Paid Search
C3067,2025-06-02,United Kingdom,Organic Search
C3068,2024-01-30,United States,Email
C3069,2024-02-20,Spain,Email
C3070,2025-05-27,Canada,Paid Search
C3071,2025-04-30,Canada,Organic Search
C3072,2024-08-13,France,Organic Search
C3073,2024-10-22,United States,Organic Search
C3074,2024-09-02,United States,Organic Search
C3075,2025-06-29,Germany,Organic Search
C3076,2024-09-06,Germany,Email
C3077,2025-02-19,United Kingdom,Organic Search
C3078,2024-07-18,United Kingdom,Social
C3079,2024-07-27,United Kingdom,Social
C3080,2025-01-03,United States,Email
C3081,2024-08-06,United States,Referral
C3082,2024-01-08,United Kingdom,Paid Search
C3083,2024-04-04,Germany,Organic Search
C3084,2025-10-30,Spain,Email
C3085,2024-07-19,Germany,Organic Search
C3086,2025-06-18,France,Organic Search
C3087,2025-11-10,Canada,Organic Search
C3088,2025-06-30,United States,Referral
C3089,2024-09-30,Germany,Organic Search
C3090,2024-12-09,United Kingdom,Paid Search
C3091,2025-02-16,Germany,Paid Search
C3092,2024-02-06,United States,Social
C3093,2024-06-11,Spain,Organic Search
C3094,2024-11-03,Spain,Email
C3095,2024-10-27,United States,Email
C3096,2024-06-30,United States,Paid Search
C3097,2024-01-01,United States,Paid Search
C3098,2025-06-05,Canada,Email
C3099,2025-09-15,Germany,Email
C3100,2025-02-17,United States,Paid Search
C3101,2024-08-27,Canada,Paid Search
C3102,2024-10-04,United Kingdom,Organic Search
C3103,2024-08-31,United Kingdom,Organic Search
C3104,2024-08-23,United Kingdom,Organic Search
C3105,2025-01-01,Germany,Organic Search
C3106,2025-06-28,United Kingdom,Organic Search
C3107,2025-10-13,United States,Email
C3108,2025-09-24,United Kingdom,Email
C3109,2024-01-07,Spain,Email
C3110,2024-10-08,United Kingdom,Social
C3111,2025-06-06,Spain,Social
C3112,2024-08-05,Germany,Organic Search
C3113,2024-10-27,France,Social
C3114,2024-06-26,United States,Organic Search
C3115,2024-04-14,Canada,Paid Search
C3116,2025-01-20,United States,Referral
C3117,2024-06-20,United States,Email
C3118,2024-11-17,United States,Organic Search
C3119,2024-11-20,United States,Email
C3120,2025-04-08,Spain,Organic Search
C3121,2025-05-28,Spain,Organic Search
C3122,2024-10-29,France,Organic Search
C3123,2024-01-28,United States,Organic Search
C3124,2024-11-14,Canada,Social
C3125,2025-04-28,France,Paid Search
C3126,2024-09-18,United States,Organic Search
C3127,2024-11-04,United Kingdom,Referral
C3128,2025-02-21,France,Social
C3129,2024-08-28,United States,Paid Search
C3130,2024-08-15,United Kingdom,Paid Search
C3131,2024-09-20,France,Paid Search
C3132,2025-04-11,United States,Paid Search
C3133,2024-09-23,United Kingdom,Social
C3134,2024-06-27,Germany,Referral
C3135,2024-11-22,France,Paid Search
C3136,2025-01-13,Spain,Paid Search
C3137,2025-05-14,Canada,Organic Search
C3138,2025-05-03,Germany,Email
C3139,2025-03-04,Germany,Paid Search
C3140,2025-10-12,Germany,Organic Search
C3141,2024-09-02,Germany,Referral
C3142,2025-07-30,United States,Social
C3143,2025-09-06,France,Organic Search
C3144,2025-10-01,France,Organic Search
C3145,2024-10-10,United Kingdom,Paid Search
C3146,2024-04-23,Canada,Referral
C3147,2024-01-09,France,Paid Search
C3148,2024-02-01,United Kingdom,Organic Search
C3149,2024-08-21,United States,Social
C3150,2025-03-08,United States,Paid Search
C3151,2025-03-08,United Kingdom,Organic Search
C3152,2025-03-17,United Kingdom,Email
C3153,2025-01-22,United States,Organic Search
C3154,2024-01-13,United States,Referral
C3155,2025-04-28,United States,Email
C3156,2025-06-02,Canada,Organic Search
C3157,2025-04-09,France,Email
C3158,2024-08-31,United Kingdom,Email
C3159,2024-04-27,United States,Social
C3160,2025-05-10,United States,Social
C3161,2024-04-11,United States,Organic Search
C3162,2025-03-07,United Kingdom,Organic Search
C3163,2025-06-12,United States,Email
C3164,2025-05-07,United States,Organic Search
C3165,2024-10-12,Spain,Organic Search
C3166,2025-03-31,United Kingdom,Paid Search
C3167,2025-03-30,Canada,Organic Search
C3168,2025-06-16,United States,Email
C3169,2024-07-16,United States,Email
C3170,2025-09-17,Spain,Email
C3171,2025-03-22,United Kingdom,Organic Search
C3172,2025-07-10,Germany,Paid Search
C3173,2024-05-03,Spain,Email
C3174,2024-08-01,Germany,Paid Search
C3175,2024-07-15,United States,Social
C3176,2025-02-15,Germany,Social
C3177,2025-11-09,United States,Paid Search
C3178,2024-03-26,United States,Organic Search
C3179,2024-06-26,United States,Social
C3180,2025-05-23,Canada,Organic Search
C3181,2024-11-21,France,Email
C3182,2024-04-22,United States,Social
C3183,2024-11-26,United States,Organic Search
C3184,2025-04-24,France,Social
C3185,2024-07-23,Spain,Paid Search
C3186,2024-09-21,United States,Organic Search
C3187,2025-09-15,United States,Referral
C3188,2025-04-04,Canada,Social
C3189,2024-11-04,Canada,Social
C3190,2025-06-08,Spain,Email
C3191,2025-02-16,United States,Social
C3192,2025-08-13,United States,Paid Search
C3193,2024-09-23,United Kingdom,Organic Search
C3194,2025-09-29,United States,Organic Search
C3195,2024-02-08,Canada,Paid Search
C3196,2024-05-04,United States,Paid Search
C3197,2024-05-10,Germany,Email
C3198,2025-03-14,Spain,Paid Search
C3199,2025-03-25,Spain,Social
C3200,2025-03-24,Germany,Email
C3201,2024-02-27,Spain,Referral
C3202,2024-06-10,United States,Paid Search
C3203,2024-06-19,United Kingdom,Referral
C3204,2024-01-14,United States,Email
C3205,2024-05-21,Spain,Organic Search
C3206,2024-08-23,Spain,Paid Search
C3207,2025-04-29,United States,Organic Search
C3208,2024-04-02,United States,Social
C3209,2025-04-15,United Kingdom,Social
C3210,2025-03-23,United States,Paid Search
C3211,2024-03-27,Canada,Email
C3212,2024-05-22,United States,Paid Search
C3213,2024-09-07,Canada,Paid Search
C3214,2025-11-11,Germany,Email
C3215,2025-03-05,United Kingdom,Referral
C3216,2025-06-15,United States,Email
C3217,2024-06-19,Spain,Organic Search
C3218,2025-05-12,Germany,Organic Search
C3219,2025-06-07,United Kingdom,Organic Search
C3220,2024-11-23,United Kingdom,Paid Search
C3221,2024-03-25,Spain,Organic Search
C3222,2024-05-26,Canada,Referral
C3223,2024-03-11,Canada,Social
C3224,2025-03-17,Germany,Paid Search
C3225,2025-07-25,Canada,Organic Search
C3226,2025-01-18,United States,Paid Search
C3227,2025-07-17,France,Paid Search
C3228,2025-11-17,United Kingdom,Social
C3229,2025-02-27,Germany,Organic Search
C3230,2024-07-25,Spain,Email
C3231,2024-09-17,Spain,Organic Search
C3232,2024-02-02,United Kingdom,Organic Search
C3233,2024-03-15,Germany,Referral
C3234,2025-11-20,Canada,Organic Search
C3235,2025-03-22,Spain,Organic Search
C3236,2025-04-03,France,Social
C3237,2024-12-17,United States,Paid Search
C3238,2024-05-01,United States,Organic Search
C3239,2024-02-27,Canada,Organic Search
C3240,2025-01-31,France,Organic Search
C3241,2024-06-30,France,Paid Search
C3242,2024-01-01,France,Organic Search
C3243,2025-06-04,United Kingdom,Email
C3244,2024-11-01,United Kingdom,Email
C3245,2025-04-04,Canada,Organic Search
C3246,2024-07-17,United States,Paid Search
C3247,2025-06-30,France,Organic Search
C3248,2024-07-27,France,Organic Search
C3249,2025-10-05,Canada,Organic Search
C3250,2024-05-13,United States,Email
C3251,2024-11-28,France,Paid Search
C3252,2024-05-30,United States,Paid Search
C3253,2025-03-01,United States,Social
C3254,2024-09-05,United Kingdom,Email
C3255,2024-01-23,United States,Paid Search
C3256,2025-07-13,Spain,Organic Search
C3257,2024-07-11,Spain,Referral
C3258,2024-09-12,United States,Paid Search
C3259,2024-05-27,Canada,Social
C3260,2024-11-11,United Kingdom,Social
C3261,2025-11-14,France,Paid Search
C3262,2025-01-23,Canada,Organic Search
C3263,2024-06-19,Germany,Organic Search
C3264,2025-01-05,United States,Paid Search
C3265,2025-06-12,United States,Paid Search
C3266,2024-05-12,United Kingdom,Email
C3267,2024-05-07,Spain,Social
C3268,2024-01-22,Germany,Referral
C3269,2025-04-05,United Kingdom,Referral
C3270,2025-03-31,United States,Email
C3271,2024-08-14,Spain,Organic Search
C3272,2025-04-22,United States,Paid Search
C3273,2024-12-22,France,Social
C3274,2025-06-19,France,Social
C3275,2025-05-19,United States,Organic Search
C3276,2025-06-08,United States,Social
C3277,2024-08-02,United Kingdom,Paid Search
C3278,2024-12-12,United States,Paid Search
C3279,2024-04-01,France,Email
C3280,2025-05-04,Canada,Paid Search
C3281,2024-06-22,United States,Paid Search
C3282,2024-09-02,Germany,Social
C3283,2024-11-21,United States,Social
C3284,2025-03-06,United States,Organic Search
C3285,2025-02-04,France,Social
C3286,2025-06-06,Canada,Paid Search
C3287,2025-01-25,France,Social
C3288,2025-03-11,United States,Organic Search
C3289,2024-11-09,Germany,Referral
C3290,2024-08-15,United Kingdom,Email
C3291,2025-11-06,Spain,Paid Search
C3292,2025-08-05,Germany,Paid Search
C3293,2024-12-05,Spain,Paid Search
C3294,2024-06-08,United States,Email
C3295,2024-09-20,United Kingdom,Social
C3296,2024-07-19,France,Social
C3297,2024-05-21,United Kingdom,Referral
C3298,2025-03-24,Germany,Paid Search
C3299,2025-02-23,United Kingdom,Social
C3300,2025-01-18,Spain,Paid Search
C3301,2024-02-15,United States,Social
C3302,2024-05-16,Spain,Paid Search
C3303,2024-04-29,United Kingdom,Email
C3304,2025-01-24,United Kingdom,Organic Search
C3305,2025-05-03,Germany,Organic Search
C3306,2024-07-26,United States,Paid Search
C3307,2024-06-29,Spain,Referral
C3308,2024-11-01,Spain,Paid Search
C3309,2025-06-24,Spain,Paid Search
C3310,2024-07-21,Spain,Paid Search
C3311,2024-06-01,France,Paid Search
C3312,2024-10-12,United Kingdom,Email
C3313,2025-05-15,Canada,Referral
C3314,2025-02-03,United States,Email
C3315,2024-10-10,Canada,Email
C3316,2025-02-03,United Kingdom,Organic Search
C3317,2025-06-03,France,Organic Search
C3318,2025-02-15,United Kingdom,Social
C3319,2024-02-23,United Kingdom,Social
C3320,2024-08-01,United States,Organic Search
C3321,2024-07-10,United Kingdom,Email
C3322,2025-01-12,United Kingdom,Organic Search
C3323,2024-05-11,United States,Organic Search
C3324,2024-05-10,United States,Paid Search
C3325,2025-04-28,Germany,Email
C3326,2024-09-18,United States,Email
C3327,2025-02-09,Canada,Social
C3328,2024-11-14,United States,Email
C3329,2024-12-05,Germany,Email
C3330,2025-09-27,United States,Paid Search
C3331,2024-12-31,Germany,Email
C3332,2025-05-13,Germany,Organic Search
C3333,2025-03-05,Germany,Paid Search
C3334,2024-06-15,United Kingdom,Organic Search
C3335,2024-04-02,United Kingdom,Paid Search
C3336,2025-04-07,United States,Paid Search
C3337,2024-07-22,United Kingdom,Organic Search
C3338,2024-06-19,United Kingdom,Paid Search
C3339,2024-03-01,France,Social
C3340,2024-10-28,United Kingdom,Social
C3341,2024-10-07,France,Organic Search
C3342,2025-10-22,United Kingdom,Organic Search
C3343,2025-02-13,United States,Paid Search
C3344,2025-01-30,United States,Email
C3345,2024-10-21,United States,Email
C3346,2025-04-16,Germany,Paid Search
C3347,2025-06-21,Canada,Social
C3348,2025-10-19,France,Social
C3349,2024-07-09,United Kingdom,Referral
C3350,2024-05-31,United States,Organic Search
C3351,2024-01-01,Canada,Social
C3352,2025-06-27,United States,Social
C3353,2025-02-04,United Kingdom,Paid Search
C3354,2025-05-27,Canada,Organic Search
C3355,2025-03-06,United Kingdom,Organic Search
C3356,2025-08-14,United States,Paid Search
C3357,2024-03-20,United States,Social
C3358,2024-01-26,Germany,Social
C3359,2025-03-09,United States,Organic Search
C3360,2025-07-23,Germany,Email
C3361,2025-08-05,United Kingdom,Paid Search
C3362,2025-04-02,United States,Referral
C3363,2024-09-20,United States,Organic Search
C3364,2025-06-04,Canada,Email
C3365,2025-09-03,United Kingdom,Referral
C3366,2025-03-30,France,Email
C3367,2024-03-09,United Kingdom,Email
C3368,2024-08-05,United States,Paid Search
C3369,2024-04-10,United Kingdom,Social
C3370,2024-01-31,United Kingdom,Social
C3371,2025-06-26,United Kingdom,Paid Search
C3372,2024-10-10,Canada,Referral
C3373,2024-07-12,Spain,Paid Search
C3374,2024-07-24,Canada,Paid Search
C3375,2024-05-11,Germany,Referral
C3376,2024-03-08,Germany,Organic Search
C3377,2025-05-14,Germany,Organic Search
C3378,2024-02-27,United States,Paid Search
C3379,2024-07-29,Canada,Email
C3380,2024-03-24,Canada,Email
C3381,2025-05-23,United States,Organic Search
C3382,2024-04-22,Spain,Social
C3383,2024-08-03,Canada,Social
C3384,2025-02-16,United Kingdom,Social
C3385,2024-11-07,Spain,Social
C3386,2024-07-27,United States,Referral
C3387,2024-11-04,United States,Paid Search
C3388,2025-08-15,United Kingdom,Paid Search
C3389,2024-06-07,Germany,Social
C3390,2025-09-12,United Kingdom,Paid Search
C3391,2024-07-18,Spain,Paid Search
C3392,2025-06-09,United States,Organic Search
C3393,2024-09-10,United States,Organic Search
C3394,2025-02-17,Germany,Referral
C3395,2024-05-08,United States,Organic Search
C3396,2024-12-19,France,Social
C3397,2024-11-02,United Kingdom,Email
C3398,2025-02-10,Spain,Organic Search
C3399,2024-09-09,France,Organic Search
C3400,2025-10-03,United States,Paid Search
C3401,2025-06-11,United States,Paid Search
C3402,2025-01-12,United States,Paid Search
C3403,2025-02-16,Spain,Social
C3404,2024-09-28,France,Organic Search
C3405,2024-01-19,United Kingdom,Organic Search
C3406,2024-11-06,United States,Organic Search
C3407,2025-03-03,Canada,Paid Search
C3408,2024-09-09,United States,Paid Search
C3409,2025-06-17,France,Referral
C3410,2024-08-04,France,Organic Search
C3411,2025-06-27,United States,Social
C3412,2025-07-17,United Kingdom,Social
C3413,2024-10-16,United States,Social
C3414,2024-07-13,United Kingdom,Social
C3415,2025-10-02,Spain,Organic Search
C3416,2025-08-14,France,Social
C3417,2024-07-29,Canada,Paid Search
C3418,2024-11-12,Germany,Email
C3419,2024-11-08,United States,Organic Search
C3420,2024-09-30,France,Social
C3421,2024-05-21,United Kingdom,Social
C3422,2024-02-29,United States,Social
C3423,2025-01-12,United Kingdom,Organic Search
C3424,2024-07-04,Germany,Social
C3425,2024-12-01,France,Email
C3426,2024-07-24,United States,Paid Search
C3427,2025-04-12,Canada,Paid Search
C3428,2025-01-21,United Kingdom,Organic Search
C3429,2024-08-08,United States,Organic Search
C3430,2024-07-01,United States,Email
C3431,2025-02-13,Canada,Paid Search
C3432,2024-01-05,United Kingdom,Social
C3433,2024-02-01,United Kingdom,Email
C3434,2024-02-16,United States,Social
C3435,2024-07-08,France,Social
C3436,2024-09-28,Canada,Social
C3437,2024-06-09,United States,Paid Search
C3438,2025-07-03,Spain,Organic Search
C3439,2024-06-20,United States,Email
C3440,2024-09-27,United States,Referral
C3441,2024-06-11,Germany,Paid Search
C3442,2024-11-10,France,Referral
C3443,2024-07-28,United States,Referral
C3444,2025-05-25,Germany,Paid Search
C3445,2025-06-26,United States,Email
C3446,2024-12-24,Germany,Social
C3447,2024-10-30,Germany,Organic Search
C3448,2024-01-17,Spain,Organic Search
C3449,2024-12-06,United Kingdom,Paid Search
C3450,2024-07-27,Germany,Email
C3451,2024-06-07,Germany,Paid Search
C3452,2025-03-10,United States,Email
C3453,2024-01-24,United States,Social
C3454,2024-05-22,Spain,Social
C3455,2025-02-27,United States,Organic Search
C3456,2025-05-20,Canada,Paid Search
C3457,2024-10-08,United States,Organic Search
C3458,2025-08-31,Canada,Organic Search
C3459,2025-06-12,United States,Organic Search
C3460,2024-02-20,Spain,Organic Search
C3461,2024-09-20,France,Organic Search
C3462,2024-05-12,United States,Social
C3463,2024-09-17,France,Paid Search
C3464,2025-05-10,Germany,Organic Search
C3465,2024-11-22,United States,Email
C3466,2025-06-26,United States,Paid Search
C3467,2024-10-03,France,Referral
C3468,2025-04-17,France,Social
C3469,2024-04-02,United States,Organic Search
C3470,2024-06-24,Canada,Referral
C3471,2024-05-29,United States,Email
C3472,2025-02-24,United States,Social
C3473,2024-10-07,Germany,Social
C3474,2025-07-09,United States,Paid Search
C3475,2024-04-04,United States,Paid Search
C3476,2024-07-29,United Kingdom,Email
C3477,2024-03-24,United States,Paid Search
C3478,2025-01-16,United States,Organic Search
C3479,2025-04-09,France,Organic Search
C3480,2025-06-13,Germany,Organic Search
C3481,2024-05-08,Canada,Organic Search
C3482,2024-08-28,Germany,Paid Search
C3483,2024-10-02,United Kingdom,Referral
C3484,2024-09-28,United States,Organic Search
C3485,2024-09-04,Canada,Paid Search
C3486,2024-04-30,United States,Organic Search
C3487,2024-03-02,United States,Social
C3488,2024-08-08,Canada,Social
C3489,2024-02-20,France,Social
C3490,2024-02-04,Germany,Referral
C3491,2024-10-13,United States,Referral
C3492,2025-04-14,United States,Email
C3493,2024-10-22,United Kingdom,Email
C3494,2025-06-05,France,Paid Search
C3495,2025-04-04,United Kingdom,Social
C3496,2025-01-08,United States,Paid Search
C3497,2024-06-14,United States,Email
C3498,2024-05-29,Germany,Organic Search
C3499,2025-05-07,France,Organic Search
C3500,2024-09-17,United States,Organic Search
C3501,2024-03-18,United States,Social
C3502,2024-06-03,United States,Social
C3503,2024-05-24,United States,Organic Search
C3504,2025-08-09,Germany,Paid Search
C3505,2024-07-08,United States,Paid Search
C3506,2024-10-26,Germany,Email
C3507,2025-07-26,France,Organic Search
C3508,2024-12-16,Spain,Organic Search
C3509,2024-09-26,Spain,Social
C3510,2025-05-29,United States,Social
C3511,2025-10-22,United States,Email
C3512,2024-06-30,United States,Social
C3513,2024-01-24,France,Referral
C3514,2025-09-10,United States,Paid Search
C3515,2024-07-04,United Kingdom,Paid Search
C3516,2025-11-03,United States,Referral
C3517,2024-08-09,United States,Organic Search
C3518,2025-07-21,France,Email
C3519,2024-07-04,Germany,Organic Search
C3520,2025-04-18,Germany,Paid Search
C3521,2024-03-02,Spain,Organic Search
C3522,2025-06-07,United States,Social
C3523,2024-05-07,United States,Email
C3524,2025-10-25,United Kingdom,Organic Search
C3525,2024-10-24,Germany,Organic Search
C3526,2024-11-07,Germany,Paid Search
C3527,2024-04-21,United States,Organic Search
C3528,2025-01-29,Spain,Paid Search
C3529,2024-12-20,United States,Referral
C3530,2024-09-20,United Kingdom,Organic Search
C3531,2024-09-07,Germany,Paid Search
C3532,2024-11-22,Spain,Paid Search
C3533,2024-09-15,France,Organic Search
C3534,2025-06-17,Spain,Organic Search
C3535,2024-01-23,United States,Social
C3536,2024-05-17,Germany,Social
C3537,2025-10-26,Canada,Email
C3538,2025-03-09,United Kingdom,Paid Search
C3539,2024-07-09,United Kingdom,Social
C3540,2024-10-03,Spain,Referral
C3541,2024-01-15,United States,Email
C3542,2024-04-06,United Kingdom,Referral
C3543,2025-05-31,Canada,Organic Search
C3544,2024-12-18,Spain,Referral
C3545,2024-01-22,Spain,Email
C3546,2025-03-09,Canada,Email
C3547,2024-08-08,United States,Social
C3548,2024-11-07,Spain,Referral
C3549,2025-04-13,United Kingdom,Paid Search
C3550,2025-04-03,Germany,Email
C3551,2024-03-15,United Kingdom,Social
C3552,2024-07-19,Canada,Email
C3553,2025-07-18,Germany,Email
C3554,2025-05-14,Canada,Organic Search
C3555,2025-03-03,United States,Paid Search
C3556,2024-12-20,United States,Paid Search
C3557,2024-02-01,United Kingdom,Email
C3558,2025-03-15,United States,Social
C3559,2025-09-06,France,Email
C3560,2024-05-29,United States,Email
C3561,2024-08-30,Germany,Social
C3562,2024-09-01,United States,Organic Search
C3563,2024-06-10,United States,Social
C3564,2025-05-12,Germany,Referral
C3565,2025-05-16,United States,Social
C3566,2024-01-28,United States,Referral
C3567,2025-05-26,United States,Referral
C3568,2024-08-08,United States,Paid Search
C3569,2025-03-13,Germany,Email
C3570,2025-03-02,United States,Social
C3571,2024-11-23,United Kingdom,Paid Search
C3572,2025-02-10,France,Organic Search
C3573,2025-01-07,United Kingdom,Organic Search
C3574,2025-04-10,Germany,Organic Search
C3575,2025-08-13,United States,Social
C3576,2025-02-08,Spain,Organic Search
C3577,2025-06-19,United Kingdom,Paid Search
C3578,2025-06-02,United States,Paid Search
C3579,2024-03-21,Spain,Paid Search
C3580,2024-09-29,Germany,Email
C3581,2025-08-28,Germany,Paid Search
C3582,2025-09-17,Canada,Organic Search
C3583,2024-12-19,United States,Referral
C3584,2025-04-08,Canada,Email
C3585,2024-10-18,France,Social
C3586,2025-09-30,United Kingdom,Email
C3587,2025-11-03,United States,Organic Search
C3588,2024-02-25,United States,Email
C3589,2024-12-17,Spain,Organic Search
C3590,2024-07-19,United States,Paid Search
C3591,2025-05-10,United States,Organic Search
C3592,2024-10-29,France,Email
C3593,2024-11-25,France,Organic Search
C3594,2025-02-16,United States,Organic Search
C3595,2024-05-12,Canada,Organic Search
C3596,2024-10-24,United Kingdom,Email
C3597,2025-02-26,Canada,Paid Search
C3598,2025-03-01,United States,Paid Search
C3599,2024-05-04,United States,Paid Search
C3600,2025-10-23,Germany,Email
C3601,2024-03-30,United States,Organic Search
C3602,2024-05-25,Germany,Referral
C3603,2025-04-13,United States,Paid Search
C3604,2024-12-03,France,Organic Search
C3605,2024-10-23,Canada,Organic Search
C3606,2024-10-31,Canada,Organic Search
C3607,2025-06-14,Spain,Paid Search
C3608,2024-05-04,Spain,Organic Search
C3609,2024-06-12,United Kingdom,Referral
C3610,2024-09-24,United Kingdom,Paid Search
C3611,2025-04-07,Canada,Organic Search
C3612,2024-10-27,Spain,Paid Search
C3613,2025-02-01,Spain,Organic Search
C3614,2025-03-23,France,Organic Search
C3615,2025-05-02,United States,Paid Search
C3616,2024-09-09,Spain,Organic Search
C3617,2024-09-07,Spain,Organic Search
C3618,2025-06-14,France,Referral
C3619,2025-06-14,Canada,Social
C3620,2025-08-24,Germany,Referral
C3621,2025-02-13,Spain,Organic Search
C3622,2025-04-03,United States,Email
C3623,2024-08-11,Canada,Paid Search
C3624,2024-11-08,United States,Organic Search
C3625,2025-03-20,United States,Email
C3626,2024-06-23,United States,Organic Search
C3627,2024-03-27,United Kingdom,Paid Search
C3628,2025-05-18,United States,Email
C3629,2024-10-25,Spain,Social
C3630,2024-03-26,Germany,Paid Search
C3631,2024-05-17,Canada,Paid Search
C3632,2024-06-27,United States,Organic Search
C3633,2024-04-20,United States,Referral
C3634,2024-08-27,France,Organic Search
C3635,2025-03-20,France,Organic Search
C3636,2025-02-07,Germany,Organic Search
C3637,2025-05-16,Canada,Referral
C3638,2025-04-02,Canada,Email
C3639,2024-06-19,Germany,Paid Search
C3640,2024-02-02,Spain,Referral
C3641,2024-03-23,France,Organic Search
C3642,2025-10-16,France,Referral
C3643,2024-07-05,United Kingdom,Organic Search
C3644,2025-01-29,United States,Paid Search
C3645,2024-09-07,United States,Organic Search
C3646,2025-05-04,France,Referral
C3647,2024-10-04,France,Referral
C3648,2025-05-07,United States,Social
C3649,2024-05-17,Germany,Organic Search
C3650,2025-03-01,United States,Organic Search
C3651,2024-10-13,United States,Paid Search
C3652,2024-04-14,Spain,Paid Search
C3653,2025-07-11,United Kingdom,Organic Search
C3654,2024-06-20,United States,Social
C3655,2025-06-27,United Kingdom,Social
C3656,2025-05-27,United Kingdom,Referral
C3657,2024-04-26,France,Paid Search
C3658,2024-11-23,Spain,Paid Search
C3659,2025-09-07,Germany,Paid Search
C3660,2024-10-21,Germany,Organic Search
C3661,2024-12-09,United Kingdom,Social
C3662,2025-05-15,Germany,Email
C3663,2025-06-13,United States,Organic Search
C3664,2025-04-23,United States,Paid Search
C3665,2024-09-08,Canada,Email
C3666,2025-02-01,United Kingdom,Paid Search
C3667,2024-04-11,United Kingdom,Social
C3668,2025-04-27,United States,Email
C3669,2024-04-16,Canada,Social
C3670,2024-03-03,United States,Organic Search
C3671,2025-03-29,United Kingdom,Email
C3672,2025-02-18,Canada,Referral
C3673,2025-06-24,United Kingdom,Organic Search
C3674,2025-06-12,Spain,Organic Search
C3675,2024-03-02,United States,Social
C3676,2024-01-27,France,Social
C3677,2025-06-06,Spain,Paid Search
C3678,2024-05-02,Germany,Social
C3679,2024-05-08,France,Social
C3680,2025-10-16,United Kingdom,Paid Search
C3681,2024-11-28,France,Organic Search
C3682,2024-10-11,Spain,Organic Search
C3683,2025-06-24,France,Paid Search
C3684,2024-02-17,Spain,Referral
C3685,2025-05-21,Germany,Social
C3686,2024-05-26,Germany,Paid Search
C3687,2025-09-16,United States,Referral
C3688,2024-06-26,France,Paid Search
C3689,2024-06-09,Canada,Paid Search
C3690,2025-07-26,Germany,Organic Search
C3691,2024-11-01,United States,Email
C3692,2025-04-25,Germany,Social
C3693,2024-03-02,France,Email
C3694,2024-12-28,Spain,Paid Search
C3695,2025-04-15,United States,Paid Search
C3696,2025-02-05,United States,Organic Search
C3697,2025-06-20,United Kingdom,Referral
C3698,2025-06-03,United States,Organic Search
C3699,2024-07-17,Spain,Social
C3700,2024-08-21,United Kingdom,Social
C3701,2024-10-19,Germany,Organic Search
C3702,2024-06-22,United States,Paid Search
C3703,2024-05-18,United Kingdom,Organic Search
C3704,2025-04-11,Spain,Social
C3705,2024-05-07,United Kingdom,Referral
C3706,2025-06-05,United States,Paid Search
C3707,2024-01-21,United States,Referral
C3708,2024-08-19,Spain,Organic Search
C3709,2024-11-29,Spain,Paid Search
C3710,2025-06-16,United States,Referral
C3711,2025-02-22,Germany,Email
C3712,2024-01-08,United States,Paid Search
C3713,2025-02-13,Germany,Social
C3714,2024-06-27,United States,Referral
C3715,2025-10-27,Canada,Email
C3716,2025-02-27,Spain,Social
C3717,2024-04-14,United States,Organic Search
C3718,2024-07-15,United Kingdom,Organic Search
C3719,2025-03-25,United States,Social
C3720,2025-05-18,United States,Paid Search
C3721,2024-11-26,United States,Organic Search
C3722,2024-04-29,United States,Paid Search
C3723,2024-08-01,Spain,Paid Search
C3724,2025-03-11,United States,Paid Search
C3725,2024-11-23,Canada,Paid Search
C3726,2024-04-20,United States,Paid Search
C3727,2024-06-05,Germany,Organic Search
C3728,2024-04-17,United Kingdom,Email
C3729,2025-08-21,Spain,Social
C3730,2024-08-31,United States,Organic Search
C3731,2024-10-23,United States,Paid Search
C3732,2025-05-31,France,Paid Search
C3733,2024-12-22,France,Social
C3734,2025-09-10,France,Social
C3735,2024-07-19,United States,Social
C3736,2024-12-13,United States,Social
C3737,2025-06-06,Canada,Organic Search
C3738,2025-06-02,Germany,Paid Search
C3739,2024-07-10,Germany,Organic Search
C3740,2024-01-31,United States,Paid Search
C3741,2024-04-21,United States,Paid Search
C3742,2024-02-06,Spain,Email
C3743,2024-11-19,France,Organic Search
C3744,2025-03-24,United States,Social
C3745,2025-05-29,Spain,Paid Search
C3746,2024-05-09,Germany,Paid Search
C3747,2025-01-17,United States,Social
C3748,2024-06-28,United Kingdom,Organic Search
C3749,2024-06-21,France,Paid Search
C3750,2025-09-14,United Kingdom,Paid Search
C3751,2025-01-06,Germany,Social
C3752,2025-09-10,France,Organic Search
C3753,2024-02-24,United States,Referral
C3754,2025-08-11,Spain,Referral
C3755,2024-06-05,United Kingdom,Email
C3756,2024-01-03,United Kingdom,Paid Search
C3757,2024-01-23,France,Social
C3758,2024-09-02,Germany,Organic Search
C3759,2025-06-18,United Kingdom,Email
C3760,2025-02-08,Germany,Paid Search
C3761,2024-01-31,Spain,Organic Search
C3762,2024-05-08,Canada,Paid Search
C3763,2025-06-23,Canada,Email
C3764,2025-01-22,United States,Email
C3765,2024-10-31,United Kingdom,Paid Search
C3766,2024-01-09,Germany,Paid Search
C3767,2024-01-24,United States,Email
C3768,2025-05-11,France,Email
C3769,2025-03-13,United States,Email
C3770,2025-06-03,United States,Paid Search
C3771,2025-03-18,United States,Social
C3772,2024-01-02,United States,Email
C3773,2025-03-16,United States,Organic Search
C3774,2024-09-07,Germany,Paid Search
C3775,2025-01-13,Germany,Organic Search
C3776,2024-08-14,United States,Paid Search
C3777,2025-01-29,United States,Email
C3778,2025-04-05,Canada,Organic Search
C3779,2025-06-17,United States,Social
C3780,2024-10-22,United Kingdom,Organic Search
C3781,2024-06-01,Germany,Referral
C3782,2024-11-30,Germany,Email
C3783,2024-09-30,Canada,Paid Search
C3784,2024-04-20,Germany,Social
C3785,2025-01-31,Spain,Organic Search
C3786,2025-06-14,Canada,Email
C3787,2024-08-08,United States,Social
C3788,2025-01-13,United States,Organic Search
C3789,2025-05-18,United Kingdom,Referral
C3790,2024-12-05,United Kingdom,Organic Search
C3791,2025-06-19,Germany,Social
C3792,2025-03-31,United States,Organic Search
C3793,2024-05-09,United States,Social
C3794,2025-04-07,United Kingdom,Organic Search
C3795,2024-07-02,France,Organic Search
C3796,2024-12-11,France,Paid Search
C3797,2024-04-19,Spain,Referral
C3798,2024-10-21,United States,Organic Search
C3799,2025-01-06,United Kingdom,Social
C3800,2025-11-06,Spain,Paid Search
C3801,2025-05-31,France,Email
C3802,2025-10-17,Germany,Organic Search
C3803,2024-11-01,Germany,Social
C3804,2025-04-27,United States,Referral
C3805,2024-02-28,Canada,Paid Search
C3806,2025-06-28,Germany,Paid Search
C3807,2025-07-06,Germany,Referral
C3808,2024-08-08,Germany,Paid Search
C3809,2025-11-05,United Kingdom,Paid Search
C3810,2025-01-27,United States,Paid Search
C3811,2025-04-09,France,Email
C3812,2025-01-11,United Kingdom,Referral
C3813,2024-11-24,United States,Social
C3814,2025-07-01,United Kingdom,Social
C3815,2025-06-28,Spain,Paid Search
C3816,2024-12-14,United Kingdom,Organic Search
C3817,2024-12-31,United Kingdom,Organic Search
C3818,2024-08-22,Germany,Organic Search
C3819,2025-06-04,Canada,Organic Search
C3820,2024-09-03,France,Social
C3821,2024-04-14,Canada,Organic Search
C3822,2024-04-08,United States,Organic Search
C3823,2025-01-17,Spain,Paid Search
C3824,2025-02-11,Spain,Organic Search
C3825,2024-04-22,United Kingdom,Organic Search
C3826,2025-01-16,Germany,Organic Search
C3827,2025-11-20,United States,Organic Search
C3828,2024-10-18,United Kingdom,Social
C3829,2025-06-14,United States,Email
C3830,2024-03-26,United States,Email
C3831,2024-08-08,Spain,Email
C3832,2024-10-31,United States,Social
C3833,2024-07-14,Germany,Referral
C3834,2024-02-24,United States,Paid Search
C3835,2024-09-07,United Kingdom,Social
C3836,2024-07-04,United Kingdom,Paid Search
C3837,2024-04-21,United States,Paid Search
C3838,2024-07-22,Germany,Paid Search
C3839,2024-08-16,Spain,Organic Search
C3840,2025-04-28,United Kingdom,Email
C3841,2024-09-25,Spain,Organic Search
C3842,2024-08-15,France,Social
C3843,2024-07-31,Germany,Email
C3844,2024-11-23,United States,Paid Search
C3845,2024-05-30,United States,Organic Search
C3846,2025-04-23,Canada,Paid Search
C3847,2024-08-17,Germany,Paid Search
C3848,2025-08-13,United Kingdom,Referral
C3849,2024-02-04,Canada,Social
C3850,2025-04-28,United States,Email
C3851,2024-09-14,Canada,Paid Search
C3852,2024-03-15,United States,Social
C3853,2024-04-03,Spain,Email
C3854,2024-07-18,United States,Organic Search
C3855,2025-03-02,United States,Organic Search
C3856,2024-02-21,France,Organic Search
C3857,2024-03-06,United States,Paid Search
C3858,2024-11-02,Spain,Email
C3859,2024-09-29,Germany,Social
C3860,2025-11-13,United States,Paid Search
C3861,2025-02-15,United States,Referral
C3862,2024-12-25,Spain,Organic Search
C3863,2024-07-02,Germany,Organic Search
C3864,2024-12-08,Canada,Referral
C3865,2024-11-15,United States,Referral
C3866,2024-06-01,Spain,Social
C3867,2024-07-21,Germany,Organic Search
C3868,2025-05-24,France,Referral
C3869,2024-10-21,United Kingdom,Email
C3870,2024-09-14,United States,Social
C3871,2025-03-11,Spain,Organic Search
C3872,2024-05-26,Spain,Paid Search
C3873,2024-04-30,United Kingdom,Email
C3874,2025-06-24,Spain,Email
C3875,2025-03-15,United States,Social
C3876,2024-08-19,United States,Paid Search
C3877,2025-06-01,United States,Social
C3878,2024-07-22,United Kingdom,Paid Search
C3879,2025-01-04,United States,Paid Search
C3880,2024-01-20,United Kingdom,Organic Search
C3881,2025-01-16,United States,Organic Search
C3882,2024-04-07,France,Email
C3883,2024-05-12,Canada,Organic Search
C3884,2025-03-18,France,Organic Search
C3885,2024-04-22,United States,Referral
C3886,2024-09-21,France,Social
C3887,2025-05-18,United States,Organic Search
C3888,2025-11-13,France,Paid Search
C3889,2024-08-30,Germany,Email
C3890,2025-06-15,United Kingdom,Paid Search
C3891,2025-07-20,United States,Paid Search
C3892,2024-12-02,Canada,Paid Search
C3893,2024-07-03,Spain,Organic Search
C3894,2025-01-28,France,Email
C3895,2025-06-26,Spain,Organic Search
C3896,2024-12-05,Spain,Paid Search
C3897,2024-12-07,United States,Organic Search
C3898,2024-10-16,France,Organic Search
C3899,2024-04-12,United Kingdom,Organic Search
C3900,2025-09-09,United Kingdom,Email
C3901,2025-05-24,United States,Organic Search
C3902,2025-01-12,Spain,Organic Search
C3903,2025-02-15,France,Organic Search
C3904,2025-04-17,United States,Email
C3905,2024-07-30,United Kingdom,Paid Search
C3906,2024-07-02,United Kingdom,Referral
C3907,2025-06-14,France,Social
C3908,2024-09-08,Spain,Social
C3909,2025-02-05,United States,Social
C3910,2024-12-13,United Kingdom,Organic Search
C3911,2024-03-08,Germany,Referral
C3912,2024-06-20,United Kingdom,Referral
C3913,2024-06-27,United Kingdom,Organic Search
C3914,2025-07-01,United States,Social
C3915,2025-03-02,United States,Organic Search
C3916,2025-11-15,United Kingdom,Social
C3917,2025-06-12,Spain,Email
C3918,2025-07-04,United Kingdom,Referral
C3919,2024-09-02,United States,Paid Search
C3920,2024-05-07,France,Social
C3921,2024-02-04,Spain,Social
C3922,2024-12-04,United Kingdom,Organic Search
C3923,2025-04-15,United States,Social
C3924,2024-02-12,France,Social
C3925,2024-12-17,United Kingdom,Email
C3926,2024-01-19,France,Referral
C3927,2025-04-06,United States,Organic Search
C3928,2024-02-05,United States,Organic Search
C3929,2024-08-26,United Kingdom,Organic Search
C3930,2024-03-08,France,Organic Search
C3931,2024-08-13,United Kingdom,Paid Search
C3932,2025-08-14,United States,Email
C3933,2024-10-22,United Kingdom,Paid Search
C3934,2025-03-29,France,Social
C3935,2025-06-29,United States,Paid Search
C3936,2024-07-06,France,Paid Search
C3937,2025-05-20,France,Email
C3938,2025-08-13,United Kingdom,Social
C3939,2024-03-05,Spain,Paid Search
C3940,2024-11-24,Canada,Referral
C3941,2025-01-30,United States,Paid Search
C3942,2024-06-14,United States,Organic Search
C3943,2024-11-18,United States,Paid Search
C3944,2024-08-24,United States,Social
C3945,2024-03-20,Germany,Paid Search
C3946,2025-08-06,Spain,Email
C3947,2024-08-21,Canada,Social
C3948,2024-07-06,United States,Paid Search
C3949,2025-05-15,United Kingdom,Email
C3950,2024-07-31,United States,Paid Search
C3951,2024-12-08,Germany,Paid Search
C3952,2024-01-07,United States,Organic Search
C3953,2024-06-20,Spain,Paid Search
C3954,2025-04-29,Canada,Paid Search
C3955,2025-05-03,United States,Organic Search
C3956,2025-06-18,France,Social
C3957,2024-02-01,Germany,Organic Search
C3958,2025-04-16,Canada,Organic Search
C3959,2025-07-17,United Kingdom,Social
C3960,2024-01-04,United States,Organic Search
C3961,2025-06-16,Germany,Social
C3962,2025-02-14,United States,Social
C3963,2024-11-19,Germany,Paid Search
C3964,2024-11-09,United States,Organic Search
C3965,2025-04-27,France,Paid Search
C3966,2024-02-21,Canada,Organic Search
C3967,2024-02-15,United States,Paid Search
C3968,2025-05-25,United Kingdom,Email
C3969,2024-11-27,France,Social
C3970,2025-02-28,United States,Paid Search
C3971,2024-10-14,Germany,Referral
C3972,2024-03-20,France,Organic Search
C3973,2024-10-12,United Kingdom,Referral
C3974,2025-06-11,Canada,Email
C3975,2025-06-21,United Kingdom,Paid Search
C3976,2024-03-10,Germany,Organic Search
C3977,2024-07-08,United States,Organic Search
C3978,2024-09-05,United States,Referral
C3979,2024-12-09,United States,Organic Search
C3980,2024-03-27,Spain,Email
C3981,2025-05-25,Canada,Paid Search
C3982,2024-03-23,Canada,Paid Search
C3983,2024-04-19,United States,Social
C3984,2025-11-15,Germany,Organic Search
C3985,2024-07-25,Canada,Paid Search
C3986,2025-09-07,France,Referral
C3987,2024-08-25,United States,Organic Search
C3988,2024-05-21,Canada,Referral
C3989,2024-10-04,United States,Referral
C3990,2025-02-28,United States,Organic Search
C3991,2024-01-07,Spain,Social
C3992,2025-04-23,United Kingdom,Organic Search
C3993,2025-07-02,United Kingdom,Social
C3994,2025-05-16,Germany,Referral
C3995,2025-06-10,Spain,Referral
C3996,2025-05-25,United States,Referral
C3997,2024-12-22,France,Organic Search
C3998,2025-05-10,United States,Social
C3999,2025-04-15,United States,Organic Search
C4000,2024-12-15,United Kingdom,Referral
