order_id,customer_id,order_date,total_amount
O000001,C0001,2025-04-11,41.01
O000002,C0001,2025-05-30,39.96
O000003,C0001,2025-08-31,147.08
O000004,C0001,2025-10-22,48.92
O000005,C0001,2025-12-03,38.46
O000006,C0002,2024-05-09,54.73
O000007,C0002,2024-07-21,172.34
O000008,C0002,2024-09-12,52.24
O000009,C0002,2024-11-28,33.02
O000010,C0002,2025-01-09,271.43
O000011,C0002,2025-04-12,120.59
O000012,C0002,2025-04-27,122.57
O000013,C0002,2025-05-03,51.99
O000014,C0002,2025-06-18,314.32
O000015,C0002,2025-08-01,91.63
O000016,C0002,2025-09-18,30.76
O000017,C0002,2025-12-30,14.54
O000018,C0003,2025-03-06,103.93
O000019,C0003,2025-06-03,103.72
O000020,C0003,2025-07-20,146.64
O000021,C0003,2025-08-07,37.97
O000022,C0003,2025-08-13,66.7
O000023,C0003,2025-10-12,73.35
O000024,C0003,2025-11-01,15.02
O000025,C0003,2025-11-21,82.09
O000026,C0003,2025-12-19,98.51
O000027,C0004,2024-04-03,69.01
O000028,C0004,2024-06-26,32.48
O000029,C0004,2024-08-05,199.57
O000030,C0005,2024-09-26,133.58
O000031,C0006,2025-06-12,106.06
O000032,C0007,2025-01-06,85.51
O000033,C0007,2025-07-15,23.86
O000034,C0007,2025-12-25,81.52
O000035,C0008,2024-04-11,54.44
O000036,C0008,2024-07-25,137.91
O000037,C0008,2024-11-21,156.26
O000038,C0008,2025-01-19,132.47
O000039,C0008,2025-01-25,79.93
O000040,C0008,2025-03-04,7.42
O000041,C0008,2025-04-17,49.04
O000042,C0008,2025-05-11,48.82
O000043,C0008,2025-06-11,89.91
O000044,C0008,2025-08-16,36.35
O000045,C0008,2025-08-27,13.17
O000046,C0008,2025-11-07,42.3
O000047,C0008,2025-12-31,28.3
O000048,C0009,2024-05-20,112.13
O000049,C0009,2024-07-17,13.87
O000050,C0009,2024-08-31,120.16
O000051,C0010,2024-05-20,29.2
O000052,C0010,2024-07-11,55.54
O000053,C0010,2024-09-05,26.97
O000054,C0010,2025-05-09,156.44
O000055,C0011,2025-07-11,82.6
O000056,C0012,2024-02-28,110.98
O000057,C0012,2024-04-01,146.95
O000058,C0012,2024-05-26,175.97
O000059,C0012,2024-10-10,162.96
O000060,C0012,2025-01-14,91.74
O000061,C0012,2025-04-04,37.33
O000062,C0012,2025-04-10,93.68
O000063,C0013,2025-01-01,50.64
O000064,C0014,2025-04-26,66.31
O000065,C0014,2025-05-24,25.89
O000066,C0014,2025-07-11,97.71
O000067,C0014,2025-09-09,17.64
O000068,C0014,2025-11-01,25.97
O000069,C0014,2025-11-14,10.61
O000070,C0014,2025-12-17,30.95
O000071,C0015,2025-08-12,120.32
O000072,C0015,2025-09-16,31.67
O000073,C0015,2025-10-04,18.99
O000074,C0015,2025-11-08,45.65
O000075,C0017,2025-09-10,21.31
O000076,C0018,2024-05-29,97.99
O000077,C0019,2024-02-08,30.88
O000078,C0019,2024-03-06,96.35
O000079,C0019,2024-04-11,48.15
O000080,C0019,2024-07-03,90.85
O000081,C0019,2024-08-03,122.1
O000082,C0020,2025-03-31,38.3
O000083,C0020,2025-08-14,37.55
O000084,C0020,2025-09-24,29.42
O000085,C0021,2024-01-29,73.65
O000086,C0021,2024-03-12,115.02
O000087,C0021,2024-05-08,50.18
O000088,C0021,2024-06-06,41.04
O000089,C0021,2024-07-04,46.26
O000090,C0021,2024-07-25,102.73
O000091,C0021,2024-09-07,68.33
O000092,C0021,2024-10-05,29.99
O000093,C0021,2024-11-08,31.85
O000094,C0021,2024-12-14,29.68
O000095,C0021,2025-01-04,173.65
O000096,C0021,2025-03-20,48.34
O000097,C0021,2025-03-26,12.18
O000098,C0021,2025-05-17,43.2
O000099,C0021,2025-12-22,69.6
O000100,C0022,2024-09-05,165.5
O000101,C0022,2025-05-05,41.59
O000102,C0022,2025-06-15,55.01
O000103,C0022,2025-08-04,135.33
O000104,C0022,2025-09-02,96.44
O000105,C0022,2025-09-17,48.83
O000106,C0022,2025-12-04,69.77
O000107,C0023,2024-02-12,283.84
O000108,C0023,2024-03-16,34.6
O000109,C0023,2024-09-04,69.12
O000110,C0024,2025-03-04,129.05
O000111,C0024,2025-05-11,67.97
O000112,C0024,2025-06-01,153.32
O000113,C0024,2025-07-20,35.68
O000114,C0024,2025-08-29,94.98
O000115,C0024,2025-09-14,198.22
O000116,C0024,2025-10-20,116.38
O000117,C0024,2025-11-18,182.07
O000118,C0024,2025-12-22,108.2
O000119,C0025,2025-08-02,24.9
O000120,C0025,2025-08-15,44.01
O000121,C0025,2025-12-20,41.87
O000122,C0026,2024-07-05,53.79
O000123,C0026,2024-08-23,224.93
O000124,C0026,2024-11-23,40.01
O000125,C0026,2025-01-04,52.31
O000126,C0027,2024-06-26,33.51
O000127,C0028,2025-01-12,14.43
O000128,C0028,2025-05-03,171.7
O000129,C0029,2024-10-08,144.78
O000130,C0029,2024-11-26,258.74
O000131,C0029,2024-12-31,84.8
O000132,C0029,2025-01-14,89.24
O000133,C0029,2025-10-10,115.21
O000134,C0030,2024-08-09,481.15
O000135,C0030,2024-10-15,264.56
O000136,C0030,2024-10-22,132.47
O000137,C0030,2024-11-14,271.75
O000138,C0030,2025-01-10,66.26
O000139,C0031,2025-08-17,62.05
O000140,C0032,2024-04-30,62.27
O000141,C0032,2024-05-29,161.12
O000142,C0032,2024-09-17,34.81
O000143,C0032,2024-10-26,78.15
O000144,C0032,2024-12-01,104.18
O000145,C0032,2025-01-08,146.86
O000146,C0032,2025-02-02,57.42
O000147,C0032,2025-05-13,32.15
O000148,C0033,2024-05-31,9.9
O000149,C0033,2024-06-30,27.05
O000150,C0033,2024-07-16,269.62
O000151,C0033,2024-09-06,59.02
O000152,C0033,2024-10-05,168.75
O000153,C0033,2024-12-17,357.16
O000154,C0033,2025-01-13,134.85
O000155,C0033,2025-03-05,133.56
O000156,C0033,2025-03-27,30.44
O000157,C0033,2025-05-26,58.35
O000158,C0033,2025-07-03,132.26
O000159,C0033,2025-08-04,149.94
O000160,C0033,2025-08-30,104.03
O000161,C0033,2025-09-25,80.05
O000162,C0033,2025-10-11,52.02
O000163,C0033,2025-12-09,201.21
O000164,C0034,2025-09-18,12.72
O000165,C0035,2025-02-19,229.24
O000166,C0036,2025-03-05,20.18
O000167,C0037,2024-10-21,32.62
O000168,C0037,2024-11-27,52.16
O000169,C0037,2025-02-25,141.56
O000170,C0037,2025-04-03,48.73
O000171,C0037,2025-04-19,188.08
O000172,C0037,2025-05-05,33.71
O000173,C0038,2025-02-20,210.69
O000174,C0038,2025-03-18,62.16
O000175,C0038,2025-04-03,132.66
O000176,C0038,2025-04-22,220.1
O000177,C0038,2025-05-28,121.92
O000178,C0038,2025-06-21,115.25
O000179,C0038,2025-07-28,209.38
O000180,C0038,2025-08-09,102.64
O000181,C0038,2025-09-09,280.72
O000182,C0038,2025-10-05,150.41
O000183,C0038,2025-11-01,51.08
O000184,C0038,2025-11-18,154.24
O000185,C0038,2025-12-29,132.18
O000186,C0039,2025-10-24,68.8
O000187,C0039,2025-12-20,134.43
O000188,C0040,2024-09-15,36.62
O000189,C0040,2024-10-30,54.49
O000190,C0041,2024-07-25,179.13
O000191,C0041,2024-10-27,75.89
O000192,C0041,2025-02-05,64.21
O000193,C0041,2025-07-01,102.04
O000194,C0041,2025-07-13,13.3
O000195,C0042,2024-10-12,134.72
O000196,C0042,2024-12-05,114.23
O000197,C0042,2024-12-18,65.02
O000198,C0042,2024-12-24,187.55
O000199,C0042,2025-03-15,29.32
O000200,C0043,2025-09-01,236.9
O000201,C0043,2025-11-09,150.66
O000202,C0044,2025-03-09,372.51
O000203,C0044,2025-05-15,16.5
O000204,C0044,2025-06-26,227.34
O000205,C0044,2025-08-11,92.93
O000206,C0044,2025-09-27,288.44
O000207,C0044,2025-10-24,129.78
O000208,C0044,2025-11-10,43.79
O000209,C0044,2025-12-01,143.94
O000210,C0045,2024-04-17,142.69
O000211,C0045,2024-06-18,115.12
O000212,C0045,2024-07-29,71.48
O000213,C0045,2024-10-12,23.6
O000214,C0045,2024-12-02,66.75
O000215,C0045,2025-01-19,21.96
O000216,C0045,2025-03-27,41.89
O000217,C0045,2025-06-25,74.89
O000218,C0045,2025-07-14,385.01
O000219,C0045,2025-08-06,188.99
O000220,C0045,2025-08-29,101.38
O000221,C0045,2025-09-28,49.44
O000222,C0045,2025-12-23,142.72
O000223,C0046,2024-02-03,138.1
O000224,C0046,2024-03-28,133.47
O000225,C0046,2024-06-21,223.83
O000226,C0046,2024-07-01,95.49
O000227,C0046,2024-08-13,219.2
O000228,C0046,2024-08-21,75.1
O000229,C0046,2024-10-17,69.17
O000230,C0046,2024-11-28,75.16
O000231,C0046,2025-01-16,254.01
O000232,C0046,2025-02-05,158.37
O000233,C0046,2025-08-05,336.57
O000234,C0046,2025-09-04,101.22
O000235,C0046,2025-10-08,159.18
O000236,C0046,2025-12-28,214.51
O000237,C0047,2024-09-30,26.56
O000238,C0047,2024-10-27,128.56
O000239,C0048,2024-02-12,36.84
O000240,C0048,2024-03-21,264.08
O000241,C0048,2024-06-14,87.7
O000242,C0048,2024-07-31,65.83
O000243,C0048,2024-09-03,104.15
O000244,C0048,2024-10-13,161.53
O000245,C0048,2024-12-20,141.38
O000246,C0048,2025-01-31,100.97
O000247,C0048,2025-03-20,125.27
O000248,C0048,2025-03-31,24.63
O000249,C0048,2025-05-30,244.02
O000250,C0048,2025-07-19,88.96
O000251,C0048,2025-09-03,161.7
O000252,C0048,2025-09-15,223.92
O000253,C0048,2025-10-08,45.53
O000254,C0048,2025-12-01,58.86
O000255,C0049,2025-07-26,51.83
O000256,C0049,2025-09-02,102.33
O000257,C0050,2024-08-30,62.32
O000258,C0050,2025-01-17,41.78
O000259,C0050,2025-04-22,125.75
O000260,C0050,2025-12-04,267.45
O000261,C0051,2024-01-06,154.65
O000262,C0051,2024-01-25,46.09
O000263,C0051,2024-02-03,101.06
O000264,C0051,2024-02-17,107.67
O000265,C0051,2024-03-14,97.68
O000266,C0051,2024-04-26,26.79
O000267,C0051,2024-05-28,200.5
O000268,C0051,2024-07-26,139.94
O000269,C0052,2024-05-26,49.01
O000270,C0052,2024-06-25,42.73
O000271,C0052,2024-08-02,17.75
O000272,C0052,2024-09-08,75.5
O000273,C0052,2024-10-05,124.67
O000274,C0052,2024-10-24,167.4
O000275,C0052,2024-12-11,52.5
O000276,C0052,2024-12-18,319.74
O000277,C0052,2025-01-15,170.7
O000278,C0052,2025-02-18,140.05
O000279,C0052,2025-03-23,93.45
O000280,C0052,2025-04-15,193.65
O000281,C0052,2025-05-17,112.17
O000282,C0052,2025-06-23,26.8
O000283,C0052,2025-06-29,82.48
O000284,C0052,2025-08-26,84.89
O000285,C0052,2025-09-12,149.15
O000286,C0052,2025-09-27,104.28
O000287,C0052,2025-10-23,15.79
O000288,C0052,2025-11-13,263.58
O000289,C0053,2024-10-28,34.48
O000290,C0053,2024-11-23,112.73
O000291,C0053,2024-12-26,46.31
O000292,C0053,2025-01-05,64.71
O000293,C0053,2025-02-24,28.0
O000294,C0053,2025-05-15,137.68
O000295,C0053,2025-07-02,31.62
O000296,C0053,2025-08-27,192.81
O000297,C0053,2025-11-09,75.23
O000298,C0054,2024-08-01,93.02
O000299,C0056,2024-04-04,213.54
O000300,C0056,2024-05-07,370.61
O000301,C0056,2024-05-19,24.06
O000302,C0056,2024-06-19,100.57
O000303,C0056,2024-08-21,15.03
O000304,C0056,2024-09-12,43.84
O000305,C0056,2024-11-17,81.76
O000306,C0056,2025-01-21,11.95
O000307,C0056,2025-03-16,8.06
O000308,C0056,2025-05-23,76.54
O000309,C0056,2025-07-31,73.52
O000310,C0056,2025-10-16,59.47
O000311,C0056,2025-12-19,136.07
O000312,C0058,2024-11-25,122.57
O000313,C0058,2024-12-04,31.27
O000314,C0058,2025-01-03,228.17
O000315,C0058,2025-02-05,140.47
O000316,C0058,2025-03-21,72.88
O000317,C0058,2025-05-21,199.76
O000318,C0058,2025-07-06,510.5
O000319,C0058,2025-07-27,118.38
O000320,C0058,2025-08-07,140.2
O000321,C0058,2025-08-30,152.55
O000322,C0058,2025-09-09,38.54
O000323,C0060,2025-09-29,23.3
O000324,C0060,2025-11-28,48.0
O000325,C0060,2025-12-18,92.28
O000326,C0061,2024-02-13,117.75
O000327,C0061,2024-02-27,97.51
O000328,C0061,2024-08-28,91.28
O000329,C0061,2024-11-16,25.86
O000330,C0061,2025-04-10,59.22
O000331,C0062,2025-03-23,31.4
O000332,C0062,2025-12-26,109.01
O000333,C0063,2024-07-15,242.37
O000334,C0063,2024-09-05,91.56
O000335,C0063,2025-03-14,81.73
O000336,C0064,2024-12-25,223.7
O000337,C0064,2025-02-16,99.87
O000338,C0064,2025-03-21,319.35
O000339,C0064,2025-04-22,97.03
O000340,C0064,2025-05-07,140.18
O000341,C0064,2025-07-05,266.72
O000342,C0064,2025-07-29,16.54
O000343,C0064,2025-08-18,125.11
O000344,C0064,2025-09-18,230.54
O000345,C0064,2025-10-18,213.33
O000346,C0064,2025-11-11,127.78
O000347,C0064,2025-12-05,13.44
O000348,C0064,2025-12-27,346.75
O000349,C0065,2024-06-13,42.61
O000350,C0065,2024-09-02,113.13
O000351,C0065,2024-11-04,14.49
O000352,C0065,2025-01-04,7.0
O000353,C0065,2025-03-23,47.11
O000354,C0065,2025-04-16,51.03
O000355,C0065,2025-06-02,157.46
O000356,C0065,2025-11-16,136.31
O000357,C0065,2025-11-30,45.91
O000358,C0066,2024-09-05,87.07
O000359,C0066,2024-09-11,402.38
O000360,C0066,2024-09-17,84.7
O000361,C0066,2024-10-22,46.64
O000362,C0066,2024-11-14,165.29
O000363,C0066,2024-12-30,94.64
O000364,C0066,2025-02-12,124.57
O000365,C0066,2025-04-30,108.61
O000366,C0066,2025-07-29,232.92
O000367,C0066,2025-08-24,78.62
O000368,C0066,2025-09-23,60.27
O000369,C0066,2025-11-07,129.18
O000370,C0066,2025-11-22,44.55
O000371,C0066,2025-12-30,325.8
O000372,C0067,2025-02-03,68.64
O000373,C0069,2025-05-02,50.54
O000374,C0069,2025-11-08,185.76
O000375,C0069,2025-12-26,30.11
O000376,C0071,2024-11-14,139.99
O000377,C0071,2024-12-24,147.44
O000378,C0071,2025-02-09,50.12
O000379,C0071,2025-05-16,6.66
O000380,C0071,2025-07-30,75.52
O000381,C0071,2025-08-15,568.19
O000382,C0071,2025-11-02,90.5
O000383,C0071,2025-12-18,31.05
O000384,C0072,2024-10-23,186.79
O000385,C0072,2024-12-01,85.87
O000386,C0073,2025-06-18,13.62
O000387,C0073,2025-07-10,95.62
O000388,C0073,2025-10-07,111.55
O000389,C0074,2024-05-08,35.5
O000390,C0074,2024-06-04,49.41
O000391,C0074,2024-06-12,12.98
O000392,C0074,2024-08-05,71.42
O000393,C0074,2024-11-18,85.72
O000394,C0074,2024-12-16,12.79
O000395,C0074,2025-03-29,70.22
O000396,C0074,2025-04-19,62.5
O000397,C0074,2025-05-11,159.38
O000398,C0074,2025-07-14,27.76
O000399,C0074,2025-10-30,131.53
O000400,C0074,2025-11-05,62.62
O000401,C0076,2025-10-02,84.88
O000402,C0076,2025-12-19,58.8
O000403,C0077,2024-12-19,6.68
O000404,C0077,2025-03-15,38.64
O000405,C0077,2025-05-02,120.81
O000406,C0077,2025-05-08,53.38
O000407,C0077,2025-09-18,79.18
O000408,C0077,2025-09-29,45.88
O000409,C0078,2024-11-20,130.38
O000410,C0078,2024-12-11,129.23
O000411,C0078,2025-01-12,218.34
O000412,C0078,2025-03-14,456.25
O000413,C0078,2025-04-08,112.91
O000414,C0078,2025-05-02,313.96
O000415,C0078,2025-05-28,206.73
O000416,C0078,2025-06-29,195.39
O000417,C0078,2025-07-10,169.84
O000418,C0078,2025-09-03,40.73
O000419,C0078,2025-09-27,80.04
O000420,C0078,2025-11-01,229.59
O000421,C0078,2025-11-18,71.72
O000422,C0079,2025-05-16,63.16
O000423,C0079,2025-06-15,56.23
O000424,C0079,2025-08-05,11.03
O000425,C0079,2025-10-19,62.07
O000426,C0080,2025-01-10,236.65
O000427,C0080,2025-01-21,115.63
O000428,C0080,2025-03-03,163.55
O000429,C0080,2025-04-15,45.96
O000430,C0080,2025-04-21,155.59
O000431,C0080,2025-05-06,123.94
O000432,C0080,2025-05-25,52.38
O000433,C0080,2025-07-03,74.68
O000434,C0080,2025-08-07,246.92
O000435,C0080,2025-08-19,445.95
O000436,C0080,2025-09-10,329.72
O000437,C0080,2025-10-05,182.13
O000438,C0080,2025-10-17,202.65
O000439,C0080,2025-11-09,279.45
O000440,C0080,2025-12-09,496.35
O000441,C0080,2025-12-29,83.16
O000442,C0081,2025-06-26,36.75
O000443,C0081,2025-08-04,73.83
O000444,C0081,2025-10-21,29.08
O000445,C0081,2025-12-01,33.87
O000446,C0083,2025-02-03,13.86
O000447,C0083,2025-05-28,18.86
O000448,C0083,2025-08-12,25.5
O000449,C0083,2025-08-24,24.2
O000450,C0083,2025-10-16,38.67
O000451,C0084,2025-05-31,34.3
O000452,C0084,2025-06-18,154.16
O000453,C0084,2025-08-20,34.13
O000454,C0084,2025-09-03,134.53
O000455,C0084,2025-10-08,48.06
O000456,C0084,2025-12-01,127.62
O000457,C0085,2025-05-28,22.19
O000458,C0085,2025-07-21,16.98
O000459,C0085,2025-10-08,96.79
O000460,C0085,2025-11-04,34.77
O000461,C0086,2025-12-12,11.51
O000462,C0087,2024-03-04,101.81
O000463,C0088,2024-12-25,48.94
O000464,C0088,2025-01-08,265.86
O000465,C0088,2025-03-13,66.31
O000466,C0089,2025-06-05,24.17
O000467,C0089,2025-07-29,176.61
O000468,C0089,2025-12-30,133.84
O000469,C0090,2025-08-04,190.92
O000470,C0090,2025-12-22,21.6
O000471,C0091,2024-11-08,42.61
O000472,C0091,2024-12-16,31.8
O000473,C0091,2025-02-17,59.19
O000474,C0091,2025-03-30,28.16
O000475,C0091,2025-05-14,32.05
O000476,C0091,2025-09-21,106.53
O000477,C0092,2025-11-29,8.08
O000478,C0093,2025-05-12,243.49
O000479,C0093,2025-07-28,298.95
O000480,C0093,2025-11-26,237.39
O000481,C0094,2024-01-26,17.88
O000482,C0094,2024-05-19,14.0
O000483,C0094,2024-08-30,94.56
O000484,C0094,2025-03-11,99.67
O000485,C0094,2025-05-11,63.06
O000486,C0095,2025-05-05,33.34
O000487,C0095,2025-08-05,226.47
O000488,C0095,2025-11-02,27.19
O000489,C0096,2025-02-10,99.85
O000490,C0096,2025-04-24,22.25
O000491,C0096,2025-07-21,21.81
O000492,C0097,2025-09-16,52.9
O000493,C0097,2025-10-12,37.47
O000494,C0097,2025-10-30,72.9
O000495,C0097,2025-12-23,51.2
O000496,C0098,2024-04-12,70.62
O000497,C0098,2024-07-05,76.08
O000498,C0098,2024-08-03,195.96
O000499,C0098,2024-10-13,190.73
O000500,C0098,2024-12-01,121.24
O000501,C0098,2025-01-15,195.14
O000502,C0098,2025-03-21,37.35
O000503,C0098,2025-05-14,72.12
O000504,C0098,2025-07-04,128.46
O000505,C0098,2025-08-03,117.09
O000506,C0098,2025-09-11,170.82
O000507,C0098,2025-11-08,75.28
O000508,C0098,2025-12-04,231.91
O000509,C0099,2025-06-03,30.28
O000510,C0099,2025-07-15,157.31
O000511,C0099,2025-09-14,73.14
O000512,C0100,2024-07-19,17.13
O000513,C0100,2024-12-14,37.57
O000514,C0100,2025-02-14,7.06
O000515,C0100,2025-05-22,86.77
O000516,C0100,2025-08-03,185.72
O000517,C0101,2024-09-30,43.15
O000518,C0101,2024-12-02,55.82
O000519,C0101,2024-12-17,47.28
O000520,C0101,2025-08-11,43.55
O000521,C0102,2024-06-13,332.77
O000522,C0102,2024-08-25,349.75
O000523,C0102,2024-09-29,244.06
O000524,C0102,2024-12-06,218.58
O000525,C0103,2025-06-23,278.21
O000526,C0103,2025-07-27,258.83
O000527,C0103,2025-09-09,58.11
O000528,C0103,2025-12-06,114.67
O000529,C0104,2024-09-29,125.2
O000530,C0104,2024-10-05,141.48
O000531,C0104,2024-10-11,70.92
O000532,C0104,2024-11-21,71.78
O000533,C0105,2024-03-09,250.33
O000534,C0105,2024-06-03,150.16
O000535,C0105,2024-07-31,58.7
O000536,C0105,2024-11-22,57.76
O000537,C0105,2025-01-09,39.19
O000538,C0105,2025-02-01,172.96
O000539,C0105,2025-04-19,246.26
O000540,C0105,2025-05-30,94.81
O000541,C0105,2025-07-22,38.49
O000542,C0105,2025-12-22,48.24
O000543,C0106,2024-01-30,63.56
O000544,C0106,2024-03-20,55.51
O000545,C0106,2024-05-14,48.2
O000546,C0106,2024-06-14,48.87
O000547,C0106,2024-10-08,45.04
O000548,C0106,2024-12-07,79.43
O000549,C0106,2025-02-18,46.31
O000550,C0106,2025-06-21,130.34
O000551,C0106,2025-07-17,67.85
O000552,C0106,2025-10-01,27.1
O000553,C0106,2025-12-27,11.69
O000554,C0107,2025-06-28,91.38
O000555,C0107,2025-07-11,6.39
O000556,C0107,2025-11-16,21.92
O000557,C0108,2024-05-23,42.68
O000558,C0108,2024-08-16,41.29
O000559,C0108,2024-10-01,148.51
O000560,C0108,2025-05-25,73.33
O000561,C0108,2025-06-17,46.94
O000562,C0109,2025-04-13,12.75
O000563,C0109,2025-05-09,52.28
O000564,C0109,2025-07-24,6.93
O000565,C0109,2025-10-02,80.82
O000566,C0110,2024-03-07,52.15
O000567,C0110,2024-05-04,28.08
O000568,C0110,2024-10-18,151.5
O000569,C0110,2024-11-18,26.12
O000570,C0110,2024-12-23,18.59
O000571,C0110,2025-03-02,33.43
O000572,C0110,2025-07-19,37.77
O000573,C0111,2025-05-12,89.19
O000574,C0111,2025-11-14,249.04
O000575,C0111,2025-12-04,46.29
O000576,C0112,2025-01-23,11.54
O000577,C0112,2025-04-12,30.48
O000578,C0113,2024-06-03,75.6
O000579,C0113,2024-08-15,154.55
O000580,C0113,2024-09-01,24.76
O000581,C0114,2025-05-09,35.3
O000582,C0114,2025-05-16,17.75
O000583,C0114,2025-05-29,67.0
O000584,C0114,2025-06-12,146.8
O000585,C0114,2025-08-19,83.48
O000586,C0114,2025-09-23,72.08
O000587,C0114,2025-11-20,157.93
O000588,C0114,2025-12-25,59.99
O000589,C0115,2024-07-06,137.39
O000590,C0115,2024-08-19,118.96
O000591,C0115,2024-12-07,82.33
O000592,C0115,2025-02-25,42.82
O000593,C0115,2025-08-12,26.72
O000594,C0115,2025-10-09,47.73
O000595,C0116,2025-09-03,64.13
O000596,C0117,2024-12-16,32.14
O000597,C0117,2025-01-14,535.82
O000598,C0117,2025-02-17,259.86
O000599,C0117,2025-03-28,80.38
O000600,C0117,2025-05-31,95.52
O000601,C0117,2025-07-05,89.44
O000602,C0117,2025-10-14,101.96
O000603,C0117,2025-12-12,248.04
O000604,C0118,2024-09-07,44.11
O000605,C0118,2024-10-18,58.0
O000606,C0118,2024-10-31,178.12
O000607,C0118,2025-05-09,76.47
O000608,C0118,2025-07-13,44.81
O000609,C0118,2025-07-30,52.33
O000610,C0119,2024-03-08,18.11
O000611,C0119,2024-04-29,20.12
O000612,C0119,2024-06-17,31.9
O000613,C0119,2024-10-09,50.1
O000614,C0120,2024-05-26,89.17
O000615,C0120,2024-06-25,176.08
O000616,C0120,2024-07-02,97.99
O000617,C0121,2024-02-07,56.54
O000618,C0121,2024-05-02,64.18
O000619,C0121,2024-08-01,43.46
O000620,C0121,2025-01-27,53.93
O000621,C0121,2025-05-02,49.93
O000622,C0121,2025-05-26,22.1
O000623,C0121,2025-11-08,53.42
O000624,C0122,2025-06-03,27.71
O000625,C0122,2025-11-02,55.27
O000626,C0123,2024-03-12,244.26
O000627,C0123,2024-05-18,76.4
O000628,C0123,2024-06-06,151.1
O000629,C0123,2024-07-12,243.09
O000630,C0123,2024-07-18,177.96
O000631,C0123,2025-01-15,52.66
O000632,C0123,2025-03-23,195.27
O000633,C0123,2025-04-26,64.73
O000634,C0123,2025-10-25,203.55
O000635,C0123,2025-12-19,107.83
O000636,C0123,2025-12-31,155.57
O000637,C0124,2024-03-27,41.35
O000638,C0124,2024-04-12,153.09
O000639,C0124,2024-05-09,45.3
O000640,C0124,2024-08-10,22.44
O000641,C0125,2024-05-28,14.3
O000642,C0125,2024-08-05,135.06
O000643,C0126,2025-06-26,10.02
O000644,C0126,2025-11-21,32.86
O000645,C0127,2025-08-13,96.58
O000646,C0128,2025-02-20,78.69
O000647,C0128,2025-05-06,197.57
O000648,C0128,2025-06-20,26.64
O000649,C0128,2025-07-17,310.83
O000650,C0128,2025-08-31,6.66
O000651,C0128,2025-12-21,30.08
O000652,C0129,2024-02-17,104.35
O000653,C0129,2024-04-21,50.73
O000654,C0129,2024-11-20,113.27
O000655,C0129,2025-01-03,37.46
O000656,C0129,2025-03-14,29.03
O000657,C0129,2025-07-07,124.78
O000658,C0129,2025-09-17,63.85
O000659,C0129,2025-12-23,41.22
O000660,C0130,2024-10-13,141.08
O000661,C0130,2024-11-02,60.42
O000662,C0131,2025-11-16,78.05
O000663,C0131,2025-11-26,79.46
O000664,C0132,2025-07-25,203.67
O000665,C0132,2025-09-13,51.13
O000666,C0132,2025-10-09,84.7
O000667,C0132,2025-11-19,144.6
O000668,C0133,2025-04-02,60.19
O000669,C0133,2025-07-13,555.68
O000670,C0134,2024-02-09,30.02
O000671,C0134,2024-04-25,21.08
O000672,C0134,2024-12-28,44.84
O000673,C0134,2025-01-13,36.86
O000674,C0134,2025-02-04,120.63
O000675,C0134,2025-04-15,19.91
O000676,C0134,2025-07-09,18.78
O000677,C0134,2025-11-15,24.12
O000678,C0134,2025-12-19,24.9
O000679,C0136,2024-10-29,54.68
O000680,C0136,2024-11-22,98.32
O000681,C0136,2025-01-17,119.84
O000682,C0136,2025-02-14,33.77
O000683,C0136,2025-05-11,181.5
O000684,C0136,2025-07-03,137.22
O000685,C0136,2025-11-29,65.19
O000686,C0138,2024-09-01,19.03
O000687,C0138,2025-12-17,12.68
O000688,C0139,2025-03-14,92.84
O000689,C0139,2025-04-13,47.27
O000690,C0139,2025-05-03,150.59
O000691,C0139,2025-05-17,31.21
O000692,C0139,2025-06-16,118.23
O000693,C0139,2025-06-28,571.43
O000694,C0139,2025-07-26,260.83
O000695,C0139,2025-08-11,87.88
O000696,C0139,2025-09-06,101.22
O000697,C0139,2025-09-19,133.67
O000698,C0139,2025-10-25,9.32
O000699,C0139,2025-12-12,72.87
O000700,C0139,2025-12-21,187.25
O000701,C0140,2025-04-12,76.84
O000702,C0140,2025-05-16,249.4
O000703,C0140,2025-06-07,42.27
O000704,C0141,2024-07-04,131.01
O000705,C0141,2024-08-27,64.61
O000706,C0142,2024-12-21,92.4
O000707,C0142,2025-02-11,69.45
O000708,C0142,2025-02-23,35.09
O000709,C0142,2025-03-25,240.7
O000710,C0142,2025-06-01,45.63
O000711,C0142,2025-06-10,250.94
O000712,C0142,2025-09-13,107.69
O000713,C0142,2025-09-23,49.81
O000714,C0142,2025-09-29,82.13
O000715,C0142,2025-10-05,43.2
O000716,C0142,2025-12-10,96.92
O000717,C0143,2024-09-22,266.15
O000718,C0143,2025-01-25,420.44
O000719,C0144,2024-09-06,27.27
O000720,C0144,2024-11-01,128.85
O000721,C0144,2025-03-07,49.44
O000722,C0144,2025-06-07,56.6
O000723,C0144,2025-06-25,109.7
O000724,C0144,2025-09-05,43.34
O000725,C0144,2025-09-22,79.03
O000726,C0144,2025-09-28,144.64
O000727,C0144,2025-10-23,8.05
O000728,C0144,2025-11-21,14.5
O000729,C0144,2025-11-30,106.47
O000730,C0145,2025-04-11,143.78
O000731,C0145,2025-04-27,14.85
O000732,C0145,2025-05-10,74.79
O000733,C0145,2025-05-20,180.6
O000734,C0145,2025-07-22,128.94
O000735,C0145,2025-09-25,136.7
O000736,C0145,2025-10-29,183.64
O000737,C0145,2025-11-13,174.94
O000738,C0146,2024-05-24,11.2
O000739,C0146,2024-07-11,100.98
O000740,C0146,2024-08-27,45.94
O000741,C0146,2024-09-22,119.53
O000742,C0146,2024-12-30,13.95
O000743,C0146,2025-02-27,74.41
O000744,C0146,2025-05-19,49.66
O000745,C0146,2025-09-21,17.55
O000746,C0146,2025-11-07,21.63
O000747,C0146,2025-12-10,83.25
O000748,C0147,2024-04-10,85.09
O000749,C0147,2024-06-01,97.14
O000750,C0147,2024-07-12,389.99
O000751,C0147,2024-08-29,60.8
O000752,C0147,2024-10-03,239.44
O000753,C0148,2024-10-01,77.25
O000754,C0148,2024-11-08,112.35
O000755,C0148,2024-11-26,122.33
O000756,C0148,2024-12-13,102.17
O000757,C0148,2025-04-27,60.52
O000758,C0148,2025-05-14,86.15
O000759,C0148,2025-05-30,85.88
O000760,C0148,2025-06-21,172.09
O000761,C0148,2025-06-27,77.78
O000762,C0148,2025-08-05,77.31
O000763,C0148,2025-08-14,53.68
O000764,C0148,2025-08-22,53.59
O000765,C0148,2025-09-25,421.59
O000766,C0148,2025-11-03,181.78
O000767,C0150,2024-04-16,47.33
O000768,C0150,2024-05-22,103.66
O000769,C0150,2024-06-30,142.7
O000770,C0150,2024-07-29,114.09
O000771,C0150,2024-10-28,43.49
O000772,C0151,2024-07-18,35.67
O000773,C0151,2024-12-11,69.01
O000774,C0151,2024-12-21,108.35
O000775,C0151,2025-01-18,97.74
O000776,C0151,2025-02-07,135.0
O000777,C0151,2025-03-22,67.94
O000778,C0151,2025-05-08,91.87
O000779,C0151,2025-05-25,118.74
O000780,C0151,2025-07-25,120.28
O000781,C0151,2025-09-14,193.0
O000782,C0151,2025-11-29,496.32
O000783,C0151,2025-12-19,239.94
O000784,C0152,2025-01-19,41.24
O000785,C0152,2025-02-17,66.54
O000786,C0152,2025-07-12,98.27
O000787,C0152,2025-08-01,45.41
O000788,C0152,2025-08-18,76.12
O000789,C0152,2025-10-12,73.45
O000790,C0152,2025-12-01,16.96
O000791,C0152,2025-12-28,118.14
O000792,C0153,2024-11-06,192.33
O000793,C0153,2024-11-21,101.44
O000794,C0153,2025-01-06,149.47
O000795,C0153,2025-05-02,87.0
O000796,C0153,2025-08-01,20.15
O000797,C0153,2025-10-18,66.91
O000798,C0154,2024-12-01,197.42
O000799,C0154,2024-12-15,49.98
O000800,C0154,2025-01-21,262.24
O000801,C0154,2025-01-27,130.74
O000802,C0154,2025-03-07,52.48
O000803,C0154,2025-03-13,308.35
O000804,C0154,2025-03-22,196.89
O000805,C0154,2025-05-06,32.99
O000806,C0154,2025-05-18,27.38
O000807,C0154,2025-07-02,60.27
O000808,C0154,2025-08-02,374.55
O000809,C0154,2025-09-07,216.4
O000810,C0154,2025-09-17,37.89
O000811,C0155,2024-10-31,206.77
O000812,C0155,2024-12-04,204.25
O000813,C0155,2025-01-16,350.13
O000814,C0155,2025-01-29,167.77
O000815,C0155,2025-02-09,142.83
O000816,C0155,2025-03-06,53.31
O000817,C0155,2025-06-27,63.44
O000818,C0155,2025-10-15,41.52
O000819,C0155,2025-11-10,155.67
O000820,C0155,2025-12-28,174.76
O000821,C0156,2025-10-27,96.14
O000822,C0156,2025-11-17,235.55
O000823,C0156,2025-12-14,192.52
O000824,C0156,2025-12-27,28.46
O000825,C0157,2025-11-12,39.68
O000826,C0157,2025-11-30,173.96
O000827,C0159,2024-09-12,48.82
O000828,C0159,2024-10-27,153.9
O000829,C0159,2024-12-24,15.02
O000830,C0159,2025-02-14,45.67
O000831,C0160,2024-07-06,217.04
O000832,C0160,2024-11-06,59.11
O000833,C0160,2024-11-30,95.34
O000834,C0160,2025-02-16,170.73
O000835,C0162,2025-05-12,108.56
O000836,C0162,2025-07-03,58.88
O000837,C0162,2025-08-20,66.16
O000838,C0162,2025-09-01,26.61
O000839,C0162,2025-10-23,129.96
O000840,C0162,2025-12-05,50.1
O000841,C0163,2024-10-31,47.3
O000842,C0163,2025-05-05,26.09
O000843,C0163,2025-06-08,51.08
O000844,C0163,2025-10-21,178.29
O000845,C0164,2025-01-13,109.67
O000846,C0164,2025-02-09,184.17
O000847,C0164,2025-02-24,69.59
O000848,C0164,2025-05-06,150.5
O000849,C0164,2025-05-12,306.42
O000850,C0164,2025-05-23,144.3
O000851,C0164,2025-06-22,65.13
O000852,C0164,2025-07-20,102.74
O000853,C0164,2025-08-20,172.6
O000854,C0164,2025-10-04,341.86
O000855,C0165,2024-08-24,112.07
O000856,C0165,2024-10-30,148.85
O000857,C0165,2024-11-05,299.26
O000858,C0165,2025-01-23,83.63
O000859,C0165,2025-05-02,444.35
O000860,C0165,2025-08-01,151.96
O000861,C0166,2025-02-18,48.72
O000862,C0166,2025-04-04,66.78
O000863,C0166,2025-12-13,13.49
O000864,C0167,2025-02-16,23.21
O000865,C0167,2025-03-14,139.02
O000866,C0167,2025-03-25,88.54
O000867,C0167,2025-06-08,77.36
O000868,C0167,2025-08-16,146.95
O000869,C0168,2024-11-02,109.04
O000870,C0168,2024-12-19,27.95
O000871,C0168,2025-02-20,44.96
O000872,C0170,2025-12-12,47.63
O000873,C0171,2024-04-11,106.99
O000874,C0171,2024-07-21,87.08
O000875,C0171,2024-10-02,75.92
O000876,C0171,2025-03-10,204.91
O000877,C0171,2025-05-01,140.44
O000878,C0171,2025-07-08,21.14
O000879,C0171,2025-10-19,20.89
O000880,C0171,2025-11-14,91.15
O000881,C0172,2024-05-30,14.56
O000882,C0172,2024-08-02,247.26
O000883,C0172,2024-08-19,102.83
O000884,C0172,2024-09-19,289.78
O000885,C0172,2024-10-05,155.84
O000886,C0172,2024-12-31,209.7
O000887,C0173,2025-11-28,37.72
O000888,C0174,2024-09-01,51.43
O000889,C0174,2024-11-12,16.19
O000890,C0174,2025-01-16,201.26
O000891,C0174,2025-01-30,128.77
O000892,C0174,2025-03-28,80.12
O000893,C0174,2025-05-25,69.92
O000894,C0174,2025-10-10,160.38
O000895,C0174,2025-11-17,59.32
O000896,C0175,2024-08-15,20.28
O000897,C0175,2024-11-20,82.26
O000898,C0175,2025-07-03,111.44
O000899,C0175,2025-08-22,31.77
O000900,C0175,2025-12-16,44.84
O000901,C0176,2025-04-11,79.02
O000902,C0176,2025-09-02,110.36
O000903,C0176,2025-12-18,106.86
O000904,C0177,2024-11-29,87.94
O000905,C0177,2025-01-10,220.4
O000906,C0177,2025-02-24,183.91
O000907,C0177,2025-03-15,531.61
O000908,C0177,2025-04-04,207.79
O000909,C0177,2025-07-11,262.94
O000910,C0177,2025-07-27,75.5
O000911,C0177,2025-09-16,100.58
O000912,C0177,2025-11-08,97.35
O000913,C0177,2025-12-03,100.97
O000914,C0177,2025-12-09,68.18
O000915,C0178,2024-03-20,88.72
O000916,C0178,2024-04-09,59.34
O000917,C0178,2024-06-12,56.17
O000918,C0178,2024-06-26,7.47
O000919,C0178,2024-07-26,53.72
O000920,C0178,2024-10-09,24.08
O000921,C0178,2024-12-24,65.88
O000922,C0178,2025-01-16,140.46
O000923,C0179,2024-02-24,85.82
O000924,C0179,2024-11-24,35.15
O000925,C0179,2025-11-28,40.99
O000926,C0179,2025-12-17,23.24
O000927,C0180,2025-04-10,87.8
O000928,C0180,2025-09-28,31.18
O000929,C0181,2025-03-12,89.36
O000930,C0181,2025-04-04,30.18
O000931,C0181,2025-04-25,49.95
O000932,C0181,2025-07-19,41.97
O000933,C0181,2025-08-20,45.27
O000934,C0181,2025-10-09,21.67
O000935,C0181,2025-11-20,96.5
O000936,C0182,2024-07-31,167.97
O000937,C0182,2024-08-19,144.87
O000938,C0182,2024-09-16,54.65
O000939,C0182,2024-09-28,521.92
O000940,C0182,2024-12-22,93.7
O000941,C0182,2025-02-24,196.22
O000942,C0182,2025-05-07,218.44
O000943,C0182,2025-05-26,63.88
O000944,C0182,2025-06-21,174.39
O000945,C0182,2025-07-28,94.07
O000946,C0182,2025-08-14,73.2
O000947,C0182,2025-08-20,308.88
O000948,C0182,2025-11-06,27.09
O000949,C0182,2025-12-09,148.04
O000950,C0183,2025-12-02,91.47
O000951,C0183,2025-12-16,158.3
O000952,C0184,2024-03-13,168.84
O000953,C0184,2024-03-25,37.51
O000954,C0184,2024-04-04,112.66
O000955,C0184,2024-04-16,91.24
O000956,C0184,2024-05-01,15.32
O000957,C0184,2024-05-17,81.13
O000958,C0184,2024-06-28,121.14
O000959,C0184,2024-07-05,97.02
O000960,C0184,2024-07-15,138.02
O000961,C0184,2024-08-05,131.56
O000962,C0184,2024-09-06,50.78
O000963,C0184,2024-09-26,102.49
O000964,C0184,2024-11-13,52.19
O000965,C0184,2025-01-13,29.74
O000966,C0184,2025-03-12,50.79
O000967,C0184,2025-03-19,25.91
O000968,C0184,2025-05-23,79.08
O000969,C0184,2025-06-16,136.48
O000970,C0184,2025-06-30,45.01
O000971,C0184,2025-09-03,92.57
O000972,C0184,2025-10-25,18.92
O000973,C0184,2025-11-16,146.25
O000974,C0184,2025-12-23,249.75
O000975,C0185,2025-05-01,135.66
O000976,C0185,2025-05-19,112.75
O000977,C0185,2025-07-27,64.6
O000978,C0186,2024-03-15,345.12
O000979,C0186,2024-05-28,58.85
O000980,C0186,2024-06-24,55.56
O000981,C0186,2024-07-06,150.6
O000982,C0186,2024-10-03,200.56
O000983,C0186,2024-10-29,210.47
O000984,C0186,2024-12-06,31.15
O000985,C0187,2024-12-30,23.65
O000986,C0187,2025-07-08,54.62
O000987,C0187,2025-10-29,46.91
O000988,C0188,2025-05-21,99.99
O000989,C0188,2025-05-30,146.56
O000990,C0188,2025-09-02,24.07
O000991,C0188,2025-09-26,59.79
O000992,C0188,2025-11-22,177.81
O000993,C0188,2025-12-01,128.08
O000994,C0189,2025-01-09,89.86
O000995,C0189,2025-03-09,55.39
O000996,C0189,2025-05-21,52.37
O000997,C0189,2025-06-29,99.86
O000998,C0189,2025-10-03,60.78
O000999,C0190,2025-03-05,228.23
O001000,C0190,2025-05-06,424.46
O001001,C0190,2025-06-22,85.52
O001002,C0190,2025-07-27,173.68
O001003,C0190,2025-08-21,233.31
O001004,C0190,2025-09-05,300.4
O001005,C0190,2025-10-21,60.23
O001006,C0190,2025-12-02,112.19
O001007,C0190,2025-12-21,145.69
O001008,C0190,2025-12-28,243.93
O001009,C0191,2024-07-12,123.68
O001010,C0191,2024-09-03,96.82
O001011,C0191,2025-01-11,159.9
O001012,C0191,2025-01-21,51.97
O001013,C0191,2025-02-24,55.71
O001014,C0191,2025-03-18,160.82
O001015,C0191,2025-04-05,39.0
O001016,C0191,2025-04-20,28.33
O001017,C0191,2025-05-28,52.68
O001018,C0191,2025-06-03,38.22
O001019,C0191,2025-07-17,7.04
O001020,C0191,2025-08-11,189.95
O001021,C0191,2025-10-02,62.16
O001022,C0191,2025-12-08,87.12
O001023,C0192,2024-06-14,340.9
O001024,C0192,2024-08-08,110.88
O001025,C0193,2024-06-11,20.06
O001026,C0193,2024-07-15,10.4
O001027,C0193,2024-10-03,71.87
O001028,C0193,2025-04-20,21.97
O001029,C0193,2025-09-26,57.62
O001030,C0194,2024-03-18,32.13
O001031,C0195,2024-06-16,30.65
O001032,C0195,2024-07-22,15.69
O001033,C0195,2024-08-05,23.24
O001034,C0195,2024-12-06,69.27
O001035,C0195,2025-07-07,12.24
O001036,C0195,2025-11-08,25.53
O001037,C0196,2024-06-05,192.55
O001038,C0196,2024-09-19,24.4
O001039,C0196,2024-10-18,163.09
O001040,C0196,2024-12-30,194.59
O001041,C0197,2025-02-20,49.83
O001042,C0197,2025-03-02,240.33
O001043,C0197,2025-03-17,31.33
O001044,C0197,2025-04-18,94.26
O001045,C0197,2025-06-02,456.1
O001046,C0197,2025-07-06,41.57
O001047,C0197,2025-07-24,67.52
O001048,C0197,2025-08-06,488.73
O001049,C0197,2025-10-24,64.96
O001050,C0197,2025-11-12,304.3
O001051,C0198,2024-05-11,6.21
O001052,C0198,2024-07-31,231.21
O001053,C0198,2024-09-10,98.54
O001054,C0198,2024-10-14,103.04
O001055,C0198,2024-11-18,98.04
O001056,C0198,2025-01-14,25.47
O001057,C0198,2025-05-03,161.25
O001058,C0198,2025-08-11,108.83
O001059,C0198,2025-10-14,112.4
O001060,C0198,2025-12-02,189.88
O001061,C0199,2024-04-09,25.12
O001062,C0199,2024-12-11,12.36
O001063,C0200,2025-02-06,62.67
O001064,C0200,2025-03-12,58.48
O001065,C0200,2025-04-16,13.6
O001066,C0200,2025-05-03,46.47
O001067,C0201,2024-11-09,19.29
O001068,C0201,2024-12-19,80.98
O001069,C0202,2024-04-28,44.42
O001070,C0202,2025-01-03,118.25
O001071,C0202,2025-04-27,81.72
O001072,C0202,2025-06-04,85.83
O001073,C0202,2025-09-15,81.66
O001074,C0202,2025-11-24,84.52
O001075,C0204,2024-05-16,19.26
O001076,C0205,2025-04-02,50.19
O001077,C0205,2025-06-19,6.39
O001078,C0205,2025-07-17,41.98
O001079,C0205,2025-08-26,12.41
O001080,C0206,2025-06-18,42.66
O001081,C0206,2025-09-18,38.27
O001082,C0206,2025-10-14,22.41
O001083,C0206,2025-12-18,122.89
O001084,C0207,2024-11-22,95.11
O001085,C0207,2024-12-30,116.3
O001086,C0207,2025-05-21,114.45
O001087,C0207,2025-09-16,79.95
O001088,C0208,2024-12-12,55.12
O001089,C0208,2025-01-10,58.75
O001090,C0208,2025-01-30,17.48
O001091,C0208,2025-03-03,28.4
O001092,C0208,2025-05-13,14.1
O001093,C0209,2024-07-25,56.9
O001094,C0209,2024-08-09,103.37
O001095,C0209,2024-10-16,20.42
O001096,C0209,2024-10-22,212.09
O001097,C0209,2024-10-28,14.74
O001098,C0209,2024-12-11,13.99
O001099,C0209,2025-05-18,124.08
O001100,C0209,2025-07-13,29.19
O001101,C0209,2025-09-23,49.42
O001102,C0210,2025-02-11,22.29
O001103,C0210,2025-07-18,113.9
O001104,C0211,2024-09-11,14.62
O001105,C0211,2025-07-05,34.29
O001106,C0212,2025-01-24,63.43
O001107,C0212,2025-03-18,152.25
O001108,C0212,2025-04-08,92.44
O001109,C0212,2025-05-01,55.65
O001110,C0212,2025-05-29,307.95
O001111,C0212,2025-07-01,17.95
O001112,C0212,2025-08-05,238.49
O001113,C0212,2025-11-14,87.9
O001114,C0212,2025-12-06,63.11
O001115,C0213,2024-06-16,13.15
O001116,C0213,2024-07-12,15.74
O001117,C0213,2025-01-20,210.71
O001118,C0213,2025-03-23,23.31
O001119,C0213,2025-06-13,52.99
O001120,C0213,2025-07-27,125.97
O001121,C0213,2025-12-21,11.57
O001122,C0214,2025-09-19,219.85
O001123,C0214,2025-12-11,28.19
O001124,C0215,2025-03-09,201.93
O001125,C0215,2025-06-09,213.71
O001126,C0215,2025-09-16,41.63
O001127,C0215,2025-11-29,51.98
O001128,C0216,2025-08-19,13.95
O001129,C0216,2025-10-04,13.3
O001130,C0216,2025-12-10,55.33
O001131,C0217,2024-07-17,65.71
O001132,C0217,2024-11-02,137.01
O001133,C0217,2024-11-29,203.12
O001134,C0217,2025-03-24,135.93
O001135,C0217,2025-07-07,60.66
O001136,C0217,2025-07-16,40.26
O001137,C0217,2025-09-23,97.43
O001138,C0217,2025-10-08,13.06
O001139,C0217,2025-11-02,44.08
O001140,C0217,2025-12-25,115.61
O001141,C0218,2024-09-18,69.08
O001142,C0218,2024-12-16,117.52
O001143,C0218,2025-03-18,97.16
O001144,C0218,2025-05-16,130.33
O001145,C0218,2025-06-21,48.23
O001146,C0218,2025-07-04,78.69
O001147,C0218,2025-07-20,82.46
O001148,C0218,2025-09-03,194.81
O001149,C0218,2025-09-15,13.69
O001150,C0218,2025-10-18,38.79
O001151,C0219,2024-09-20,261.68
O001152,C0219,2024-10-07,142.19
O001153,C0219,2024-10-21,13.62
O001154,C0219,2024-11-29,176.25
O001155,C0219,2024-12-19,207.93
O001156,C0219,2024-12-26,301.42
O001157,C0219,2025-01-20,403.84
O001158,C0219,2025-02-12,565.38
O001159,C0219,2025-03-02,489.28
O001160,C0219,2025-03-20,81.32
O001161,C0219,2025-04-22,44.65
O001162,C0219,2025-05-29,436.31
O001163,C0219,2025-06-27,237.32
O001164,C0219,2025-07-24,170.63
O001165,C0219,2025-08-07,169.43
O001166,C0219,2025-08-31,443.03
O001167,C0219,2025-09-30,242.07
O001168,C0219,2025-10-18,139.95
O001169,C0219,2025-12-16,188.78
O001170,C0220,2025-11-03,30.69
O001171,C0221,2025-06-24,57.77
O001172,C0221,2025-09-16,153.85
O001173,C0221,2025-12-20,14.56
O001174,C0222,2025-01-05,74.78
O001175,C0222,2025-01-11,67.5
O001176,C0222,2025-06-18,28.28
O001177,C0222,2025-06-30,170.55
O001178,C0222,2025-07-21,121.7
O001179,C0222,2025-08-26,60.19
O001180,C0222,2025-09-10,123.01
O001181,C0222,2025-11-04,233.07
O001182,C0223,2025-05-11,123.3
O001183,C0223,2025-08-05,154.64
O001184,C0223,2025-11-09,98.17
O001185,C0224,2024-02-21,315.72
O001186,C0224,2024-03-28,133.38
O001187,C0224,2024-04-27,15.06
O001188,C0224,2024-05-17,272.8
O001189,C0224,2024-06-08,346.88
O001190,C0224,2024-07-11,506.48
O001191,C0224,2024-08-24,442.25
O001192,C0224,2024-09-14,330.88
O001193,C0224,2024-09-28,16.7
O001194,C0224,2024-11-05,28.46
O001195,C0224,2024-11-11,308.24
O001196,C0224,2024-11-27,102.62
O001197,C0224,2025-02-25,322.75
O001198,C0224,2025-04-26,264.74
O001199,C0224,2025-05-18,249.04
O001200,C0224,2025-06-17,19.5
O001201,C0224,2025-06-30,235.76
O001202,C0224,2025-08-04,145.21
O001203,C0224,2025-09-05,365.28
O001204,C0224,2025-09-21,178.65
O001205,C0224,2025-10-28,441.94
O001206,C0224,2025-11-21,27.76
O001207,C0225,2025-02-26,30.0
O001208,C0225,2025-06-21,148.36
O001209,C0225,2025-08-09,27.39
O001210,C0225,2025-09-20,105.48
O001211,C0225,2025-10-07,92.54
O001212,C0225,2025-12-27,65.98
O001213,C0227,2025-04-18,22.91
O001214,C0227,2025-06-17,74.83
O001215,C0227,2025-09-14,41.06
O001216,C0228,2025-09-14,61.16
O001217,C0228,2025-12-26,63.15
O001218,C0229,2025-07-04,24.95
O001219,C0229,2025-10-13,89.64
O001220,C0230,2025-02-03,129.91
O001221,C0230,2025-03-15,142.04
O001222,C0230,2025-06-19,132.24
O001223,C0230,2025-10-19,85.59
O001224,C0230,2025-12-07,120.7
O001225,C0232,2025-07-30,33.73
O001226,C0232,2025-11-03,11.3
O001227,C0233,2025-01-02,308.01
O001228,C0233,2025-02-03,83.16
O001229,C0233,2025-02-16,60.88
O001230,C0233,2025-02-28,122.41
O001231,C0234,2025-08-28,73.98
O001232,C0234,2025-09-29,14.93
O001233,C0234,2025-11-17,75.01
O001234,C0237,2025-04-09,27.33
O001235,C0237,2025-05-12,151.98
O001236,C0237,2025-06-10,144.63
O001237,C0237,2025-07-24,418.99
O001238,C0237,2025-09-05,106.84
O001239,C0237,2025-10-19,41.15
O001240,C0237,2025-10-25,17.73
O001241,C0237,2025-11-21,105.87
O001242,C0237,2025-12-24,259.32
O001243,C0238,2024-06-06,42.5
O001244,C0238,2024-08-07,17.18
O001245,C0239,2024-10-24,29.05
O001246,C0239,2024-12-07,41.81
O001247,C0240,2024-02-12,6.96
O001248,C0240,2024-09-05,13.52
O001249,C0241,2025-07-21,51.63
O001250,C0242,2025-08-20,29.35
O001251,C0242,2025-10-26,76.11
O001252,C0243,2025-10-04,26.23
O001253,C0243,2025-10-10,10.51
O001254,C0243,2025-10-19,257.44
O001255,C0244,2024-10-19,161.24
O001256,C0244,2024-12-05,45.97
O001257,C0244,2024-12-11,31.62
O001258,C0244,2025-02-05,96.6
O001259,C0244,2025-02-28,8.67
O001260,C0244,2025-03-14,180.38
O001261,C0244,2025-05-21,34.36
O001262,C0244,2025-07-16,55.08
O001263,C0244,2025-08-11,208.76
O001264,C0244,2025-09-19,129.47
O001265,C0244,2025-10-15,298.56
O001266,C0247,2025-03-07,168.81
O001267,C0247,2025-04-22,308.46
O001268,C0247,2025-05-28,51.9
O001269,C0247,2025-07-12,130.72
O001270,C0247,2025-07-23,28.89
O001271,C0247,2025-09-20,88.29
O001272,C0248,2024-12-27,60.46
O001273,C0248,2025-01-06,51.23
O001274,C0248,2025-02-20,56.77
O001275,C0248,2025-03-21,124.78
O001276,C0248,2025-06-19,10.27
O001277,C0248,2025-07-24,23.76
O001278,C0248,2025-10-02,47.56
O001279,C0248,2025-10-15,29.75
O001280,C0248,2025-10-29,14.91
O001281,C0248,2025-12-15,31.06
O001282,C0249,2024-03-15,229.03
O001283,C0249,2024-04-13,166.07
O001284,C0249,2024-04-29,339.56
O001285,C0249,2024-05-06,31.03
O001286,C0249,2024-05-23,150.44
O001287,C0249,2024-06-17,242.7
O001288,C0249,2024-07-25,86.42
O001289,C0249,2024-11-30,186.66
O001290,C0249,2025-01-01,324.33
O001291,C0249,2025-01-16,78.33
O001292,C0249,2025-02-18,50.15
O001293,C0249,2025-03-02,125.53
O001294,C0249,2025-04-04,18.77
O001295,C0249,2025-05-16,259.92
O001296,C0249,2025-05-24,65.23
O001297,C0249,2025-07-03,215.61
O001298,C0249,2025-07-09,317.39
O001299,C0249,2025-07-24,128.52
O001300,C0249,2025-08-07,281.89
O001301,C0249,2025-09-19,66.72
O001302,C0249,2025-10-15,180.56
O001303,C0249,2025-11-08,67.52
O001304,C0249,2025-11-29,234.38
O001305,C0249,2025-12-12,82.26
O001306,C0249,2025-12-30,41.76
O001307,C0251,2024-02-27,398.05
O001308,C0251,2024-06-24,90.12
O001309,C0252,2025-09-11,7.64
O001310,C0252,2025-11-19,277.06
O001311,C0253,2024-08-11,48.75
O001312,C0253,2025-01-17,22.81
O001313,C0253,2025-03-15,128.82
O001314,C0253,2025-04-12,36.88
O001315,C0253,2025-06-29,67.06
O001316,C0254,2025-08-24,28.16
O001317,C0255,2025-06-21,22.63
O001318,C0255,2025-10-16,33.18
O001319,C0255,2025-11-07,71.89
O001320,C0256,2024-05-11,103.37
O001321,C0256,2024-06-26,155.74
O001322,C0256,2024-07-22,100.61
O001323,C0256,2024-09-11,47.94
O001324,C0257,2024-11-22,119.16
O001325,C0257,2024-12-22,27.91
O001326,C0257,2025-01-04,98.29
O001327,C0257,2025-03-11,120.05
O001328,C0257,2025-03-18,288.29
O001329,C0257,2025-04-06,29.37
O001330,C0257,2025-05-04,155.4
O001331,C0257,2025-05-23,70.66
O001332,C0257,2025-06-02,72.6
O001333,C0257,2025-07-07,152.61
O001334,C0257,2025-07-17,84.43
O001335,C0257,2025-08-01,24.64
O001336,C0257,2025-09-15,171.99
O001337,C0257,2025-10-23,37.71
O001338,C0257,2025-11-18,320.59
O001339,C0257,2025-11-28,38.7
O001340,C0257,2025-12-04,258.45
O001341,C0257,2025-12-23,191.5
O001342,C0258,2024-05-07,30.0
O001343,C0258,2024-06-28,84.74
O001344,C0258,2024-12-22,27.84
O001345,C0258,2025-01-08,61.65
O001346,C0258,2025-02-17,57.75
O001347,C0258,2025-06-20,81.34
O001348,C0258,2025-08-28,22.79
O001349,C0258,2025-12-24,83.13
O001350,C0260,2025-10-24,26.45
O001351,C0260,2025-11-03,7.22
O001352,C0260,2025-12-13,7.0
O001353,C0261,2024-08-26,91.09
O001354,C0261,2024-10-01,169.89
O001355,C0261,2024-12-06,47.74
O001356,C0261,2025-03-31,106.16
O001357,C0261,2025-05-19,39.42
O001358,C0262,2024-02-18,261.07
O001359,C0262,2024-04-09,88.46
O001360,C0262,2024-05-13,285.31
O001361,C0262,2024-06-15,81.46
O001362,C0262,2024-06-22,154.34
O001363,C0262,2024-07-28,44.23
O001364,C0262,2024-10-29,119.53
O001365,C0262,2024-11-17,40.32
O001366,C0262,2024-12-20,298.78
O001367,C0262,2025-01-22,170.26
O001368,C0262,2025-02-11,36.12
O001369,C0262,2025-04-20,85.19
O001370,C0262,2025-05-22,85.0
O001371,C0262,2025-06-14,229.97
O001372,C0262,2025-07-09,58.3
O001373,C0262,2025-08-07,252.31
O001374,C0262,2025-10-21,19.91
O001375,C0262,2025-11-24,26.95
O001376,C0262,2025-12-07,102.09
O001377,C0262,2025-12-22,164.3
O001378,C0263,2024-04-03,63.76
O001379,C0263,2024-04-28,160.98
O001380,C0263,2024-06-25,132.98
O001381,C0263,2024-07-24,11.69
O001382,C0263,2024-09-17,13.16
O001383,C0263,2024-10-13,86.73
O001384,C0263,2024-10-19,147.39
O001385,C0263,2024-12-13,160.44
O001386,C0263,2025-02-11,88.0
O001387,C0263,2025-04-12,210.52
O001388,C0263,2025-08-12,231.38
O001389,C0263,2025-12-28,71.69
O001390,C0264,2024-05-18,234.95
O001391,C0264,2024-06-17,378.18
O001392,C0264,2024-08-04,318.23
O001393,C0264,2024-09-14,104.41
O001394,C0264,2024-09-25,266.01
O001395,C0264,2024-10-23,132.06
O001396,C0264,2024-11-15,332.7
O001397,C0264,2024-12-03,188.02
O001398,C0264,2024-12-09,292.47
O001399,C0264,2025-02-02,102.65
O001400,C0264,2025-03-22,403.89
O001401,C0264,2025-04-17,181.75
O001402,C0265,2024-08-14,458.45
O001403,C0265,2024-10-18,123.61
O001404,C0265,2024-11-15,55.73
O001405,C0265,2024-11-30,51.88
O001406,C0265,2025-01-02,41.86
O001407,C0265,2025-01-23,140.84
O001408,C0265,2025-02-25,439.17
O001409,C0265,2025-03-20,193.42
O001410,C0265,2025-05-03,404.73
O001411,C0265,2025-05-10,230.34
O001412,C0265,2025-05-23,172.07
O001413,C0265,2025-06-11,182.57
O001414,C0265,2025-06-17,387.93
O001415,C0265,2025-07-27,308.05
O001416,C0265,2025-08-20,337.83
O001417,C0265,2025-09-07,33.44
O001418,C0265,2025-09-28,616.1
O001419,C0265,2025-12-05,83.56
O001420,C0266,2025-05-18,105.54
O001421,C0267,2024-03-19,70.52
O001422,C0267,2024-06-30,25.45
O001423,C0268,2024-11-18,54.18
O001424,C0269,2024-07-12,191.98
O001425,C0269,2024-07-18,145.4
O001426,C0269,2024-11-05,187.59
O001427,C0270,2024-02-06,21.67
O001428,C0270,2024-06-29,43.78
O001429,C0270,2024-08-24,54.46
O001430,C0270,2024-09-11,34.02
O001431,C0271,2024-12-11,112.95
O001432,C0271,2024-12-24,43.25
O001433,C0271,2025-02-19,155.75
O001434,C0271,2025-03-18,177.54
O001435,C0272,2025-01-22,98.86
O001436,C0272,2025-03-17,76.92
O001437,C0272,2025-03-25,63.28
O001438,C0272,2025-05-03,108.69
O001439,C0272,2025-05-29,123.73
O001440,C0272,2025-06-09,97.87
O001441,C0272,2025-06-21,177.56
O001442,C0272,2025-08-12,109.36
O001443,C0272,2025-09-16,146.34
O001444,C0272,2025-10-13,142.87
O001445,C0272,2025-10-26,35.26
O001446,C0272,2025-12-20,80.88
O001447,C0273,2025-06-29,287.1
O001448,C0273,2025-09-08,36.41
O001449,C0273,2025-09-20,224.11
O001450,C0273,2025-10-31,142.35
O001451,C0274,2024-11-30,25.09
O001452,C0274,2025-03-07,30.1
O001453,C0274,2025-09-01,24.61
O001454,C0274,2025-12-20,54.32
O001455,C0275,2024-07-03,385.72
O001456,C0275,2024-08-14,29.74
O001457,C0275,2024-09-29,179.78
O001458,C0275,2025-02-01,86.99
O001459,C0276,2025-04-16,68.36
O001460,C0276,2025-06-29,198.68
O001461,C0276,2025-07-15,276.56
O001462,C0276,2025-07-31,228.05
O001463,C0276,2025-08-14,141.1
O001464,C0276,2025-09-26,201.3
O001465,C0276,2025-10-21,77.92
O001466,C0276,2025-11-20,167.26
O001467,C0276,2025-11-26,325.19
O001468,C0277,2024-06-18,39.46
O001469,C0277,2024-07-11,31.21
O001470,C0278,2025-01-26,50.2
O001471,C0278,2025-06-15,91.31
O001472,C0278,2025-09-29,37.97
O001473,C0279,2025-06-14,258.08
O001474,C0279,2025-08-05,58.61
O001475,C0279,2025-09-24,136.23
O001476,C0279,2025-11-14,31.98
O001477,C0280,2024-02-07,66.0
O001478,C0280,2024-07-28,6.42
O001479,C0280,2024-09-11,63.47
O001480,C0280,2024-10-24,61.4
O001481,C0280,2025-01-18,57.13
O001482,C0280,2025-04-27,82.35
O001483,C0280,2025-07-01,80.14
O001484,C0280,2025-10-28,196.93
O001485,C0281,2025-11-14,111.59
O001486,C0282,2024-04-30,66.42
O001487,C0282,2024-10-10,22.32
O001488,C0282,2024-12-16,42.43
O001489,C0282,2025-07-02,60.92
O001490,C0282,2025-11-02,69.88
O001491,C0283,2024-10-27,353.43
O001492,C0283,2025-01-16,208.66
O001493,C0283,2025-03-21,159.82
O001494,C0283,2025-04-30,68.8
O001495,C0284,2024-05-27,84.31
O001496,C0284,2024-07-20,105.96
O001497,C0284,2024-08-20,16.43
O001498,C0284,2024-09-13,159.09
O001499,C0284,2024-12-08,25.12
O001500,C0284,2025-01-02,187.62
O001501,C0285,2024-04-07,55.03
O001502,C0285,2024-04-13,222.85
O001503,C0285,2024-07-19,50.02
O001504,C0285,2024-08-02,36.04
O001505,C0285,2024-12-19,150.4
O001506,C0285,2025-01-24,242.1
O001507,C0285,2025-03-12,76.8
O001508,C0285,2025-06-15,199.79
O001509,C0287,2024-10-03,159.22
O001510,C0287,2024-10-20,48.8
O001511,C0287,2024-12-04,71.93
O001512,C0287,2025-03-28,35.53
O001513,C0287,2025-05-23,234.64
O001514,C0287,2025-07-19,170.02
O001515,C0287,2025-09-28,43.91
O001516,C0287,2025-12-05,121.07
O001517,C0288,2024-10-27,82.06
O001518,C0288,2025-02-17,16.03
O001519,C0288,2025-06-14,58.84
O001520,C0288,2025-07-03,9.27
O001521,C0288,2025-09-03,10.21
O001522,C0288,2025-11-01,107.55
O001523,C0288,2025-12-17,60.93
O001524,C0289,2024-10-26,74.1
O001525,C0289,2024-12-31,13.71
O001526,C0289,2025-01-25,104.44
O001527,C0290,2025-02-15,115.48
O001528,C0290,2025-04-07,14.75
O001529,C0291,2025-12-17,269.86
O001530,C0292,2024-10-17,447.66
O001531,C0292,2024-11-19,28.69
O001532,C0292,2024-12-14,235.3
O001533,C0292,2025-01-06,287.58
O001534,C0292,2025-02-07,68.64
O001535,C0292,2025-03-19,150.84
O001536,C0292,2025-05-23,150.85
O001537,C0292,2025-06-19,476.11
O001538,C0292,2025-09-05,164.16
O001539,C0292,2025-10-11,69.86
O001540,C0292,2025-11-14,305.61
O001541,C0292,2025-12-26,118.62
O001542,C0293,2024-03-31,146.02
O001543,C0293,2024-04-11,250.18
O001544,C0293,2024-05-15,64.18
O001545,C0293,2024-06-04,193.66
O001546,C0293,2024-06-25,458.54
O001547,C0293,2024-07-31,124.52
O001548,C0293,2024-09-06,142.24
O001549,C0293,2024-10-05,149.26
O001550,C0293,2024-10-13,106.55
O001551,C0293,2024-11-11,27.91
O001552,C0293,2024-12-18,161.93
O001553,C0293,2025-02-05,358.41
O001554,C0293,2025-02-17,51.47
O001555,C0293,2025-02-23,195.22
O001556,C0293,2025-05-01,16.57
O001557,C0293,2025-06-22,136.11
O001558,C0293,2025-07-15,101.58
O001559,C0293,2025-08-10,127.72
O001560,C0293,2025-09-23,35.64
O001561,C0293,2025-10-02,121.47
O001562,C0293,2025-12-01,441.06
O001563,C0293,2025-12-24,39.56
O001564,C0294,2024-07-02,170.92
O001565,C0294,2024-07-24,161.49
O001566,C0294,2024-09-09,192.17
O001567,C0294,2024-10-08,219.63
O001568,C0294,2024-11-07,31.29
O001569,C0294,2025-02-07,129.25
O001570,C0294,2025-03-05,137.4
O001571,C0294,2025-06-18,219.42
O001572,C0294,2025-11-14,149.27
O001573,C0294,2025-12-15,123.49
O001574,C0295,2024-10-23,22.97
O001575,C0295,2024-12-02,93.71
O001576,C0295,2025-01-06,21.08
O001577,C0295,2025-05-05,57.78
O001578,C0296,2024-03-20,63.95
O001579,C0296,2024-05-12,172.36
O001580,C0296,2024-07-12,57.42
O001581,C0296,2024-10-19,61.79
O001582,C0296,2024-11-09,6.78
O001583,C0296,2024-12-23,152.26
O001584,C0296,2025-01-14,71.19
O001585,C0296,2025-01-20,6.91
O001586,C0297,2025-08-06,80.26
O001587,C0297,2025-10-02,100.14
O001588,C0297,2025-11-20,49.11
O001589,C0298,2024-05-01,51.52
O001590,C0298,2024-08-14,15.9
O001591,C0298,2024-08-20,37.44
O001592,C0298,2024-10-08,59.88
O001593,C0298,2024-10-17,122.21
O001594,C0298,2024-10-30,90.98
O001595,C0298,2024-11-27,28.76
O001596,C0298,2024-12-25,124.4
O001597,C0298,2025-02-02,77.76
O001598,C0298,2025-03-13,155.67
O001599,C0298,2025-04-13,102.81
O001600,C0298,2025-05-17,35.77
O001601,C0298,2025-06-13,57.59
O001602,C0298,2025-09-07,45.29
O001603,C0299,2025-06-19,75.29
O001604,C0300,2024-08-27,130.45
O001605,C0300,2024-09-02,108.12
O001606,C0300,2024-10-19,44.41
O001607,C0300,2024-12-06,78.86
O001608,C0300,2025-01-11,160.26
O001609,C0300,2025-01-22,14.78
O001610,C0300,2025-02-21,81.72
O001611,C0301,2025-05-01,35.5
O001612,C0302,2025-10-02,63.9
O001613,C0302,2025-10-22,213.5
O001614,C0303,2024-10-29,39.83
O001615,C0304,2025-06-04,53.44
O001616,C0304,2025-07-14,61.07
O001617,C0305,2025-03-05,134.82
O001618,C0305,2025-06-28,127.46
O001619,C0305,2025-12-29,291.75
O001620,C0306,2025-07-22,31.62
O001621,C0307,2024-07-15,148.73
O001622,C0307,2024-07-29,6.97
O001623,C0307,2025-01-01,42.56
O001624,C0307,2025-01-17,93.71
O001625,C0307,2025-07-13,33.31
O001626,C0307,2025-11-03,167.47
O001627,C0308,2025-01-08,209.82
O001628,C0308,2025-04-01,118.59
O001629,C0308,2025-04-14,129.49
O001630,C0308,2025-06-21,115.45
O001631,C0308,2025-08-15,100.01
O001632,C0308,2025-09-06,357.85
O001633,C0308,2025-12-27,155.69
O001634,C0309,2024-01-13,29.44
O001635,C0309,2024-02-07,13.26
O001636,C0309,2024-05-05,25.65
O001637,C0309,2024-06-09,86.44
O001638,C0309,2024-10-05,181.18
O001639,C0309,2024-10-14,111.97
O001640,C0309,2024-11-19,191.19
O001641,C0309,2024-12-07,27.73
O001642,C0309,2024-12-30,94.04
O001643,C0309,2025-01-24,27.19
O001644,C0309,2025-03-11,41.5
O001645,C0309,2025-04-14,487.77
O001646,C0309,2025-09-03,123.53
O001647,C0309,2025-10-02,28.87
O001648,C0309,2025-10-21,34.52
O001649,C0309,2025-12-20,44.0
O001650,C0310,2024-04-05,188.5
O001651,C0310,2024-05-25,138.4
O001652,C0310,2024-06-24,159.39
O001653,C0310,2024-07-10,490.89
O001654,C0310,2024-08-10,363.72
O001655,C0310,2024-09-04,203.7
O001656,C0310,2024-09-30,249.61
O001657,C0310,2024-10-13,111.56
O001658,C0310,2024-11-18,187.31
O001659,C0310,2024-12-08,73.07
O001660,C0310,2025-02-02,334.23
O001661,C0310,2025-03-10,158.7
O001662,C0310,2025-03-16,296.8
O001663,C0310,2025-04-08,127.6
O001664,C0310,2025-07-16,299.94
O001665,C0310,2025-09-09,60.24
O001666,C0310,2025-10-14,7.9
O001667,C0310,2025-12-18,277.26
O001668,C0311,2024-02-18,188.95
O001669,C0311,2024-07-17,114.81
O001670,C0311,2024-09-12,41.0
O001671,C0311,2024-10-01,290.93
O001672,C0311,2024-10-25,69.45
O001673,C0311,2025-01-18,53.51
O001674,C0311,2025-03-29,51.27
O001675,C0311,2025-04-08,44.29
O001676,C0311,2025-06-28,82.44
O001677,C0311,2025-07-13,21.23
O001678,C0311,2025-10-26,28.5
O001679,C0311,2025-12-21,161.08
O001680,C0312,2025-01-31,167.7
O001681,C0312,2025-03-12,50.68
O001682,C0312,2025-04-03,42.8
O001683,C0312,2025-06-12,22.71
O001684,C0312,2025-07-04,68.75
O001685,C0312,2025-08-16,59.35
O001686,C0312,2025-09-06,88.31
O001687,C0312,2025-09-19,84.98
O001688,C0312,2025-10-23,80.17
O001689,C0312,2025-12-07,25.98
O001690,C0312,2025-12-30,87.87
O001691,C0313,2024-09-17,305.55
O001692,C0313,2024-11-03,91.9
O001693,C0313,2025-02-20,96.76
O001694,C0313,2025-08-03,30.15
O001695,C0313,2025-12-29,85.98
O001696,C0314,2024-03-18,126.68
O001697,C0314,2024-04-27,80.82
O001698,C0315,2025-02-19,69.52
O001699,C0315,2025-03-31,103.78
O001700,C0315,2025-06-13,87.67
O001701,C0315,2025-07-12,38.33
O001702,C0315,2025-08-27,119.59
O001703,C0315,2025-12-18,27.5
O001704,C0316,2024-12-30,105.04
O001705,C0316,2025-01-30,34.95
O001706,C0317,2025-10-19,179.18
O001707,C0317,2025-12-03,25.11
O001708,C0318,2024-04-04,36.85
O001709,C0318,2024-07-27,88.97
O001710,C0318,2024-09-13,47.69
O001711,C0318,2024-10-20,16.76
O001712,C0318,2024-12-25,12.75
O001713,C0318,2025-01-03,114.53
O001714,C0319,2025-05-06,227.92
O001715,C0319,2025-09-07,7.78
O001716,C0319,2025-10-03,96.27
O001717,C0320,2024-04-14,255.21
O001718,C0320,2024-06-16,25.37
O001719,C0320,2024-06-23,14.47
O001720,C0320,2024-08-19,12.93
O001721,C0320,2024-09-27,111.99
O001722,C0320,2024-10-25,37.2
O001723,C0320,2024-12-14,59.07
O001724,C0320,2025-01-14,64.72
O001725,C0320,2025-02-20,54.65
O001726,C0320,2025-04-13,41.05
O001727,C0320,2025-05-18,99.65
O001728,C0320,2025-07-10,36.2
O001729,C0320,2025-08-14,26.58
O001730,C0320,2025-11-14,203.73
O001731,C0320,2025-12-12,25.4
O001732,C0320,2025-12-31,63.29
O001733,C0321,2025-09-21,9.79
O001734,C0321,2025-10-06,124.94
O001735,C0321,2025-12-12,72.61
O001736,C0322,2024-11-13,119.87
O001737,C0322,2024-12-12,78.15
O001738,C0322,2025-01-26,54.9
O001739,C0322,2025-02-03,165.47
O001740,C0322,2025-03-07,24.78
O001741,C0322,2025-04-12,199.8
O001742,C0322,2025-05-03,293.37
O001743,C0322,2025-06-24,40.13
O001744,C0322,2025-07-18,35.79
O001745,C0322,2025-10-29,91.11
O001746,C0322,2025-11-10,234.33
O001747,C0322,2025-12-29,82.52
O001748,C0323,2024-05-19,44.58
O001749,C0323,2024-06-22,84.75
O001750,C0323,2024-08-24,125.91
O001751,C0323,2024-09-26,167.9
O001752,C0323,2025-01-02,160.31
O001753,C0323,2025-02-10,95.88
O001754,C0323,2025-03-13,294.73
O001755,C0323,2025-03-27,41.31
O001756,C0323,2025-05-08,39.98
O001757,C0323,2025-10-25,31.48
O001758,C0323,2025-12-22,64.48
O001759,C0324,2025-08-18,75.44
O001760,C0324,2025-09-06,65.28
O001761,C0324,2025-09-30,32.99
O001762,C0325,2024-03-17,64.21
O001763,C0325,2024-03-27,44.9
O001764,C0325,2024-06-10,178.73
O001765,C0325,2025-01-13,78.42
O001766,C0325,2025-02-20,23.09
O001767,C0325,2025-04-13,55.15
O001768,C0325,2025-07-18,75.21
O001769,C0325,2025-08-27,73.95
O001770,C0326,2024-09-22,95.89
O001771,C0327,2025-01-16,24.25
O001772,C0328,2024-09-01,71.46
O001773,C0328,2024-11-16,100.45
O001774,C0328,2025-04-02,13.22
O001775,C0328,2025-08-05,169.44
O001776,C0328,2025-12-14,48.07
O001777,C0329,2024-10-23,24.62
O001778,C0329,2024-12-03,201.69
O001779,C0329,2025-02-10,14.3
O001780,C0329,2025-04-21,43.72
O001781,C0329,2025-07-10,57.99
O001782,C0330,2025-07-10,139.56
O001783,C0330,2025-09-11,26.26
O001784,C0330,2025-10-07,86.88
O001785,C0330,2025-10-17,25.86
O001786,C0330,2025-11-27,13.64
O001787,C0330,2025-12-15,232.23
O001788,C0331,2024-05-28,97.63
O001789,C0331,2024-07-30,122.11
O001790,C0331,2024-09-13,60.02
O001791,C0331,2024-11-02,109.91
O001792,C0331,2024-11-20,41.38
O001793,C0331,2025-01-09,114.03
O001794,C0331,2025-04-04,136.8
O001795,C0331,2025-04-18,20.56
O001796,C0331,2025-06-27,161.78
O001797,C0331,2025-09-11,190.84
O001798,C0331,2025-10-14,62.54
O001799,C0331,2025-12-08,18.75
O001800,C0332,2024-07-12,36.08
O001801,C0332,2024-08-17,13.11
O001802,C0332,2024-09-06,55.05
O001803,C0332,2025-01-15,189.67
O001804,C0332,2025-03-18,37.22
O001805,C0332,2025-04-11,113.68
O001806,C0332,2025-05-08,173.93
O001807,C0332,2025-07-07,181.11
O001808,C0332,2025-07-27,141.57
O001809,C0332,2025-09-20,37.86
O001810,C0332,2025-10-04,98.91
O001811,C0332,2025-12-23,34.76
O001812,C0333,2024-03-12,60.15
O001813,C0333,2024-04-08,27.85
O001814,C0334,2024-10-26,33.36
O001815,C0334,2024-12-11,203.92
O001816,C0334,2024-12-30,22.75
O001817,C0334,2025-01-22,48.48
O001818,C0334,2025-03-03,58.69
O001819,C0334,2025-03-27,54.74
O001820,C0334,2025-07-07,198.06
O001821,C0334,2025-07-21,362.83
O001822,C0334,2025-07-29,53.49
O001823,C0334,2025-09-23,99.36
O001824,C0334,2025-12-14,21.92
O001825,C0335,2024-06-11,34.63
O001826,C0335,2025-01-04,21.51
O001827,C0335,2025-06-04,220.87
O001828,C0335,2025-08-05,76.16
O001829,C0337,2024-06-14,41.71
O001830,C0337,2024-08-04,12.33
O001831,C0337,2024-09-03,34.99
O001832,C0338,2025-01-24,36.47
O001833,C0338,2025-09-06,30.15
O001834,C0338,2025-10-30,93.7
O001835,C0339,2024-07-03,13.5
O001836,C0339,2025-05-01,38.97
O001837,C0339,2025-06-05,16.7
O001838,C0340,2025-08-02,33.03
O001839,C0340,2025-10-07,31.45
O001840,C0340,2025-12-07,196.88
O001841,C0341,2024-05-02,78.16
O001842,C0343,2025-06-16,87.23
O001843,C0343,2025-08-13,141.56
O001844,C0343,2025-12-12,124.14
O001845,C0344,2024-02-22,70.73
O001846,C0344,2024-03-16,68.9
O001847,C0344,2024-06-13,178.63
O001848,C0344,2024-07-18,89.08
O001849,C0344,2024-10-20,152.91
O001850,C0345,2024-10-03,253.78
O001851,C0345,2024-10-30,128.95
O001852,C0345,2024-12-13,110.36
O001853,C0345,2024-12-25,150.99
O001854,C0345,2025-02-18,128.87
O001855,C0345,2025-03-22,36.76
O001856,C0345,2025-04-28,94.54
O001857,C0345,2025-06-02,42.46
O001858,C0345,2025-08-28,48.78
O001859,C0345,2025-10-12,22.21
O001860,C0345,2025-11-22,47.89
O001861,C0345,2025-12-24,24.56
O001862,C0346,2024-12-11,64.86
O001863,C0346,2025-02-08,35.83
O001864,C0347,2024-07-10,64.14
O001865,C0347,2024-07-25,103.68
O001866,C0347,2024-08-03,281.57
O001867,C0347,2024-09-10,38.66
O001868,C0347,2024-10-04,246.59
O001869,C0347,2024-11-25,69.79
O001870,C0347,2024-12-05,110.17
O001871,C0347,2025-01-15,31.61
O001872,C0347,2025-02-16,33.69
O001873,C0347,2025-04-07,298.51
O001874,C0347,2025-04-26,43.37
O001875,C0347,2025-05-29,167.87
O001876,C0347,2025-06-26,63.52
O001877,C0347,2025-08-28,112.2
O001878,C0347,2025-09-08,38.25
O001879,C0347,2025-09-24,72.83
O001880,C0347,2025-10-06,178.33
O001881,C0347,2025-11-01,129.95
O001882,C0347,2025-11-21,231.97
O001883,C0347,2025-12-22,249.94
O001884,C0348,2024-09-07,176.32
O001885,C0348,2024-10-12,17.78
O001886,C0348,2024-11-10,80.71
O001887,C0348,2025-01-06,46.56
O001888,C0348,2025-03-07,58.8
O001889,C0348,2025-03-24,46.96
O001890,C0348,2025-05-24,83.4
O001891,C0348,2025-09-27,34.58
O001892,C0349,2025-08-29,20.34
O001893,C0350,2025-03-30,37.95
O001894,C0350,2025-05-11,21.0
O001895,C0350,2025-09-18,52.17
O001896,C0350,2025-12-19,73.5
O001897,C0351,2024-10-28,42.9
O001898,C0351,2025-08-01,137.83
O001899,C0351,2025-11-23,38.83
O001900,C0352,2025-04-09,66.89
O001901,C0352,2025-05-06,115.98
O001902,C0352,2025-05-24,135.58
O001903,C0352,2025-05-30,100.57
O001904,C0352,2025-06-14,202.53
O001905,C0352,2025-07-28,59.22
O001906,C0352,2025-10-15,380.37
O001907,C0352,2025-10-21,189.02
O001908,C0352,2025-11-14,68.73
O001909,C0352,2025-11-30,68.9
O001910,C0352,2025-12-19,123.47
O001911,C0353,2025-07-23,173.73
O001912,C0353,2025-08-06,76.74
O001913,C0353,2025-09-17,47.78
O001914,C0353,2025-11-07,67.06
O001915,C0353,2025-12-18,284.99
O001916,C0354,2024-05-12,100.56
O001917,C0354,2024-07-03,16.31
O001918,C0354,2024-07-15,36.76
O001919,C0354,2024-08-10,83.94
O001920,C0354,2024-10-04,57.48
O001921,C0354,2024-10-21,16.8
O001922,C0354,2024-12-23,293.66
O001923,C0354,2025-01-10,67.98
O001924,C0354,2025-01-31,353.02
O001925,C0354,2025-03-04,95.1
O001926,C0354,2025-03-15,147.74
O001927,C0354,2025-04-29,82.57
O001928,C0354,2025-06-17,230.94
O001929,C0354,2025-08-01,469.35
O001930,C0354,2025-08-14,85.1
O001931,C0354,2025-08-30,24.38
O001932,C0354,2025-09-21,94.71
O001933,C0354,2025-09-27,229.65
O001934,C0354,2025-10-19,189.25
O001935,C0354,2025-11-23,65.53
O001936,C0354,2025-12-14,33.01
O001937,C0355,2024-08-09,137.82
O001938,C0355,2024-08-31,190.52
O001939,C0355,2024-10-04,231.29
O001940,C0355,2024-10-18,48.77
O001941,C0355,2024-11-05,55.66
O001942,C0355,2024-11-15,128.82
O001943,C0355,2024-11-22,54.65
O001944,C0355,2025-01-19,179.07
O001945,C0355,2025-02-16,52.87
O001946,C0355,2025-03-21,15.89
O001947,C0355,2025-04-22,118.92
O001948,C0355,2025-05-04,44.71
O001949,C0355,2025-05-30,90.85
O001950,C0355,2025-06-30,82.07
O001951,C0355,2025-07-25,216.21
O001952,C0355,2025-07-31,89.05
O001953,C0355,2025-08-31,129.22
O001954,C0355,2025-09-27,24.38
O001955,C0355,2025-10-07,31.05
O001956,C0355,2025-11-22,126.92
O001957,C0355,2025-12-23,68.75
O001958,C0356,2024-02-18,103.22
O001959,C0356,2024-03-26,14.9
O001960,C0356,2024-05-10,250.58
O001961,C0356,2024-05-30,193.71
O001962,C0356,2024-06-24,75.3
O001963,C0356,2024-07-01,20.97
O001964,C0356,2024-08-07,69.83
O001965,C0356,2024-11-14,72.51
O001966,C0356,2024-12-11,28.94
O001967,C0356,2025-01-31,26.16
O001968,C0356,2025-03-16,71.33
O001969,C0356,2025-04-24,234.3
O001970,C0356,2025-05-13,86.96
O001971,C0356,2025-07-03,80.29
O001972,C0356,2025-09-14,50.99
O001973,C0356,2025-10-10,20.44
O001974,C0357,2025-01-07,333.42
O001975,C0357,2025-01-25,21.34
O001976,C0357,2025-02-15,43.26
O001977,C0357,2025-02-24,99.58
O001978,C0357,2025-04-22,255.59
O001979,C0357,2025-05-06,122.06
O001980,C0357,2025-05-13,43.56
O001981,C0357,2025-05-31,78.22
O001982,C0357,2025-06-25,160.18
O001983,C0357,2025-07-02,104.26
O001984,C0357,2025-07-23,228.61
O001985,C0357,2025-08-19,33.05
O001986,C0357,2025-09-17,195.3
O001987,C0357,2025-11-02,351.26
O001988,C0357,2025-11-18,180.41
O001989,C0357,2025-12-10,623.05
O001990,C0358,2024-08-22,25.08
O001991,C0358,2025-01-10,78.42
O001992,C0359,2024-09-28,25.04
O001993,C0359,2024-10-23,22.61
O001994,C0359,2025-02-02,39.09
O001995,C0359,2025-03-25,20.77
O001996,C0359,2025-06-17,24.12
O001997,C0359,2025-11-12,73.45
O001998,C0359,2025-11-26,61.17
O001999,C0360,2024-10-27,143.35
O002000,C0360,2024-11-23,89.98
O002001,C0360,2025-01-21,196.7
O002002,C0360,2025-02-28,69.33
O002003,C0360,2025-03-31,100.56
O002004,C0360,2025-06-04,265.51
O002005,C0360,2025-09-28,23.9
O002006,C0360,2025-12-31,126.77
O002007,C0361,2024-03-11,344.01
O002008,C0361,2024-04-01,101.01
O002009,C0361,2024-04-07,61.93
O002010,C0361,2024-04-24,165.45
O002011,C0361,2024-04-30,77.13
O002012,C0361,2024-05-16,188.49
O002013,C0361,2024-07-05,183.44
O002014,C0361,2024-07-29,132.45
O002015,C0361,2024-11-10,308.92
O002016,C0361,2024-12-13,101.07
O002017,C0361,2025-01-24,100.82
O002018,C0361,2025-02-17,77.03
O002019,C0361,2025-03-24,319.34
O002020,C0361,2025-04-21,204.66
O002021,C0361,2025-05-12,114.94
O002022,C0361,2025-06-11,102.61
O002023,C0361,2025-06-25,231.14
O002024,C0361,2025-08-06,68.47
O002025,C0361,2025-11-15,17.22
O002026,C0361,2025-12-04,20.97
O002027,C0362,2024-07-29,28.56
O002028,C0362,2024-08-27,120.39
O002029,C0362,2024-09-22,68.18
O002030,C0362,2024-10-14,138.96
O002031,C0362,2024-10-24,43.44
O002032,C0362,2024-11-23,73.52
O002033,C0362,2025-01-07,51.22
O002034,C0362,2025-02-27,96.56
O002035,C0362,2025-03-20,108.73
O002036,C0362,2025-04-03,81.97
O002037,C0362,2025-04-17,213.1
O002038,C0362,2025-04-26,109.05
O002039,C0362,2025-05-02,17.61
O002040,C0362,2025-05-24,100.58
O002041,C0362,2025-06-19,73.84
O002042,C0362,2025-06-25,58.34
O002043,C0362,2025-07-23,137.36
O002044,C0362,2025-08-29,97.92
O002045,C0362,2025-10-03,151.97
O002046,C0362,2025-11-30,80.22
O002047,C0362,2025-12-17,107.75
O002048,C0363,2025-07-21,259.35
O002049,C0363,2025-08-17,110.68
O002050,C0363,2025-09-20,63.26
O002051,C0363,2025-10-12,281.38
O002052,C0363,2025-12-19,52.11
O002053,C0364,2025-01-27,204.66
O002054,C0364,2025-02-08,146.87
O002055,C0364,2025-02-28,267.22
O002056,C0364,2025-05-01,260.76
O002057,C0364,2025-05-12,240.72
O002058,C0364,2025-06-14,108.76
O002059,C0364,2025-06-28,150.19
O002060,C0364,2025-08-05,217.05
O002061,C0364,2025-08-17,30.08
O002062,C0364,2025-09-09,321.54
O002063,C0364,2025-09-27,292.12
O002064,C0364,2025-10-21,203.85
O002065,C0364,2025-11-06,156.35
O002066,C0364,2025-12-04,190.34
O002067,C0365,2024-12-16,51.65
O002068,C0365,2025-03-02,12.02
O002069,C0365,2025-06-08,115.55
O002070,C0365,2025-06-29,119.77
O002071,C0365,2025-08-22,83.81
O002072,C0365,2025-11-09,44.17
O002073,C0365,2025-12-22,99.14
O002074,C0365,2025-12-28,21.85
O002075,C0366,2024-10-08,55.06
O002076,C0366,2024-11-17,15.0
O002077,C0366,2024-12-13,24.44
O002078,C0366,2025-01-26,23.51
O002079,C0366,2025-03-30,46.33
O002080,C0366,2025-08-02,30.53
O002081,C0366,2025-10-13,159.73
O002082,C0366,2025-11-18,62.42
O002083,C0367,2024-09-26,122.05
O002084,C0367,2024-11-25,58.0
O002085,C0367,2025-01-16,141.49
O002086,C0367,2025-02-10,114.31
O002087,C0367,2025-04-03,169.47
O002088,C0367,2025-06-12,110.12
O002089,C0367,2025-07-10,14.5
O002090,C0367,2025-08-11,108.01
O002091,C0367,2025-08-28,86.98
O002092,C0367,2025-11-05,128.3
O002093,C0367,2025-12-13,79.08
O002094,C0368,2025-08-23,20.12
O002095,C0368,2025-12-20,35.47
O002096,C0369,2025-06-16,16.89
O002097,C0369,2025-09-09,74.86
O002098,C0370,2024-08-15,86.95
O002099,C0370,2024-09-07,57.31
O002100,C0370,2024-10-12,156.47
O002101,C0370,2024-11-16,75.04
O002102,C0370,2025-01-06,157.01
O002103,C0370,2025-03-17,73.75
O002104,C0370,2025-05-02,41.97
O002105,C0370,2025-06-26,122.28
O002106,C0370,2025-07-31,51.78
O002107,C0370,2025-08-29,215.62
O002108,C0370,2025-09-18,12.69
O002109,C0370,2025-10-09,94.14
O002110,C0370,2025-11-29,288.65
O002111,C0370,2025-12-19,146.52
O002112,C0371,2025-05-29,31.48
O002113,C0371,2025-06-25,117.5
O002114,C0371,2025-07-11,18.88
O002115,C0371,2025-08-05,37.34
O002116,C0371,2025-08-22,94.85
O002117,C0371,2025-10-05,283.85
O002118,C0371,2025-11-12,25.24
O002119,C0371,2025-11-25,55.68
O002120,C0371,2025-12-09,38.65
O002121,C0372,2024-03-01,72.94
O002122,C0372,2024-04-23,14.46
O002123,C0372,2024-07-12,288.72
O002124,C0373,2024-06-30,82.76
O002125,C0373,2024-08-29,280.43
O002126,C0373,2024-12-13,91.42
O002127,C0373,2025-01-15,9.94
O002128,C0373,2025-04-01,17.78
O002129,C0373,2025-05-02,73.24
O002130,C0373,2025-06-13,111.68
O002131,C0373,2025-07-04,182.59
O002132,C0373,2025-09-20,266.42
O002133,C0373,2025-11-17,23.73
O002134,C0373,2025-12-21,65.37
O002135,C0374,2024-06-27,149.93
O002136,C0374,2024-09-08,94.26
O002137,C0374,2024-11-05,96.22
O002138,C0375,2025-02-11,191.12
O002139,C0375,2025-04-17,96.4
O002140,C0375,2025-05-12,57.98
O002141,C0375,2025-07-20,30.12
O002142,C0375,2025-08-02,49.67
O002143,C0375,2025-08-16,18.92
O002144,C0375,2025-09-14,36.24
O002145,C0376,2024-12-07,291.8
O002146,C0376,2025-01-01,106.41
O002147,C0377,2024-10-14,30.19
O002148,C0377,2025-04-30,33.77
O002149,C0377,2025-09-20,9.89
O002150,C0377,2025-12-20,192.05
O002151,C0378,2024-05-21,234.64
O002152,C0378,2024-07-15,211.82
O002153,C0378,2024-08-06,422.3
O002154,C0379,2024-10-06,69.44
O002155,C0379,2024-11-29,560.9
O002156,C0379,2025-04-06,231.97
O002157,C0379,2025-05-07,151.18
O002158,C0379,2025-06-15,91.59
O002159,C0380,2024-07-02,20.31
O002160,C0380,2024-11-02,237.32
O002161,C0380,2024-12-10,365.84
O002162,C0380,2025-05-06,77.75
O002163,C0380,2025-06-27,100.06
O002164,C0380,2025-09-02,67.93
O002165,C0380,2025-10-26,65.91
O002166,C0380,2025-11-26,458.89
O002167,C0381,2024-10-19,75.55
O002168,C0381,2025-01-17,53.07
O002169,C0381,2025-03-26,143.09
O002170,C0381,2025-05-02,32.68
O002171,C0381,2025-09-10,25.09
O002172,C0381,2025-09-23,8.82
O002173,C0381,2025-10-19,59.01
O002174,C0381,2025-11-20,93.18
O002175,C0382,2024-07-25,38.3
O002176,C0382,2024-08-10,9.22
O002177,C0382,2024-09-13,72.03
O002178,C0382,2024-11-05,152.16
O002179,C0382,2024-11-27,66.33
O002180,C0382,2025-01-31,100.73
O002181,C0382,2025-03-14,59.85
O002182,C0382,2025-05-15,86.12
O002183,C0382,2025-06-19,64.75
O002184,C0382,2025-07-19,22.27
O002185,C0382,2025-07-30,53.97
O002186,C0382,2025-10-24,113.49
O002187,C0383,2025-05-12,66.65
O002188,C0383,2025-09-06,46.62
O002189,C0383,2025-11-24,171.92
O002190,C0384,2025-03-23,172.94
O002191,C0384,2025-06-12,21.0
O002192,C0384,2025-08-07,29.95
O002193,C0384,2025-10-19,86.6
O002194,C0385,2024-04-15,96.3
O002195,C0385,2024-05-10,174.52
O002196,C0385,2024-08-21,27.46
O002197,C0385,2024-09-02,25.96
O002198,C0385,2024-10-29,162.7
O002199,C0385,2025-01-06,265.27
O002200,C0385,2025-01-23,36.93
O002201,C0385,2025-03-26,150.54
O002202,C0385,2025-04-06,14.72
O002203,C0385,2025-05-27,13.69
O002204,C0385,2025-06-30,77.96
O002205,C0386,2025-06-01,19.87
O002206,C0386,2025-07-23,21.35
O002207,C0386,2025-09-13,116.83
O002208,C0386,2025-12-02,14.65
O002209,C0386,2025-12-16,56.41
O002210,C0387,2025-10-11,14.17
O002211,C0387,2025-10-25,33.86
O002212,C0388,2024-07-19,107.1
O002213,C0388,2024-08-16,69.64
O002214,C0388,2024-09-22,32.44
O002215,C0388,2024-11-06,133.06
O002216,C0388,2024-11-12,232.79
O002217,C0388,2025-02-08,391.7
O002218,C0388,2025-03-16,204.88
O002219,C0388,2025-03-25,338.86
O002220,C0388,2025-04-10,75.02
O002221,C0388,2025-05-05,188.17
O002222,C0388,2025-06-06,238.77
O002223,C0388,2025-06-27,104.59
O002224,C0388,2025-07-27,185.9
O002225,C0388,2025-08-02,122.81
O002226,C0388,2025-08-24,166.54
O002227,C0388,2025-09-24,172.63
O002228,C0388,2025-10-26,240.57
O002229,C0388,2025-11-30,34.59
O002230,C0388,2025-12-16,132.86
O002231,C0389,2024-11-12,132.18
O002232,C0389,2024-12-08,42.69
O002233,C0389,2025-03-28,7.85
O002234,C0389,2025-06-08,40.68
O002235,C0390,2024-05-02,107.85
O002236,C0390,2024-05-20,119.99
O002237,C0390,2024-08-26,165.63
O002238,C0390,2024-09-03,35.06
O002239,C0390,2024-10-03,37.14
O002240,C0390,2024-11-16,29.68
O002241,C0390,2025-02-05,96.34
O002242,C0390,2025-04-01,81.24
O002243,C0391,2024-02-05,85.86
O002244,C0391,2024-02-22,25.06
O002245,C0391,2024-05-21,21.16
O002246,C0391,2024-10-02,15.74
O002247,C0391,2024-11-08,24.94
O002248,C0391,2024-12-30,26.63
O002249,C0391,2025-02-20,183.11
O002250,C0391,2025-06-14,37.92
O002251,C0391,2025-07-23,28.88
O002252,C0391,2025-09-21,34.63
O002253,C0392,2024-08-21,75.46
O002254,C0392,2024-09-23,59.55
O002255,C0392,2024-11-02,15.54
O002256,C0392,2024-11-27,207.86
O002257,C0392,2024-12-18,32.48
O002258,C0392,2025-01-07,302.19
O002259,C0392,2025-02-18,122.43
O002260,C0392,2025-03-09,170.71
O002261,C0392,2025-03-16,72.2
O002262,C0392,2025-04-19,63.62
O002263,C0392,2025-05-04,237.3
O002264,C0392,2025-05-30,76.23
O002265,C0392,2025-06-16,208.77
O002266,C0392,2025-07-20,61.85
O002267,C0392,2025-07-26,38.03
O002268,C0392,2025-08-27,136.06
O002269,C0392,2025-09-15,195.91
O002270,C0392,2025-10-06,39.78
O002271,C0392,2025-10-17,10.43
O002272,C0392,2025-10-23,122.95
O002273,C0392,2025-10-29,51.01
O002274,C0392,2025-11-22,388.73
O002275,C0392,2025-12-17,146.05
O002276,C0393,2025-03-22,138.49
O002277,C0393,2025-07-13,39.49
O002278,C0393,2025-09-19,173.17
O002279,C0393,2025-12-05,445.82
O002280,C0394,2025-08-14,27.54
O002281,C0394,2025-11-18,103.35
O002282,C0394,2025-12-15,20.51
O002283,C0395,2024-08-06,71.82
O002284,C0395,2024-10-01,129.94
O002285,C0395,2024-10-12,103.54
O002286,C0395,2024-11-27,73.09
O002287,C0395,2025-01-23,145.53
O002288,C0395,2025-02-18,268.61
O002289,C0395,2025-03-05,113.4
O002290,C0395,2025-03-24,111.88
O002291,C0395,2025-05-10,75.75
O002292,C0395,2025-05-28,113.04
O002293,C0395,2025-07-06,59.69
O002294,C0395,2025-07-15,116.48
O002295,C0395,2025-09-28,197.06
O002296,C0395,2025-10-24,98.07
O002297,C0395,2025-11-22,158.78
O002298,C0395,2025-12-12,155.89
O002299,C0396,2025-06-29,52.32
O002300,C0396,2025-07-21,68.9
O002301,C0396,2025-09-13,141.56
O002302,C0396,2025-10-25,133.49
O002303,C0396,2025-11-17,76.7
O002304,C0397,2025-06-26,32.86
O002305,C0397,2025-07-30,32.1
O002306,C0397,2025-08-15,124.78
O002307,C0397,2025-10-21,109.42
O002308,C0397,2025-10-27,33.72
O002309,C0397,2025-11-20,117.59
O002310,C0398,2024-09-17,397.92
O002311,C0398,2024-10-16,244.03
O002312,C0398,2024-11-18,142.68
O002313,C0398,2025-02-12,204.71
O002314,C0398,2025-03-12,165.03
O002315,C0398,2025-03-19,390.77
O002316,C0398,2025-05-24,267.43
O002317,C0398,2025-06-04,206.09
O002318,C0398,2025-08-10,85.74
O002319,C0398,2025-09-11,511.43
O002320,C0398,2025-11-27,84.43
O002321,C0398,2025-12-29,128.77
O002322,C0399,2024-02-22,92.63
O002323,C0399,2024-03-28,128.21
O002324,C0399,2024-08-14,68.13
O002325,C0399,2024-10-21,246.33
O002326,C0399,2025-01-10,71.48
O002327,C0399,2025-03-06,145.75
O002328,C0399,2025-05-09,36.15
O002329,C0399,2025-07-21,173.48
O002330,C0400,2025-01-12,112.42
O002331,C0400,2025-01-28,156.77
O002332,C0400,2025-03-13,130.21
O002333,C0400,2025-03-23,75.09
O002334,C0400,2025-03-31,86.62
O002335,C0400,2025-05-15,14.29
O002336,C0401,2025-02-15,86.98
O002337,C0401,2025-06-14,10.91
O002338,C0401,2025-07-26,115.82
O002339,C0401,2025-11-15,61.65
O002340,C0402,2025-07-04,79.07
O002341,C0403,2025-06-09,98.87
O002342,C0404,2024-12-17,146.59
O002343,C0404,2025-01-20,15.41
O002344,C0404,2025-01-29,180.93
O002345,C0404,2025-02-11,74.81
O002346,C0404,2025-03-30,48.49
O002347,C0404,2025-04-30,28.39
O002348,C0404,2025-07-03,16.18
O002349,C0404,2025-07-20,254.63
O002350,C0404,2025-08-03,176.19
O002351,C0404,2025-09-08,166.74
O002352,C0404,2025-09-20,100.73
O002353,C0404,2025-10-27,238.51
O002354,C0404,2025-11-17,167.17
O002355,C0404,2025-12-06,248.63
O002356,C0405,2024-03-18,59.61
O002357,C0405,2024-05-02,129.12
O002358,C0405,2024-06-12,14.68
O002359,C0405,2024-07-09,43.61
O002360,C0405,2024-09-09,148.45
O002361,C0405,2024-10-26,55.77
O002362,C0406,2024-06-07,140.96
O002363,C0406,2024-08-28,19.54
O002364,C0406,2024-09-20,18.28
O002365,C0406,2024-12-14,124.17
O002366,C0406,2025-03-13,18.47
O002367,C0406,2025-04-11,74.93
O002368,C0407,2025-02-07,108.51
O002369,C0407,2025-03-29,131.28
O002370,C0407,2025-07-15,20.46
O002371,C0407,2025-08-19,44.74
O002372,C0407,2025-09-08,91.34
O002373,C0407,2025-10-16,30.94
O002374,C0407,2025-11-12,84.28
O002375,C0408,2024-12-11,62.11
O002376,C0409,2024-09-07,57.58
O002377,C0410,2024-08-14,81.7
O002378,C0410,2024-10-27,77.73
O002379,C0410,2024-12-15,127.45
O002380,C0410,2025-02-10,43.59
O002381,C0410,2025-03-04,18.34
O002382,C0410,2025-03-27,16.96
O002383,C0410,2025-04-17,83.95
O002384,C0410,2025-05-16,54.28
O002385,C0410,2025-09-04,8.12
O002386,C0410,2025-10-23,62.6
O002387,C0411,2025-11-02,103.46
O002388,C0411,2025-12-14,33.7
O002389,C0412,2024-08-22,45.11
O002390,C0412,2024-12-25,231.08
O002391,C0412,2025-03-15,86.21
O002392,C0412,2025-06-10,89.82
O002393,C0412,2025-06-16,193.66
O002394,C0412,2025-09-23,92.74
O002395,C0413,2024-04-02,105.94
O002396,C0413,2024-04-28,6.1
O002397,C0413,2024-06-09,117.7
O002398,C0413,2024-06-29,399.57
O002399,C0413,2024-09-27,118.74
O002400,C0413,2024-10-15,12.46
O002401,C0413,2024-11-01,6.29
O002402,C0413,2025-04-09,201.54
O002403,C0413,2025-06-08,57.56
O002404,C0413,2025-09-18,86.96
O002405,C0413,2025-11-20,12.54
O002406,C0414,2025-11-22,26.67
O002407,C0415,2024-07-20,11.67
O002408,C0415,2024-10-08,119.62
O002409,C0415,2024-12-16,71.1
O002410,C0415,2024-12-31,135.84
O002411,C0415,2025-04-20,69.85
O002412,C0415,2025-09-29,7.64
O002413,C0415,2025-11-06,197.74
O002414,C0415,2025-11-28,133.05
O002415,C0416,2024-06-08,222.88
O002416,C0416,2024-07-14,61.29
O002417,C0416,2024-08-16,161.13
O002418,C0416,2024-08-23,88.58
O002419,C0416,2024-10-29,38.69
O002420,C0416,2025-01-14,37.72
O002421,C0416,2025-02-05,188.93
O002422,C0416,2025-03-07,41.04
O002423,C0416,2025-05-06,66.12
O002424,C0417,2024-02-19,125.35
O002425,C0417,2024-03-02,52.85
O002426,C0417,2024-03-23,55.03
O002427,C0417,2024-03-29,35.72
O002428,C0417,2024-06-13,11.47
O002429,C0417,2024-08-05,24.21
O002430,C0417,2024-09-23,15.2
O002431,C0417,2025-01-13,27.37
O002432,C0417,2025-02-28,133.46
O002433,C0417,2025-05-03,22.26
O002434,C0417,2025-06-12,168.63
O002435,C0417,2025-10-02,36.33
O002436,C0417,2025-12-04,92.09
O002437,C0418,2024-09-30,16.57
O002438,C0418,2025-02-05,110.09
O002439,C0418,2025-03-21,43.8
O002440,C0418,2025-04-17,23.84
O002441,C0419,2025-07-24,12.51
O002442,C0419,2025-11-02,85.86
O002443,C0419,2025-12-10,143.67
O002444,C0420,2024-03-29,30.82
O002445,C0420,2024-04-15,43.8
O002446,C0420,2024-06-12,69.45
O002447,C0420,2024-09-14,114.6
O002448,C0420,2024-10-29,105.1
O002449,C0420,2024-12-05,27.02
O002450,C0420,2025-01-22,6.79
O002451,C0420,2025-03-16,38.56
O002452,C0420,2025-04-08,13.49
O002453,C0420,2025-06-17,65.3
O002454,C0420,2025-07-10,20.96
O002455,C0420,2025-08-05,21.34
O002456,C0420,2025-10-27,24.73
O002457,C0420,2025-12-05,14.34
O002458,C0420,2025-12-29,86.71
O002459,C0421,2024-06-01,64.44
O002460,C0421,2024-08-13,186.9
O002461,C0421,2024-09-27,247.3
O002462,C0422,2024-05-05,162.38
O002463,C0422,2024-06-08,196.64
O002464,C0422,2024-07-07,108.64
O002465,C0422,2024-08-11,85.24
O002466,C0422,2024-10-21,99.26
O002467,C0422,2025-01-09,57.69
O002468,C0422,2025-01-31,173.63
O002469,C0422,2025-04-18,130.06
O002470,C0422,2025-05-01,16.22
O002471,C0422,2025-08-04,151.03
O002472,C0422,2025-10-17,11.84
O002473,C0422,2025-11-01,437.01
O002474,C0422,2025-12-06,255.29
O002475,C0423,2024-03-08,188.09
O002476,C0423,2024-03-18,64.16
O002477,C0423,2024-04-10,134.23
O002478,C0423,2024-05-22,83.84
O002479,C0423,2024-06-10,56.56
O002480,C0423,2024-07-07,62.99
O002481,C0423,2024-07-22,262.44
O002482,C0423,2024-09-02,136.59
O002483,C0423,2024-09-21,43.19
O002484,C0423,2024-10-04,34.46
O002485,C0423,2024-11-16,326.57
O002486,C0423,2024-12-10,258.32
O002487,C0423,2025-01-09,90.71
O002488,C0423,2025-03-05,296.57
O002489,C0423,2025-03-28,123.99
O002490,C0423,2025-05-08,66.19
O002491,C0423,2025-06-14,92.34
O002492,C0423,2025-07-04,142.43
O002493,C0423,2025-08-06,276.65
O002494,C0423,2025-08-24,156.14
O002495,C0423,2025-09-18,154.88
O002496,C0423,2025-10-15,62.01
O002497,C0423,2025-11-18,126.31
O002498,C0423,2025-12-07,284.71
O002499,C0423,2025-12-22,58.01
O002500,C0424,2024-12-02,94.1
O002501,C0424,2025-02-11,346.49
O002502,C0424,2025-02-25,343.53
O002503,C0424,2025-03-24,45.73
O002504,C0424,2025-04-16,130.49
O002505,C0424,2025-04-27,170.13
O002506,C0424,2025-05-09,88.53
O002507,C0424,2025-06-18,280.72
O002508,C0424,2025-07-07,327.56
O002509,C0424,2025-08-29,166.72
O002510,C0424,2025-09-22,200.23
O002511,C0424,2025-10-05,95.56
O002512,C0424,2025-11-27,172.98
O002513,C0424,2025-12-22,403.81
O002514,C0425,2024-06-29,190.57
O002515,C0425,2024-07-20,17.89
O002516,C0425,2024-08-16,54.73
O002517,C0425,2024-09-07,55.52
O002518,C0425,2024-09-21,85.1
O002519,C0425,2024-10-17,210.27
O002520,C0425,2024-11-22,115.4
O002521,C0425,2024-12-14,24.68
O002522,C0425,2025-01-16,573.33
O002523,C0425,2025-02-08,14.24
O002524,C0425,2025-03-05,81.73
O002525,C0425,2025-03-15,116.37
O002526,C0425,2025-05-18,23.66
O002527,C0425,2025-08-05,30.28
O002528,C0425,2025-09-20,33.88
O002529,C0425,2025-11-02,14.79
O002530,C0425,2025-12-21,220.49
O002531,C0426,2025-02-18,170.28
O002532,C0426,2025-03-02,322.7
O002533,C0426,2025-04-09,118.99
O002534,C0426,2025-04-29,93.54
O002535,C0426,2025-05-06,285.4
O002536,C0426,2025-06-18,197.7
O002537,C0426,2025-07-31,319.27
O002538,C0426,2025-08-21,353.18
O002539,C0426,2025-09-19,53.0
O002540,C0426,2025-10-29,17.09
O002541,C0426,2025-12-03,282.78
O002542,C0427,2024-08-15,328.4
O002543,C0427,2024-09-24,64.94
O002544,C0427,2024-12-18,95.87
O002545,C0427,2025-01-04,147.83
O002546,C0427,2025-03-02,127.83
O002547,C0427,2025-03-27,321.82
O002548,C0427,2025-04-15,157.0
O002549,C0427,2025-06-11,66.66
O002550,C0427,2025-07-02,616.87
O002551,C0427,2025-09-02,94.96
O002552,C0427,2025-11-03,112.81
O002553,C0428,2024-12-26,81.52
O002554,C0428,2025-01-14,57.13
O002555,C0428,2025-02-02,213.32
O002556,C0429,2024-03-06,76.75
O002557,C0429,2024-05-09,58.02
O002558,C0429,2024-06-16,145.37
O002559,C0429,2024-09-08,35.94
O002560,C0429,2024-11-01,64.94
O002561,C0430,2024-07-11,239.36
O002562,C0431,2024-08-21,107.65
O002563,C0431,2024-09-28,68.18
O002564,C0431,2024-10-23,43.98
O002565,C0431,2024-11-27,251.55
O002566,C0431,2024-12-04,31.56
O002567,C0431,2024-12-23,53.16
O002568,C0431,2025-01-28,72.71
O002569,C0431,2025-03-11,44.94
O002570,C0431,2025-05-13,151.71
O002571,C0431,2025-10-08,102.58
O002572,C0431,2025-10-30,124.61
O002573,C0431,2025-11-24,40.13
O002574,C0431,2025-12-30,36.33
O002575,C0432,2025-06-24,53.95
O002576,C0432,2025-07-16,15.15
O002577,C0432,2025-10-25,193.99
O002578,C0433,2024-09-11,23.2
O002579,C0433,2025-01-01,33.04
O002580,C0433,2025-04-06,154.63
O002581,C0433,2025-06-30,24.91
O002582,C0433,2025-10-30,44.84
O002583,C0434,2024-10-06,50.52
O002584,C0434,2024-10-24,115.79
O002585,C0434,2024-11-15,166.49
O002586,C0434,2024-12-11,139.74
O002587,C0434,2024-12-28,83.55
O002588,C0434,2025-03-01,23.94
O002589,C0434,2025-03-20,124.85
O002590,C0434,2025-04-26,94.78
O002591,C0434,2025-05-11,22.81
O002592,C0434,2025-08-13,87.34
O002593,C0434,2025-09-25,26.44
O002594,C0434,2025-12-12,112.11
O002595,C0435,2024-08-23,60.03
O002596,C0435,2024-11-10,64.0
O002597,C0435,2024-12-03,117.59
O002598,C0435,2025-02-18,199.65
O002599,C0435,2025-04-26,38.39
O002600,C0435,2025-05-17,59.13
O002601,C0435,2025-09-05,232.95
O002602,C0435,2025-11-23,340.69
O002603,C0435,2025-12-10,19.44
O002604,C0436,2024-10-27,62.81
O002605,C0436,2025-03-28,48.22
O002606,C0436,2025-07-08,10.21
O002607,C0436,2025-12-29,20.91
O002608,C0437,2025-04-16,115.85
O002609,C0437,2025-05-21,65.58
O002610,C0437,2025-07-23,18.28
O002611,C0437,2025-09-02,40.39
O002612,C0438,2025-02-27,104.36
O002613,C0438,2025-05-02,88.17
O002614,C0438,2025-09-03,79.77
O002615,C0438,2025-11-02,20.27
O002616,C0439,2025-06-26,160.33
O002617,C0439,2025-08-27,231.35
O002618,C0439,2025-09-08,42.72
O002619,C0439,2025-11-10,171.23
O002620,C0440,2024-12-17,163.48
O002621,C0440,2024-12-31,13.27
O002622,C0440,2025-04-19,50.45
O002623,C0440,2025-06-05,30.19
O002624,C0440,2025-06-17,68.78
O002625,C0440,2025-07-10,50.02
O002626,C0440,2025-07-21,72.57
O002627,C0440,2025-08-05,79.24
O002628,C0440,2025-09-17,73.82
O002629,C0441,2025-06-02,42.57
O002630,C0441,2025-06-19,49.55
O002631,C0441,2025-07-13,72.57
O002632,C0441,2025-07-19,197.92
O002633,C0441,2025-07-26,135.16
O002634,C0441,2025-08-09,190.96
O002635,C0441,2025-09-06,52.66
O002636,C0441,2025-10-06,120.55
O002637,C0441,2025-10-21,29.44
O002638,C0441,2025-11-20,95.66
O002639,C0441,2025-12-13,317.79
O002640,C0442,2025-10-31,91.94
O002641,C0442,2025-11-26,140.37
O002642,C0443,2024-08-22,29.11
O002643,C0443,2024-10-19,28.73
O002644,C0443,2025-01-30,21.0
O002645,C0443,2025-03-27,63.92
O002646,C0443,2025-05-31,13.46
O002647,C0443,2025-06-27,44.96
O002648,C0443,2025-10-06,92.59
O002649,C0444,2025-03-06,35.42
O002650,C0444,2025-05-21,71.56
O002651,C0444,2025-07-04,52.2
O002652,C0444,2025-12-19,41.24
O002653,C0445,2025-11-11,50.19
O002654,C0445,2025-11-19,10.75
O002655,C0446,2025-08-26,91.71
O002656,C0446,2025-09-20,147.7
O002657,C0446,2025-11-10,43.37
O002658,C0447,2025-04-25,98.88
O002659,C0447,2025-06-01,17.35
O002660,C0447,2025-08-20,53.2
O002661,C0447,2025-12-20,35.23
O002662,C0448,2025-01-28,101.53
O002663,C0448,2025-02-20,57.66
O002664,C0448,2025-06-28,33.11
O002665,C0448,2025-12-20,47.05
O002666,C0449,2025-02-21,42.57
O002667,C0449,2025-03-08,84.07
O002668,C0449,2025-03-14,153.14
O002669,C0449,2025-05-04,71.62
O002670,C0449,2025-09-08,263.23
O002671,C0449,2025-10-12,103.05
O002672,C0449,2025-10-25,193.07
O002673,C0449,2025-12-07,75.32
O002674,C0450,2025-02-26,312.05
O002675,C0450,2025-04-18,510.66
O002676,C0450,2025-04-27,106.28
O002677,C0450,2025-05-05,76.96
O002678,C0450,2025-05-31,395.73
O002679,C0450,2025-07-28,167.68
O002680,C0450,2025-08-24,159.62
O002681,C0450,2025-09-20,283.17
O002682,C0451,2025-04-22,93.51
O002683,C0451,2025-05-21,171.95
O002684,C0451,2025-07-06,54.0
O002685,C0451,2025-12-05,40.14
O002686,C0452,2025-06-24,255.13
O002687,C0452,2025-08-06,111.63
O002688,C0452,2025-12-22,148.77
O002689,C0453,2025-06-14,45.04
O002690,C0453,2025-08-17,68.24
O002691,C0453,2025-10-18,153.88
O002692,C0453,2025-12-18,63.61
O002693,C0454,2024-09-11,26.77
O002694,C0454,2024-10-17,243.02
O002695,C0454,2024-12-18,13.28
O002696,C0455,2024-11-04,234.6
O002697,C0455,2024-12-11,262.39
O002698,C0455,2024-12-31,301.84
O002699,C0455,2025-02-08,363.58
O002700,C0455,2025-02-16,89.41
O002701,C0455,2025-03-13,99.35
O002702,C0455,2025-04-22,307.73
O002703,C0455,2025-06-03,221.78
O002704,C0455,2025-07-22,305.94
O002705,C0455,2025-08-29,68.54
O002706,C0455,2025-11-04,572.05
O002707,C0455,2025-11-21,265.62
O002708,C0455,2025-12-16,544.17
O002709,C0455,2025-12-24,35.12
O002710,C0456,2025-01-05,72.69
O002711,C0456,2025-05-30,181.7
O002712,C0456,2025-08-20,38.62
O002713,C0457,2025-04-30,94.58
O002714,C0457,2025-07-02,22.39
O002715,C0457,2025-07-25,74.27
O002716,C0457,2025-09-26,93.16
O002717,C0457,2025-11-02,211.57
O002718,C0457,2025-12-14,28.28
O002719,C0458,2024-08-14,109.3
O002720,C0458,2024-09-16,82.93
O002721,C0458,2024-11-24,74.66
O002722,C0459,2024-06-21,62.17
O002723,C0459,2024-08-09,136.0
O002724,C0459,2024-09-01,66.72
O002725,C0459,2024-10-04,161.49
O002726,C0459,2024-12-10,25.36
O002727,C0459,2025-01-18,32.93
O002728,C0459,2025-07-05,66.98
O002729,C0459,2025-07-16,19.3
O002730,C0459,2025-09-23,44.37
O002731,C0459,2025-10-07,61.34
O002732,C0459,2025-11-20,76.09
O002733,C0460,2025-03-06,206.92
O002734,C0461,2025-06-29,67.61
O002735,C0462,2025-07-08,56.33
O002736,C0462,2025-11-30,192.25
O002737,C0463,2024-03-27,25.26
O002738,C0463,2024-08-10,69.66
O002739,C0463,2024-09-30,149.83
O002740,C0463,2025-05-27,41.01
O002741,C0463,2025-11-25,23.25
O002742,C0463,2025-12-19,33.94
O002743,C0465,2025-04-02,40.35
O002744,C0465,2025-04-27,26.36
O002745,C0465,2025-05-30,50.46
O002746,C0466,2024-03-31,23.64
O002747,C0467,2025-06-21,12.98
O002748,C0467,2025-08-17,219.71
O002749,C0468,2024-05-07,86.63
O002750,C0468,2024-08-13,21.92
O002751,C0468,2024-10-14,6.56
O002752,C0468,2024-12-30,176.4
O002753,C0469,2025-06-14,56.73
O002754,C0470,2025-02-18,19.46
O002755,C0470,2025-03-06,244.4
O002756,C0470,2025-03-28,90.26
O002757,C0470,2025-05-27,182.97
O002758,C0470,2025-06-03,351.16
O002759,C0470,2025-06-15,161.88
O002760,C0470,2025-07-01,123.55
O002761,C0470,2025-08-09,175.76
O002762,C0470,2025-11-19,52.39
O002763,C0470,2025-12-20,129.46
O002764,C0471,2024-12-19,199.28
O002765,C0471,2025-02-08,241.04
O002766,C0472,2024-12-19,34.37
O002767,C0472,2025-04-28,6.19
O002768,C0472,2025-07-23,24.54
O002769,C0473,2024-10-12,228.75
O002770,C0473,2024-11-07,94.52
O002771,C0473,2025-05-12,21.15
O002772,C0473,2025-06-26,56.18
O002773,C0473,2025-12-12,21.41
O002774,C0474,2025-05-15,195.28
O002775,C0474,2025-06-13,135.02
O002776,C0474,2025-07-22,114.56
O002777,C0474,2025-08-15,60.57
O002778,C0474,2025-09-24,367.84
O002779,C0474,2025-10-15,161.14
O002780,C0474,2025-11-02,392.15
O002781,C0474,2025-11-15,124.96
O002782,C0474,2025-11-21,99.58
O002783,C0474,2025-12-20,275.32
O002784,C0475,2025-07-12,46.59
O002785,C0475,2025-09-25,18.9
O002786,C0475,2025-10-05,126.1
O002787,C0475,2025-11-06,36.63
O002788,C0475,2025-12-18,33.91
O002789,C0476,2024-07-30,22.78
O002790,C0476,2024-11-03,13.62
O002791,C0476,2025-08-11,12.3
O002792,C0476,2025-10-03,166.07
O002793,C0476,2025-11-22,68.06
O002794,C0477,2024-05-02,29.65
O002795,C0478,2025-04-18,222.31
O002796,C0478,2025-05-01,129.91
O002797,C0478,2025-06-08,22.99
O002798,C0478,2025-07-24,109.89
O002799,C0478,2025-08-03,71.6
O002800,C0478,2025-10-01,295.04
O002801,C0478,2025-11-21,47.89
O002802,C0479,2025-09-06,44.29
O002803,C0479,2025-11-27,42.2
O002804,C0480,2025-01-10,69.8
O002805,C0480,2025-02-22,70.72
O002806,C0480,2025-03-05,314.2
O002807,C0481,2025-06-10,65.17
O002808,C0481,2025-07-10,108.38
O002809,C0481,2025-09-30,51.74
O002810,C0482,2024-05-02,77.79
O002811,C0483,2025-12-06,33.78
O002812,C0484,2024-03-24,113.57
O002813,C0484,2024-05-03,406.52
O002814,C0484,2024-07-07,95.02
O002815,C0484,2024-08-20,93.33
O002816,C0484,2024-10-13,135.27
O002817,C0484,2024-10-27,24.08
O002818,C0484,2025-01-21,31.83
O002819,C0484,2025-04-18,36.46
O002820,C0484,2025-05-24,75.09
O002821,C0484,2025-07-25,60.16
O002822,C0484,2025-08-14,196.1
O002823,C0484,2025-08-27,173.18
O002824,C0484,2025-10-05,147.73
O002825,C0484,2025-11-17,63.66
O002826,C0485,2025-02-24,9.49
O002827,C0485,2025-04-18,17.38
O002828,C0485,2025-06-12,38.48
O002829,C0485,2025-10-17,56.25
O002830,C0485,2025-12-25,94.06
O002831,C0488,2024-04-03,12.48
O002832,C0488,2024-04-25,68.79
O002833,C0488,2024-06-18,48.8
O002834,C0488,2024-08-18,20.22
O002835,C0488,2024-09-29,11.12
O002836,C0488,2025-02-01,13.97
O002837,C0488,2025-03-03,53.05
O002838,C0488,2025-06-03,48.25
O002839,C0488,2025-06-23,64.24
O002840,C0488,2025-07-19,73.66
O002841,C0488,2025-08-22,71.34
O002842,C0488,2025-10-05,30.34
O002843,C0488,2025-11-09,15.95
O002844,C0488,2025-11-23,30.73
O002845,C0488,2025-12-19,98.96
O002846,C0489,2025-06-18,151.46
O002847,C0489,2025-08-04,10.0
O002848,C0489,2025-12-08,89.62
O002849,C0489,2025-12-26,34.09
O002850,C0491,2024-03-06,60.27
O002851,C0491,2024-07-30,156.01
O002852,C0491,2024-09-02,27.61
O002853,C0491,2024-11-13,144.3
O002854,C0492,2024-11-03,38.59
O002855,C0492,2024-11-09,62.02
O002856,C0492,2025-01-03,62.68
O002857,C0492,2025-01-15,46.47
O002858,C0492,2025-04-06,42.27
O002859,C0492,2025-04-25,114.45
O002860,C0493,2025-05-07,31.96
O002861,C0494,2024-09-25,56.8
O002862,C0494,2024-10-02,207.11
O002863,C0494,2024-10-23,49.73
O002864,C0494,2024-10-30,103.55
O002865,C0494,2024-11-14,87.11
O002866,C0494,2024-12-06,165.79
O002867,C0494,2024-12-16,35.34
O002868,C0494,2024-12-22,167.84
O002869,C0494,2025-01-27,69.72
O002870,C0494,2025-03-05,37.5
O002871,C0494,2025-04-09,126.86
O002872,C0494,2025-05-09,260.4
O002873,C0494,2025-05-28,24.43
O002874,C0494,2025-07-25,258.12
O002875,C0494,2025-08-11,123.45
O002876,C0494,2025-08-31,156.2
O002877,C0494,2025-09-14,47.03
O002878,C0494,2025-10-04,39.52
O002879,C0494,2025-10-16,153.63
O002880,C0495,2025-08-17,149.87
O002881,C0496,2024-06-08,44.26
O002882,C0496,2024-07-29,63.21
O002883,C0496,2024-11-29,61.03
O002884,C0497,2024-10-23,65.43
O002885,C0498,2025-07-15,23.22
O002886,C0498,2025-08-14,44.38
O002887,C0498,2025-10-15,79.71
O002888,C0498,2025-10-23,211.76
O002889,C0498,2025-12-28,61.62
O002890,C0499,2024-12-15,79.12
O002891,C0499,2025-02-20,212.35
O002892,C0499,2025-04-21,71.41
O002893,C0501,2025-03-15,174.13
O002894,C0501,2025-04-11,145.4
O002895,C0501,2025-04-17,134.75
O002896,C0501,2025-05-13,101.26
O002897,C0501,2025-07-28,71.77
O002898,C0501,2025-09-07,35.69
O002899,C0501,2025-09-19,43.3
O002900,C0501,2025-11-01,65.95
O002901,C0501,2025-11-12,331.92
O002902,C0501,2025-11-27,280.19
O002903,C0501,2025-12-08,70.59
O002904,C0502,2025-10-16,32.06
O002905,C0502,2025-12-06,71.22
O002906,C0502,2025-12-21,42.45
O002907,C0503,2024-08-23,324.41
O002908,C0503,2024-12-19,68.52
O002909,C0503,2025-03-26,34.78
O002910,C0503,2025-04-11,20.39
O002911,C0503,2025-05-20,17.45
O002912,C0503,2025-06-24,46.14
O002913,C0503,2025-09-12,164.89
O002914,C0503,2025-10-16,90.06
O002915,C0503,2025-11-17,77.82
O002916,C0503,2025-12-24,113.22
O002917,C0504,2025-03-25,63.25
O002918,C0504,2025-04-29,193.03
O002919,C0505,2025-08-18,55.71
O002920,C0506,2024-12-24,36.39
O002921,C0506,2025-01-29,53.22
O002922,C0507,2024-06-15,69.24
O002923,C0507,2024-09-09,192.21
O002924,C0508,2025-08-05,173.1
O002925,C0508,2025-12-18,65.55
O002926,C0509,2025-02-19,57.41
O002927,C0509,2025-08-09,15.16
O002928,C0510,2024-12-12,426.32
O002929,C0510,2025-03-03,62.13
O002930,C0510,2025-07-05,59.74
O002931,C0510,2025-10-10,185.38
O002932,C0511,2024-09-07,49.08
O002933,C0511,2024-11-17,69.24
O002934,C0511,2025-05-11,94.92
O002935,C0511,2025-06-12,45.5
O002936,C0511,2025-11-25,35.3
O002937,C0512,2025-10-10,164.58
O002938,C0513,2025-03-06,22.6
O002939,C0513,2025-04-08,22.16
O002940,C0513,2025-08-25,52.18
O002941,C0513,2025-09-13,42.68
O002942,C0514,2024-06-13,41.44
O002943,C0514,2024-08-27,81.94
O002944,C0514,2024-09-28,77.11
O002945,C0514,2024-12-04,47.86
O002946,C0514,2025-01-28,67.76
O002947,C0514,2025-06-12,247.0
O002948,C0514,2025-06-25,176.4
O002949,C0514,2025-08-01,200.37
O002950,C0514,2025-08-24,37.46
O002951,C0514,2025-11-29,55.2
O002952,C0514,2025-12-27,114.59
O002953,C0515,2025-04-30,43.57
O002954,C0515,2025-05-28,72.71
O002955,C0515,2025-07-09,46.02
O002956,C0515,2025-08-18,33.16
O002957,C0515,2025-11-01,67.12
O002958,C0515,2025-12-24,36.89
O002959,C0516,2024-06-20,157.21
O002960,C0516,2024-09-14,104.19
O002961,C0516,2025-04-28,258.11
O002962,C0516,2025-08-09,166.62
O002963,C0516,2025-09-21,335.0
O002964,C0516,2025-10-25,79.84
O002965,C0517,2024-03-19,71.99
O002966,C0517,2024-05-08,104.43
O002967,C0517,2024-07-21,95.98
O002968,C0517,2024-09-14,208.63
O002969,C0517,2025-01-07,109.02
O002970,C0517,2025-05-13,36.19
O002971,C0517,2025-07-13,63.45
O002972,C0517,2025-09-07,21.29
O002973,C0517,2025-11-28,106.94
O002974,C0518,2025-03-25,44.19
O002975,C0518,2025-04-28,102.17
O002976,C0518,2025-08-21,28.0
O002977,C0519,2025-03-02,21.09
O002978,C0519,2025-07-31,30.0
O002979,C0520,2024-07-03,61.65
O002980,C0520,2024-07-17,64.2
O002981,C0520,2024-07-29,149.55
O002982,C0520,2024-08-27,184.46
O002983,C0520,2024-10-02,237.34
O002984,C0520,2025-02-12,72.36
O002985,C0520,2025-04-16,105.25
O002986,C0520,2025-06-25,79.92
O002987,C0520,2025-07-27,96.45
O002988,C0520,2025-09-17,37.33
O002989,C0520,2025-11-01,106.73
O002990,C0521,2025-11-12,25.18
O002991,C0522,2025-02-07,43.41
O002992,C0522,2025-03-29,212.04
O002993,C0522,2025-06-02,151.04
O002994,C0522,2025-06-17,16.62
O002995,C0522,2025-08-25,188.37
O002996,C0522,2025-09-30,140.8
O002997,C0522,2025-12-18,32.77
O002998,C0523,2025-03-07,16.25
O002999,C0523,2025-03-28,116.22
O003000,C0523,2025-04-14,56.66
O003001,C0523,2025-06-21,215.16
O003002,C0523,2025-09-01,84.6
O003003,C0523,2025-10-11,85.94
O003004,C0523,2025-10-22,92.21
O003005,C0523,2025-11-29,18.21
O003006,C0523,2025-12-05,73.37
O003007,C0523,2025-12-28,49.76
O003008,C0525,2025-11-07,41.19
O003009,C0525,2025-12-01,143.19
O003010,C0525,2025-12-31,54.35
O003011,C0526,2024-09-11,97.07
O003012,C0526,2025-02-03,119.69
O003013,C0526,2025-04-15,209.52
O003014,C0526,2025-05-18,263.7
O003015,C0526,2025-06-22,154.05
O003016,C0526,2025-07-28,114.43
O003017,C0526,2025-08-23,40.07
O003018,C0526,2025-10-25,323.63
O003019,C0526,2025-11-16,44.34
O003020,C0527,2024-05-22,34.34
O003021,C0528,2024-03-22,83.53
O003022,C0528,2024-04-26,199.8
O003023,C0528,2024-06-02,218.78
O003024,C0528,2024-06-20,42.62
O003025,C0528,2024-07-29,42.84
O003026,C0528,2024-08-26,125.84
O003027,C0528,2024-09-21,59.92
O003028,C0528,2024-10-20,54.85
O003029,C0528,2025-02-13,120.58
O003030,C0528,2025-05-04,22.72
O003031,C0528,2025-06-20,136.39
O003032,C0528,2025-07-20,18.31
O003033,C0528,2025-11-02,87.98
O003034,C0528,2025-11-12,226.16
O003035,C0528,2025-12-19,103.52
O003036,C0529,2024-11-23,107.55
O003037,C0529,2025-01-01,59.16
O003038,C0529,2025-08-17,18.9
O003039,C0530,2025-01-15,11.66
O003040,C0530,2025-05-30,185.27
O003041,C0530,2025-11-07,79.39
O003042,C0531,2025-02-01,347.21
O003043,C0531,2025-03-09,66.21
O003044,C0531,2025-04-16,134.47
O003045,C0531,2025-05-03,146.31
O003046,C0531,2025-05-23,81.25
O003047,C0531,2025-07-01,160.38
O003048,C0531,2025-08-16,184.3
O003049,C0531,2025-10-07,44.41
O003050,C0531,2025-12-28,231.84
O003051,C0532,2024-01-09,70.85
O003052,C0532,2024-02-23,395.59
O003053,C0532,2024-04-16,184.26
O003054,C0533,2025-04-14,43.72
O003055,C0533,2025-07-01,57.1
O003056,C0534,2025-10-23,87.38
O003057,C0535,2025-02-08,36.47
O003058,C0535,2025-06-02,131.21
O003059,C0535,2025-11-16,86.02
O003060,C0536,2024-11-03,85.7
O003061,C0536,2025-11-07,48.46
O003062,C0536,2025-11-25,56.57
O003063,C0537,2024-01-11,131.79
O003064,C0537,2024-02-11,75.0
O003065,C0537,2024-02-24,41.95
O003066,C0537,2024-03-01,109.96
O003067,C0537,2024-03-14,227.8
O003068,C0537,2024-04-22,87.53
O003069,C0537,2024-06-14,299.95
O003070,C0537,2024-08-05,91.59
O003071,C0537,2024-08-18,121.02
O003072,C0537,2024-09-28,193.21
O003073,C0537,2024-11-06,90.63
O003074,C0537,2024-12-16,121.9
O003075,C0537,2025-01-23,111.58
O003076,C0537,2025-02-22,97.04
O003077,C0537,2025-03-28,18.8
O003078,C0537,2025-04-13,574.41
O003079,C0537,2025-05-30,219.47
O003080,C0537,2025-06-11,81.54
O003081,C0537,2025-06-23,60.66
O003082,C0537,2025-08-15,179.62
O003083,C0537,2025-08-31,141.97
O003084,C0537,2025-09-16,124.22
O003085,C0537,2025-11-09,95.51
O003086,C0538,2024-10-05,29.48
O003087,C0538,2024-10-24,136.0
O003088,C0538,2024-11-30,203.6
O003089,C0539,2024-12-21,94.21
O003090,C0539,2025-03-09,175.2
O003091,C0539,2025-06-18,336.06
O003092,C0539,2025-08-20,24.71
O003093,C0539,2025-10-10,38.09
O003094,C0539,2025-10-29,268.5
O003095,C0542,2025-09-01,47.91
O003096,C0542,2025-10-03,71.82
O003097,C0542,2025-10-13,11.88
O003098,C0542,2025-12-18,212.45
O003099,C0543,2025-10-09,106.6
O003100,C0543,2025-12-14,54.99
O003101,C0544,2025-08-04,24.47
O003102,C0544,2025-11-27,36.53
O003103,C0545,2025-09-29,35.21
O003104,C0546,2024-06-03,67.03
O003105,C0546,2024-06-24,33.18
O003106,C0546,2024-07-15,50.85
O003107,C0546,2024-09-11,44.19
O003108,C0546,2024-09-28,131.11
O003109,C0547,2024-10-05,57.48
O003110,C0547,2024-12-10,84.81
O003111,C0547,2024-12-30,210.73
O003112,C0547,2025-03-23,316.03
O003113,C0547,2025-06-10,50.22
O003114,C0547,2025-07-26,238.48
O003115,C0547,2025-09-03,120.82
O003116,C0547,2025-11-26,56.58
O003117,C0548,2024-08-29,20.49
O003118,C0548,2024-11-24,37.95
O003119,C0548,2025-01-11,99.5
O003120,C0548,2025-05-03,107.09
O003121,C0548,2025-07-06,128.7
O003122,C0548,2025-09-22,293.68
O003123,C0548,2025-11-20,63.28
O003124,C0548,2025-12-09,11.1
O003125,C0549,2025-02-09,22.85
O003126,C0549,2025-04-15,79.39
O003127,C0549,2025-07-30,148.83
O003128,C0549,2025-10-21,64.47
O003129,C0549,2025-12-05,27.56
O003130,C0550,2025-05-12,24.43
O003131,C0550,2025-06-12,141.89
O003132,C0550,2025-06-18,59.6
O003133,C0550,2025-07-15,53.59
O003134,C0550,2025-07-23,56.42
O003135,C0550,2025-08-19,55.32
O003136,C0550,2025-09-22,16.76
O003137,C0550,2025-11-08,192.58
O003138,C0550,2025-12-12,102.66
O003139,C0552,2024-04-24,165.89
O003140,C0552,2024-06-28,177.32
O003141,C0552,2024-08-11,15.53
O003142,C0552,2024-12-20,47.56
O003143,C0552,2025-03-20,220.84
O003144,C0552,2025-12-16,90.78
O003145,C0553,2025-01-18,18.84
O003146,C0553,2025-04-27,26.59
O003147,C0553,2025-08-10,80.16
O003148,C0553,2025-12-07,108.47
O003149,C0554,2024-07-04,191.46
O003150,C0554,2024-08-03,137.98
O003151,C0554,2024-09-26,53.63
O003152,C0554,2024-11-10,6.95
O003153,C0554,2024-12-23,31.57
O003154,C0554,2024-12-29,24.12
O003155,C0554,2025-01-15,344.91
O003156,C0554,2025-03-05,161.85
O003157,C0554,2025-03-23,188.03
O003158,C0554,2025-05-13,199.23
O003159,C0554,2025-06-19,48.55
O003160,C0554,2025-09-28,217.74
O003161,C0554,2025-11-19,77.07
O003162,C0555,2024-02-11,50.1
O003163,C0555,2024-03-24,145.48
O003164,C0555,2024-04-27,248.36
O003165,C0555,2024-06-22,217.89
O003166,C0555,2024-08-06,63.66
O003167,C0555,2024-09-04,148.15
O003168,C0555,2024-09-20,243.24
O003169,C0555,2024-11-22,211.58
O003170,C0555,2025-01-10,55.86
O003171,C0555,2025-02-21,116.65
O003172,C0555,2025-06-23,147.02
O003173,C0555,2025-09-01,96.06
O003174,C0555,2025-10-11,40.34
O003175,C0555,2025-12-18,98.7
O003176,C0556,2024-04-24,40.17
O003177,C0556,2024-10-10,16.74
O003178,C0556,2024-11-30,41.0
O003179,C0556,2024-12-21,26.95
O003180,C0556,2025-01-21,55.37
O003181,C0558,2024-09-05,47.55
O003182,C0558,2024-11-09,61.23
O003183,C0558,2025-01-18,109.3
O003184,C0558,2025-07-30,235.77
O003185,C0559,2024-05-13,195.11
O003186,C0559,2024-06-20,103.49
O003187,C0559,2024-08-14,218.28
O003188,C0559,2024-09-05,31.52
O003189,C0559,2025-04-10,49.07
O003190,C0560,2024-03-27,231.57
O003191,C0560,2024-04-30,25.41
O003192,C0560,2024-06-02,127.45
O003193,C0561,2024-12-26,13.58
O003194,C0561,2025-02-04,13.65
O003195,C0561,2025-03-04,73.36
O003196,C0561,2025-04-17,83.04
O003197,C0561,2025-06-26,13.79
O003198,C0561,2025-08-10,133.95
O003199,C0561,2025-10-12,40.66
O003200,C0561,2025-12-06,33.05
O003201,C0562,2025-03-14,96.24
O003202,C0563,2024-07-22,233.82
O003203,C0564,2024-03-11,95.55
O003204,C0564,2024-06-16,99.84
O003205,C0564,2024-07-23,121.73
O003206,C0564,2024-08-24,29.57
O003207,C0564,2024-09-18,66.08
O003208,C0565,2024-07-17,66.73
O003209,C0565,2024-08-23,14.51
O003210,C0565,2024-09-23,26.41
O003211,C0565,2024-10-14,142.42
O003212,C0565,2024-12-05,114.99
O003213,C0565,2025-01-05,65.33
O003214,C0565,2025-03-02,22.1
O003215,C0565,2025-03-31,142.58
O003216,C0565,2025-04-28,49.96
O003217,C0565,2025-10-01,60.11
O003218,C0566,2025-09-27,75.3
O003219,C0566,2025-10-03,109.99
O003220,C0567,2024-03-11,35.7
O003221,C0567,2024-04-03,65.74
O003222,C0567,2024-04-15,51.92
O003223,C0567,2024-05-28,39.62
O003224,C0567,2024-07-09,7.86
O003225,C0567,2024-07-17,405.6
O003226,C0567,2024-08-17,36.66
O003227,C0567,2024-10-12,45.6
O003228,C0567,2024-11-06,70.1
O003229,C0567,2024-11-24,24.27
O003230,C0567,2024-12-30,18.96
O003231,C0567,2025-03-22,45.95
O003232,C0567,2025-04-05,199.98
O003233,C0567,2025-07-01,131.6
O003234,C0567,2025-08-25,39.03
O003235,C0567,2025-12-29,167.23
O003236,C0568,2025-07-29,36.57
O003237,C0568,2025-09-27,74.88
O003238,C0568,2025-10-30,7.48
O003239,C0569,2024-01-11,172.75
O003240,C0569,2024-02-20,355.98
O003241,C0569,2024-03-26,51.17
O003242,C0569,2024-05-16,191.45
O003243,C0569,2024-07-02,90.65
O003244,C0569,2024-07-15,82.74
O003245,C0569,2024-07-26,277.93
O003246,C0569,2024-09-10,252.41
O003247,C0569,2024-10-22,176.54
O003248,C0569,2024-11-20,245.61
O003249,C0569,2024-12-14,155.5
O003250,C0569,2025-01-05,295.93
O003251,C0569,2025-02-12,141.17
O003252,C0569,2025-04-13,98.25
O003253,C0569,2025-05-09,151.5
O003254,C0570,2024-10-05,124.53
O003255,C0570,2025-01-18,121.03
O003256,C0570,2025-02-01,108.2
O003257,C0570,2025-04-05,61.57
O003258,C0570,2025-05-31,85.73
O003259,C0570,2025-08-04,11.56
O003260,C0570,2025-09-04,34.31
O003261,C0570,2025-09-15,155.95
O003262,C0571,2024-04-07,115.34
O003263,C0571,2024-06-01,95.8
O003264,C0571,2024-09-02,159.03
O003265,C0571,2024-10-02,81.05
O003266,C0571,2024-10-25,69.93
O003267,C0572,2024-05-06,225.09
O003268,C0572,2024-06-14,51.12
O003269,C0572,2024-08-06,10.4
O003270,C0572,2024-09-03,113.5
O003271,C0572,2025-01-23,164.76
O003272,C0572,2025-02-08,28.34
O003273,C0572,2025-04-15,162.34
O003274,C0572,2025-07-05,122.42
O003275,C0572,2025-07-15,98.62
O003276,C0573,2024-03-09,156.97
O003277,C0573,2024-09-06,234.18
O003278,C0573,2024-11-24,385.13
O003279,C0573,2025-02-05,107.58
O003280,C0573,2025-04-07,39.76
O003281,C0573,2025-06-05,154.77
O003282,C0573,2025-07-06,243.25
O003283,C0574,2025-02-09,57.12
O003284,C0574,2025-05-14,118.83
O003285,C0575,2024-10-03,155.93
O003286,C0575,2024-12-22,131.31
O003287,C0575,2025-03-05,120.75
O003288,C0575,2025-03-14,21.83
O003289,C0575,2025-06-25,101.67
O003290,C0575,2025-07-18,12.02
O003291,C0575,2025-08-21,264.97
O003292,C0575,2025-11-24,305.56
O003293,C0577,2024-08-13,80.23
O003294,C0578,2024-05-07,60.1
O003295,C0578,2024-06-02,59.88
O003296,C0578,2024-07-20,87.7
O003297,C0578,2024-09-05,22.81
O003298,C0579,2024-05-11,11.33
O003299,C0579,2024-05-20,104.28
O003300,C0579,2024-08-04,14.25
O003301,C0579,2024-09-05,140.24
O003302,C0579,2024-12-27,241.53
O003303,C0579,2025-01-25,72.08
O003304,C0580,2025-06-14,33.7
O003305,C0580,2025-10-04,42.0
O003306,C0581,2024-12-08,36.09
O003307,C0581,2025-02-18,34.07
O003308,C0581,2025-04-25,35.09
O003309,C0581,2025-06-01,38.38
O003310,C0581,2025-07-06,59.82
O003311,C0581,2025-08-06,93.96
O003312,C0581,2025-08-25,165.6
O003313,C0582,2024-07-19,125.09
O003314,C0582,2024-08-17,25.76
O003315,C0582,2024-09-17,173.23
O003316,C0582,2024-10-07,7.49
O003317,C0582,2025-01-05,41.0
O003318,C0582,2025-05-06,58.37
O003319,C0582,2025-06-17,79.19
O003320,C0582,2025-06-25,240.7
O003321,C0582,2025-08-24,99.55
O003322,C0583,2025-01-01,130.97
O003323,C0583,2025-01-22,241.99
O003324,C0583,2025-04-01,16.85
O003325,C0583,2025-04-22,118.42
O003326,C0583,2025-05-19,45.04
O003327,C0583,2025-07-01,87.68
O003328,C0583,2025-07-19,37.19
O003329,C0584,2025-09-20,139.05
O003330,C0584,2025-11-16,119.84
O003331,C0584,2025-12-10,111.98
O003332,C0585,2025-06-21,75.65
O003333,C0585,2025-07-24,20.94
O003334,C0585,2025-09-03,12.08
O003335,C0585,2025-09-30,7.27
O003336,C0586,2025-02-05,75.13
O003337,C0586,2025-02-15,54.54
O003338,C0586,2025-03-01,64.49
O003339,C0587,2024-03-29,96.33
O003340,C0587,2024-04-19,20.38
O003341,C0588,2024-05-19,176.91
O003342,C0588,2024-07-02,111.98
O003343,C0589,2025-03-21,31.08
O003344,C0589,2025-05-28,55.52
O003345,C0590,2024-09-13,107.27
O003346,C0590,2025-08-21,57.4
O003347,C0590,2025-10-12,128.0
O003348,C0591,2024-06-06,26.04
O003349,C0591,2024-07-20,12.55
O003350,C0591,2024-09-18,35.58
O003351,C0592,2024-02-17,41.83
O003352,C0592,2024-03-20,459.46
O003353,C0592,2024-04-21,138.81
O003354,C0592,2024-06-03,135.29
O003355,C0592,2024-07-06,76.18
O003356,C0592,2024-09-06,380.57
O003357,C0592,2024-10-14,67.6
O003358,C0592,2024-12-02,75.59
O003359,C0592,2025-04-16,81.79
O003360,C0592,2025-07-08,13.9
O003361,C0592,2025-12-29,107.88
O003362,C0593,2024-11-26,43.41
O003363,C0593,2024-12-30,66.74
O003364,C0593,2025-01-31,82.36
O003365,C0593,2025-02-21,84.46
O003366,C0593,2025-05-02,113.62
O003367,C0593,2025-06-21,49.08
O003368,C0593,2025-07-05,88.79
O003369,C0593,2025-07-31,49.92
O003370,C0593,2025-11-17,73.43
O003371,C0594,2025-10-03,154.65
O003372,C0595,2024-07-01,87.12
O003373,C0595,2024-12-05,32.07
O003374,C0595,2025-01-18,41.72
O003375,C0595,2025-04-23,65.29
O003376,C0595,2025-07-23,50.42
O003377,C0595,2025-10-29,57.21
O003378,C0596,2025-08-24,63.92
O003379,C0596,2025-10-22,78.66
O003380,C0596,2025-12-02,94.52
O003381,C0597,2024-07-26,43.46
O003382,C0597,2024-08-01,65.6
O003383,C0597,2024-09-10,67.36
O003384,C0597,2024-10-02,41.8
O003385,C0597,2024-10-08,130.48
O003386,C0597,2024-10-28,25.35
O003387,C0597,2025-01-20,47.16
O003388,C0597,2025-03-30,61.66
O003389,C0597,2025-06-10,102.5
O003390,C0597,2025-07-17,72.85
O003391,C0597,2025-08-19,44.25
O003392,C0597,2025-12-22,65.68
O003393,C0598,2025-05-16,18.99
O003394,C0599,2025-03-15,39.28
O003395,C0599,2025-04-05,28.23
O003396,C0599,2025-05-08,121.9
O003397,C0599,2025-06-20,51.04
O003398,C0599,2025-07-04,133.12
O003399,C0599,2025-07-24,43.21
O003400,C0599,2025-09-23,36.08
O003401,C0600,2024-06-02,52.52
O003402,C0600,2024-08-28,38.31
O003403,C0600,2024-10-20,75.06
O003404,C0600,2024-11-07,59.45
O003405,C0600,2025-01-01,92.52
O003406,C0600,2025-02-13,110.78
O003407,C0600,2025-03-29,65.05
O003408,C0600,2025-07-02,71.7
O003409,C0600,2025-10-02,65.73
O003410,C0600,2025-10-29,22.68
O003411,C0601,2024-10-27,73.29
O003412,C0601,2025-01-06,173.02
O003413,C0601,2025-01-25,123.25
O003414,C0601,2025-02-17,123.82
O003415,C0601,2025-02-26,71.57
O003416,C0601,2025-04-04,31.57
O003417,C0601,2025-06-09,79.89
O003418,C0601,2025-07-04,129.99
O003419,C0601,2025-08-21,126.05
O003420,C0601,2025-10-13,59.87
O003421,C0601,2025-11-21,336.05
O003422,C0601,2025-12-28,129.59
O003423,C0602,2025-05-24,8.5
O003424,C0602,2025-05-30,451.54
O003425,C0602,2025-07-12,524.44
O003426,C0602,2025-08-16,159.19
O003427,C0602,2025-09-20,495.47
O003428,C0602,2025-09-26,84.25
O003429,C0602,2025-10-03,214.04
O003430,C0602,2025-10-26,178.21
O003431,C0602,2025-11-11,305.74
O003432,C0602,2025-11-17,370.43
O003433,C0602,2025-12-19,100.79
O003434,C0603,2025-08-22,74.42
O003435,C0603,2025-12-08,30.42
O003436,C0604,2024-04-12,45.84
O003437,C0604,2024-07-05,31.65
O003438,C0604,2024-08-20,36.48
O003439,C0604,2024-10-12,48.56
O003440,C0604,2024-10-31,13.93
O003441,C0604,2025-01-16,55.26
O003442,C0604,2025-02-25,156.65
O003443,C0604,2025-03-22,28.4
O003444,C0604,2025-04-06,121.81
O003445,C0604,2025-06-21,86.42
O003446,C0604,2025-11-09,162.31
O003447,C0604,2025-12-17,87.89
O003448,C0605,2024-07-01,63.32
O003449,C0605,2024-12-24,8.25
O003450,C0605,2025-05-02,85.56
O003451,C0605,2025-10-06,170.53
O003452,C0605,2025-10-30,72.23
O003453,C0606,2024-12-16,80.85
O003454,C0606,2025-01-14,102.06
O003455,C0606,2025-04-23,23.13
O003456,C0606,2025-09-12,63.77
O003457,C0607,2025-08-05,214.85
O003458,C0607,2025-09-13,229.65
O003459,C0607,2025-10-27,20.18
O003460,C0608,2024-07-05,65.97
O003461,C0608,2024-08-11,48.72
O003462,C0608,2024-09-25,6.9
O003463,C0609,2024-02-04,137.78
O003464,C0609,2024-04-25,148.35
O003465,C0609,2024-05-13,32.21
O003466,C0609,2024-07-09,93.48
O003467,C0609,2024-08-26,259.08
O003468,C0609,2024-11-24,250.93
O003469,C0609,2025-03-31,135.77
O003470,C0609,2025-04-16,103.07
O003471,C0609,2025-06-14,92.2
O003472,C0609,2025-07-14,46.32
O003473,C0609,2025-08-07,25.25
O003474,C0609,2025-09-02,157.45
O003475,C0609,2025-10-01,293.56
O003476,C0610,2025-07-29,12.08
O003477,C0610,2025-09-04,13.14
O003478,C0610,2025-11-19,23.63
O003479,C0612,2024-03-19,91.13
O003480,C0612,2024-07-08,61.05
O003481,C0612,2024-11-03,165.81
O003482,C0612,2024-12-16,96.91
O003483,C0613,2024-01-25,14.2
O003484,C0613,2024-05-03,46.97
O003485,C0613,2024-09-14,115.57
O003486,C0613,2025-01-19,25.48
O003487,C0613,2025-05-09,252.45
O003488,C0613,2025-09-08,320.64
O003489,C0613,2025-12-03,36.12
O003490,C0614,2024-12-28,117.09
O003491,C0614,2025-02-17,16.48
O003492,C0614,2025-04-09,112.51
O003493,C0614,2025-08-12,127.96
O003494,C0614,2025-12-06,146.84
O003495,C0615,2025-11-17,78.12
O003496,C0615,2025-12-15,25.7
O003497,C0616,2024-05-11,226.12
O003498,C0616,2024-05-23,121.5
O003499,C0616,2024-06-07,134.03
O003500,C0616,2024-08-01,85.58
O003501,C0617,2024-10-13,186.46
O003502,C0617,2024-11-18,265.2
O003503,C0617,2024-11-26,133.87
O003504,C0617,2025-01-07,121.82
O003505,C0617,2025-02-21,179.3
O003506,C0617,2025-03-10,213.43
O003507,C0617,2025-04-11,234.57
O003508,C0617,2025-04-24,433.18
O003509,C0617,2025-05-18,138.01
O003510,C0617,2025-07-10,178.09
O003511,C0617,2025-08-12,130.93
O003512,C0617,2025-11-10,46.85
O003513,C0617,2025-12-09,8.4
O003514,C0618,2024-11-18,71.1
O003515,C0618,2024-12-26,136.34
O003516,C0618,2025-01-23,313.63
O003517,C0618,2025-04-10,17.16
O003518,C0618,2025-10-04,70.17
O003519,C0618,2025-10-17,100.37
O003520,C0618,2025-11-11,16.78
O003521,C0620,2025-07-22,43.12
O003522,C0620,2025-10-15,69.51
O003523,C0622,2024-07-15,117.67
O003524,C0623,2025-07-07,100.88
O003525,C0623,2025-08-17,40.14
O003526,C0623,2025-10-07,82.14
O003527,C0623,2025-10-13,196.4
O003528,C0623,2025-10-22,73.85
O003529,C0623,2025-11-30,78.68
O003530,C0624,2025-06-16,33.59
O003531,C0624,2025-08-14,465.17
O003532,C0624,2025-10-02,114.88
O003533,C0624,2025-11-25,280.89
O003534,C0625,2025-07-20,263.19
O003535,C0625,2025-09-08,348.62
O003536,C0625,2025-11-29,222.75
O003537,C0626,2024-04-18,44.52
O003538,C0626,2024-07-23,85.6
O003539,C0626,2024-12-08,32.28
O003540,C0626,2025-05-16,31.56
O003541,C0626,2025-05-24,129.11
O003542,C0626,2025-08-28,238.58
O003543,C0626,2025-09-14,21.09
O003544,C0626,2025-10-31,68.09
O003545,C0627,2024-03-06,201.01
O003546,C0627,2024-04-04,131.16
O003547,C0627,2024-04-10,235.92
O003548,C0627,2024-04-16,95.82
O003549,C0627,2024-05-12,190.32
O003550,C0627,2024-07-07,90.64
O003551,C0627,2024-08-01,185.53
O003552,C0627,2024-10-13,121.65
O003553,C0627,2024-11-26,187.12
O003554,C0627,2024-12-14,328.84
O003555,C0627,2024-12-31,149.48
O003556,C0627,2025-02-06,32.72
O003557,C0627,2025-02-21,198.16
O003558,C0627,2025-03-19,462.03
O003559,C0627,2025-05-13,138.24
O003560,C0627,2025-06-19,56.67
O003561,C0627,2025-06-29,65.19
O003562,C0627,2025-07-13,298.41
O003563,C0627,2025-08-02,91.08
O003564,C0627,2025-08-28,189.49
O003565,C0627,2025-09-30,198.53
O003566,C0627,2025-10-21,174.63
O003567,C0627,2025-11-08,86.11
O003568,C0627,2025-12-25,92.93
O003569,C0628,2025-06-24,28.71
O003570,C0628,2025-08-26,208.67
O003571,C0628,2025-12-23,135.83
O003572,C0629,2024-03-13,105.82
O003573,C0629,2024-04-19,48.2
O003574,C0629,2024-06-05,139.62
O003575,C0629,2024-07-25,84.35
O003576,C0629,2024-08-11,61.29
O003577,C0629,2024-09-23,185.45
O003578,C0629,2024-12-14,78.22
O003579,C0629,2025-05-30,55.28
O003580,C0629,2025-07-15,166.15
O003581,C0629,2025-08-12,92.13
O003582,C0629,2025-09-13,118.21
O003583,C0629,2025-10-04,99.61
O003584,C0629,2025-11-01,120.75
O003585,C0630,2024-09-14,133.59
O003586,C0630,2024-10-10,267.37
O003587,C0630,2024-10-28,164.39
O003588,C0630,2024-11-19,215.86
O003589,C0630,2024-12-01,38.79
O003590,C0630,2024-12-10,218.71
O003591,C0630,2025-01-30,116.1
O003592,C0630,2025-02-22,37.89
O003593,C0630,2025-03-05,174.81
O003594,C0630,2025-05-10,48.53
O003595,C0630,2025-06-05,76.91
O003596,C0630,2025-06-20,188.71
O003597,C0630,2025-07-18,110.65
O003598,C0630,2025-07-29,115.45
O003599,C0630,2025-09-14,91.01
O003600,C0630,2025-09-25,134.8
O003601,C0630,2025-10-25,210.21
O003602,C0630,2025-11-22,140.08
O003603,C0630,2025-12-09,212.32
O003604,C0631,2025-01-22,24.11
O003605,C0631,2025-03-08,10.52
O003606,C0631,2025-04-23,64.97
O003607,C0631,2025-07-31,10.46
O003608,C0631,2025-09-09,32.22
O003609,C0631,2025-12-27,39.95
O003610,C0632,2025-02-15,61.77
O003611,C0632,2025-03-19,259.53
O003612,C0632,2025-05-10,208.7
O003613,C0633,2024-01-17,44.74
O003614,C0633,2024-01-28,444.02
O003615,C0633,2024-04-24,267.0
O003616,C0633,2024-05-31,374.53
O003617,C0633,2024-08-27,65.53
O003618,C0633,2024-10-11,478.85
O003619,C0633,2025-03-06,178.43
O003620,C0633,2025-07-25,330.43
O003621,C0633,2025-09-16,212.79
O003622,C0633,2025-10-12,198.2
O003623,C0633,2025-11-10,87.06
O003624,C0633,2025-11-16,174.99
O003625,C0634,2024-07-10,99.92
O003626,C0634,2024-10-02,31.46
O003627,C0635,2024-03-25,473.18
O003628,C0635,2024-10-05,46.76
O003629,C0636,2025-07-16,22.67
O003630,C0636,2025-08-11,130.6
O003631,C0637,2025-02-25,172.33
O003632,C0637,2025-03-24,340.27
O003633,C0637,2025-04-29,175.62
O003634,C0637,2025-06-08,18.8
O003635,C0637,2025-07-09,45.68
O003636,C0637,2025-08-21,62.79
O003637,C0637,2025-12-20,359.27
O003638,C0638,2024-12-26,97.79
O003639,C0638,2025-01-27,61.89
O003640,C0639,2024-05-23,108.76
O003641,C0639,2024-10-15,59.61
O003642,C0640,2024-08-31,75.13
O003643,C0640,2024-12-20,75.84
O003644,C0640,2025-03-28,79.59
O003645,C0640,2025-06-22,149.17
O003646,C0640,2025-07-02,62.74
O003647,C0641,2025-07-12,44.33
O003648,C0641,2025-08-14,40.61
O003649,C0642,2024-12-06,32.68
O003650,C0642,2025-05-28,154.2
O003651,C0643,2025-08-03,200.17
O003652,C0644,2025-06-02,79.73
O003653,C0645,2024-04-29,62.43
O003654,C0645,2024-05-17,115.13
O003655,C0645,2024-07-03,47.02
O003656,C0645,2024-09-20,34.4
O003657,C0645,2024-12-16,93.01
O003658,C0645,2025-05-08,26.17
O003659,C0645,2025-06-11,55.55
O003660,C0645,2025-06-17,49.57
O003661,C0645,2025-07-14,23.17
O003662,C0645,2025-11-09,75.84
O003663,C0645,2025-12-24,13.67
O003664,C0646,2024-07-16,108.4
O003665,C0646,2025-02-01,71.18
O003666,C0646,2025-07-05,79.42
O003667,C0646,2025-11-30,35.32
O003668,C0648,2024-10-09,64.6
O003669,C0648,2024-11-20,265.8
O003670,C0648,2025-01-15,233.19
O003671,C0648,2025-03-10,119.7
O003672,C0648,2025-03-25,343.1
O003673,C0648,2025-04-24,53.28
O003674,C0648,2025-05-24,15.14
O003675,C0648,2025-07-25,177.66
O003676,C0648,2025-08-10,99.88
O003677,C0648,2025-10-02,8.85
O003678,C0648,2025-10-21,100.05
O003679,C0648,2025-11-14,197.95
O003680,C0648,2025-11-28,149.15
O003681,C0649,2024-03-15,38.63
O003682,C0649,2024-06-05,36.19
O003683,C0650,2025-10-26,70.35
O003684,C0650,2025-12-21,99.52
O003685,C0651,2024-05-19,96.04
O003686,C0651,2024-06-17,133.23
O003687,C0651,2024-09-21,148.83
O003688,C0651,2024-10-29,24.15
O003689,C0652,2025-10-17,8.14
O003690,C0652,2025-11-10,101.62
O003691,C0652,2025-12-01,10.73
O003692,C0653,2024-08-09,146.58
O003693,C0653,2024-09-02,49.76
O003694,C0653,2024-10-19,6.59
O003695,C0653,2025-03-24,40.36
O003696,C0653,2025-10-21,7.48
O003697,C0654,2025-04-01,84.92
O003698,C0654,2025-07-12,84.51
O003699,C0655,2025-05-11,97.41
O003700,C0655,2025-10-02,131.25
O003701,C0655,2025-11-01,318.44
O003702,C0656,2025-10-20,78.85
O003703,C0656,2025-12-10,48.47
O003704,C0657,2025-05-30,95.18
O003705,C0657,2025-07-16,44.84
O003706,C0657,2025-08-03,35.71
O003707,C0657,2025-09-15,223.45
O003708,C0657,2025-09-29,175.04
O003709,C0657,2025-10-29,33.22
O003710,C0658,2024-10-23,132.54
O003711,C0659,2024-02-06,27.71
O003712,C0659,2024-09-24,73.73
O003713,C0659,2024-10-08,44.68
O003714,C0659,2025-07-17,60.2
O003715,C0659,2025-09-04,59.43
O003716,C0660,2024-12-23,16.14
O003717,C0660,2025-02-08,22.51
O003718,C0662,2025-03-08,90.91
O003719,C0662,2025-05-09,154.47
O003720,C0662,2025-06-03,49.75
O003721,C0663,2025-07-20,89.86
O003722,C0664,2025-02-17,65.81
O003723,C0664,2025-04-17,47.34
O003724,C0664,2025-07-10,117.78
O003725,C0664,2025-08-24,311.76
O003726,C0665,2024-09-27,117.77
O003727,C0665,2024-12-31,345.25
O003728,C0665,2025-01-11,153.32
O003729,C0665,2025-07-14,114.03
O003730,C0665,2025-12-26,32.63
O003731,C0666,2025-01-02,113.37
O003732,C0666,2025-02-06,31.73
O003733,C0666,2025-03-25,81.26
O003734,C0666,2025-04-18,48.18
O003735,C0666,2025-05-29,41.13
O003736,C0666,2025-06-08,52.12
O003737,C0666,2025-08-20,86.28
O003738,C0666,2025-09-30,92.15
O003739,C0666,2025-11-05,115.04
O003740,C0666,2025-12-17,32.03
O003741,C0667,2024-08-22,66.85
O003742,C0667,2024-10-30,20.1
O003743,C0667,2024-11-25,496.89
O003744,C0668,2024-10-08,91.83
O003745,C0668,2025-02-12,40.98
O003746,C0669,2024-05-02,46.79
O003747,C0669,2024-06-28,77.68
O003748,C0669,2024-07-07,35.67
O003749,C0669,2024-09-24,80.72
O003750,C0669,2024-12-02,80.34
O003751,C0669,2025-02-06,21.59
O003752,C0669,2025-05-18,162.28
O003753,C0669,2025-07-28,88.47
O003754,C0669,2025-08-14,40.09
O003755,C0669,2025-09-04,257.1
O003756,C0669,2025-11-30,50.78
O003757,C0670,2025-04-23,99.48
O003758,C0670,2025-06-28,140.23
O003759,C0670,2025-07-04,126.36
O003760,C0670,2025-07-17,52.91
O003761,C0670,2025-08-22,79.36
O003762,C0670,2025-09-13,18.84
O003763,C0670,2025-10-30,27.02
O003764,C0670,2025-12-06,60.63
O003765,C0670,2025-12-29,82.06
O003766,C0671,2024-03-22,160.83
O003767,C0671,2024-12-13,208.02
O003768,C0671,2025-03-18,95.29
O003769,C0671,2025-06-05,26.9
O003770,C0671,2025-08-13,138.79
O003771,C0671,2025-09-08,41.87
O003772,C0672,2024-07-04,39.05
O003773,C0672,2024-10-01,41.03
O003774,C0672,2025-01-07,55.66
O003775,C0672,2025-05-01,177.77
O003776,C0673,2024-09-04,59.39
O003777,C0673,2024-11-14,12.14
O003778,C0673,2025-03-28,83.31
O003779,C0673,2025-05-21,45.8
O003780,C0673,2025-08-11,66.0
O003781,C0674,2024-04-05,394.25
O003782,C0674,2024-04-21,219.29
O003783,C0674,2024-07-11,36.23
O003784,C0674,2024-09-08,300.37
O003785,C0674,2024-09-22,385.77
O003786,C0674,2024-10-10,191.84
O003787,C0674,2024-10-29,164.05
O003788,C0674,2024-11-06,107.24
O003789,C0674,2024-11-12,172.89
O003790,C0674,2024-12-08,39.97
O003791,C0674,2024-12-28,364.36
O003792,C0674,2025-01-18,173.97
O003793,C0674,2025-02-10,354.54
O003794,C0674,2025-02-24,396.12
O003795,C0674,2025-04-12,144.94
O003796,C0674,2025-05-14,539.68
O003797,C0674,2025-06-17,69.16
O003798,C0674,2025-07-07,193.87
O003799,C0674,2025-07-24,497.14
O003800,C0674,2025-08-23,581.7
O003801,C0674,2025-09-20,16.9
O003802,C0674,2025-11-03,48.48
O003803,C0674,2025-12-19,148.8
O003804,C0674,2025-12-25,418.96
O003805,C0675,2025-06-13,239.69
O003806,C0675,2025-06-28,109.52
O003807,C0675,2025-09-03,21.56
O003808,C0676,2024-07-27,77.76
O003809,C0676,2024-09-07,41.71
O003810,C0676,2024-11-30,47.82
O003811,C0676,2025-01-14,380.52
O003812,C0676,2025-03-08,354.6
O003813,C0676,2025-03-29,305.35
O003814,C0676,2025-05-27,90.73
O003815,C0676,2025-08-01,74.64
O003816,C0676,2025-09-16,145.33
O003817,C0676,2025-12-17,104.84
O003818,C0676,2025-12-28,83.95
O003819,C0677,2024-05-26,20.73
O003820,C0677,2024-06-20,70.08
O003821,C0677,2024-07-22,47.91
O003822,C0678,2024-06-03,198.92
O003823,C0678,2024-07-06,196.75
O003824,C0678,2024-09-06,36.74
O003825,C0678,2024-11-20,46.51
O003826,C0679,2024-04-30,81.15
O003827,C0679,2024-05-06,114.04
O003828,C0679,2024-07-26,70.0
O003829,C0679,2024-09-27,180.88
O003830,C0679,2024-12-13,56.95
O003831,C0679,2025-01-17,104.28
O003832,C0679,2025-01-23,84.58
O003833,C0679,2025-02-18,118.05
O003834,C0679,2025-03-12,90.19
O003835,C0680,2025-01-20,134.56
O003836,C0680,2025-02-03,32.16
O003837,C0681,2024-09-29,101.73
O003838,C0681,2025-02-02,48.18
O003839,C0681,2025-03-20,105.05
O003840,C0681,2025-06-02,254.36
O003841,C0681,2025-07-12,140.17
O003842,C0681,2025-07-21,41.93
O003843,C0681,2025-09-06,54.69
O003844,C0681,2025-10-05,104.53
O003845,C0681,2025-10-22,79.19
O003846,C0681,2025-12-07,22.28
O003847,C0681,2025-12-25,36.36
O003848,C0682,2024-06-07,22.36
O003849,C0682,2024-07-24,34.8
O003850,C0682,2024-09-25,91.26
O003851,C0682,2024-10-30,33.32
O003852,C0682,2024-12-25,90.97
O003853,C0683,2025-05-11,141.75
O003854,C0683,2025-06-23,17.88
O003855,C0683,2025-07-29,95.63
O003856,C0683,2025-10-21,7.0
O003857,C0684,2024-12-29,56.36
O003858,C0684,2025-04-02,124.11
O003859,C0684,2025-06-14,116.68
O003860,C0684,2025-07-21,8.17
O003861,C0684,2025-08-11,250.14
O003862,C0684,2025-08-26,73.85
O003863,C0684,2025-10-27,207.02
O003864,C0684,2025-12-03,80.77
O003865,C0685,2024-09-18,150.83
O003866,C0685,2025-01-12,89.62
O003867,C0685,2025-04-12,11.25
O003868,C0685,2025-12-08,50.47
O003869,C0685,2025-12-23,29.41
O003870,C0686,2025-10-04,22.4
O003871,C0686,2025-10-23,182.37
O003872,C0687,2024-12-26,280.82
O003873,C0687,2025-02-09,410.44
O003874,C0687,2025-02-26,59.18
O003875,C0687,2025-05-11,668.02
O003876,C0687,2025-06-25,124.42
O003877,C0687,2025-10-08,65.88
O003878,C0687,2025-10-27,91.73
O003879,C0687,2025-11-23,11.09
O003880,C0688,2024-04-03,82.16
O003881,C0688,2024-06-03,20.09
O003882,C0688,2024-08-24,173.09
O003883,C0688,2025-06-22,163.5
O003884,C0689,2025-03-31,21.42
O003885,C0689,2025-04-19,104.16
O003886,C0690,2025-08-04,9.51
O003887,C0690,2025-08-11,248.61
O003888,C0690,2025-09-27,83.85
O003889,C0690,2025-10-21,113.63
O003890,C0690,2025-12-07,116.3
O003891,C0691,2024-02-04,303.13
O003892,C0691,2024-04-10,124.43
O003893,C0691,2024-06-15,158.93
O003894,C0691,2024-09-03,35.05
O003895,C0691,2024-10-12,63.45
O003896,C0691,2025-11-19,120.57
O003897,C0692,2024-10-21,94.34
O003898,C0692,2024-12-24,38.96
O003899,C0692,2025-04-17,67.5
O003900,C0692,2025-06-13,52.37
O003901,C0692,2025-07-27,15.52
O003902,C0692,2025-09-06,13.93
O003903,C0692,2025-10-16,27.21
O003904,C0692,2025-11-29,17.96
O003905,C0693,2025-07-19,6.23
O003906,C0694,2025-02-09,185.88
O003907,C0694,2025-03-24,170.51
O003908,C0695,2025-07-30,10.77
O003909,C0695,2025-08-11,16.06
O003910,C0695,2025-11-11,71.38
O003911,C0695,2025-11-30,61.57
O003912,C0696,2024-08-15,22.32
O003913,C0696,2024-11-07,196.99
O003914,C0696,2024-12-22,24.26
O003915,C0696,2025-01-30,111.2
O003916,C0696,2025-06-05,49.89
O003917,C0696,2025-06-22,49.14
O003918,C0696,2025-09-30,48.0
O003919,C0697,2025-01-26,11.73
O003920,C0697,2025-03-28,45.52
O003921,C0697,2025-11-15,62.82
O003922,C0698,2024-05-11,162.37
O003923,C0698,2024-06-12,195.97
O003924,C0698,2024-06-27,142.66
O003925,C0698,2024-08-01,275.49
O003926,C0698,2024-10-23,139.99
O003927,C0698,2024-11-23,135.15
O003928,C0698,2024-12-17,117.61
O003929,C0698,2025-01-29,249.48
O003930,C0698,2025-03-09,425.9
O003931,C0698,2025-03-23,239.57
O003932,C0698,2025-04-14,188.9
O003933,C0698,2025-04-20,184.1
O003934,C0698,2025-06-15,234.85
O003935,C0698,2025-06-21,209.66
O003936,C0698,2025-07-17,81.35
O003937,C0698,2025-08-19,233.4
O003938,C0698,2025-09-03,326.05
O003939,C0698,2025-09-26,501.08
O003940,C0698,2025-10-16,356.12
O003941,C0698,2025-11-08,20.94
O003942,C0698,2025-12-01,166.76
O003943,C0698,2025-12-30,112.9
O003944,C0699,2025-04-26,115.18
O003945,C0699,2025-06-29,51.55
O003946,C0699,2025-08-12,88.09
O003947,C0699,2025-11-13,20.04
O003948,C0700,2024-07-12,171.06
O003949,C0700,2024-09-10,20.74
O003950,C0700,2024-09-17,80.1
O003951,C0700,2024-12-07,117.48
O003952,C0701,2024-05-16,32.72
O003953,C0701,2024-11-14,94.41
O003954,C0701,2024-11-21,42.77
O003955,C0701,2025-01-30,6.25
O003956,C0702,2024-03-07,60.81
O003957,C0702,2024-07-08,303.84
O003958,C0702,2025-01-09,64.48
O003959,C0702,2025-03-05,23.48
O003960,C0702,2025-05-27,76.32
O003961,C0702,2025-11-24,394.12
O003962,C0703,2025-10-16,87.45
O003963,C0704,2024-02-04,94.14
O003964,C0705,2025-04-07,167.21
O003965,C0705,2025-07-12,55.5
O003966,C0705,2025-08-08,158.28
O003967,C0705,2025-09-02,39.3
O003968,C0705,2025-09-21,30.11
O003969,C0705,2025-12-04,25.58
O003970,C0706,2025-06-23,85.67
O003971,C0706,2025-08-18,35.45
O003972,C0706,2025-10-29,71.18
O003973,C0707,2024-03-02,68.72
O003974,C0707,2024-06-05,110.47
O003975,C0707,2024-11-24,34.31
O003976,C0707,2025-03-17,62.31
O003977,C0707,2025-05-18,130.2
O003978,C0707,2025-06-25,90.61
O003979,C0708,2024-03-26,36.4
O003980,C0708,2024-10-19,92.5
O003981,C0708,2024-12-08,75.43
O003982,C0708,2025-01-24,64.89
O003983,C0708,2025-08-08,29.05
O003984,C0708,2025-11-02,103.94
O003985,C0709,2025-06-08,259.98
O003986,C0709,2025-06-21,339.6
O003987,C0709,2025-08-10,69.16
O003988,C0710,2024-03-17,32.16
O003989,C0710,2024-04-13,59.77
O003990,C0710,2024-06-09,85.96
O003991,C0711,2025-08-31,52.12
O003992,C0711,2025-09-27,53.55
O003993,C0711,2025-11-19,10.6
O003994,C0711,2025-12-14,92.68
O003995,C0712,2025-11-03,82.48
O003996,C0712,2025-12-12,90.49
O003997,C0713,2024-03-23,68.68
O003998,C0713,2024-04-13,31.42
O003999,C0713,2024-04-27,47.12
O004000,C0713,2024-05-14,51.77
O004001,C0713,2024-06-19,122.7
O004002,C0713,2024-07-20,54.39
O004003,C0713,2024-07-27,35.73
O004004,C0713,2024-08-18,28.63
O004005,C0713,2024-09-20,10.17
O004006,C0713,2024-12-06,84.62
O004007,C0713,2024-12-24,21.92
O004008,C0713,2025-01-06,45.71
O004009,C0713,2025-02-13,77.56
O004010,C0713,2025-02-19,50.25
O004011,C0713,2025-03-19,95.94
O004012,C0713,2025-04-25,57.21
O004013,C0714,2025-10-06,113.67
O004014,C0714,2025-11-18,13.47
O004015,C0715,2024-08-16,176.22
O004016,C0715,2024-10-24,118.77
O004017,C0716,2024-09-02,51.11
O004018,C0716,2024-10-21,70.55
O004019,C0718,2025-01-17,22.77
O004020,C0718,2025-05-03,97.77
O004021,C0718,2025-09-06,54.92
O004022,C0718,2025-12-10,22.93
O004023,C0718,2025-12-23,9.28
O004024,C0719,2024-09-07,148.5
O004025,C0719,2025-03-26,399.3
O004026,C0719,2025-07-04,160.18
O004027,C0719,2025-10-07,39.05
O004028,C0720,2025-06-17,47.07
O004029,C0720,2025-08-12,88.03
O004030,C0720,2025-08-30,111.22
O004031,C0720,2025-10-17,36.12
O004032,C0720,2025-11-26,352.48
O004033,C0720,2025-12-17,131.92
O004034,C0721,2024-11-20,84.25
O004035,C0721,2025-01-05,77.3
O004036,C0721,2025-01-31,62.53
O004037,C0722,2024-03-22,56.14
O004038,C0722,2024-04-24,23.12
O004039,C0722,2024-08-19,7.91
O004040,C0722,2024-09-28,74.39
O004041,C0722,2024-11-04,46.59
O004042,C0722,2024-11-22,171.28
O004043,C0722,2025-01-21,98.81
O004044,C0722,2025-04-02,42.84
O004045,C0722,2025-04-21,49.17
O004046,C0722,2025-05-01,24.81
O004047,C0722,2025-05-08,25.56
O004048,C0722,2025-06-14,37.7
O004049,C0722,2025-09-08,81.0
O004050,C0722,2025-10-31,71.37
O004051,C0723,2024-09-07,162.12
O004052,C0723,2024-11-06,16.88
O004053,C0723,2024-12-31,123.26
O004054,C0723,2025-02-22,111.0
O004055,C0723,2025-03-24,131.26
O004056,C0723,2025-08-06,173.29
O004057,C0723,2025-08-25,31.45
O004058,C0723,2025-10-16,271.43
O004059,C0723,2025-11-15,290.0
O004060,C0723,2025-12-07,103.53
O004061,C0724,2024-06-09,12.94
O004062,C0724,2024-10-27,80.34
O004063,C0724,2025-05-03,111.41
O004064,C0724,2025-08-29,61.04
O004065,C0724,2025-12-09,11.1
O004066,C0724,2025-12-27,41.32
O004067,C0725,2024-12-30,53.1
O004068,C0725,2025-05-25,19.95
O004069,C0726,2025-04-28,77.06
O004070,C0726,2025-05-12,14.89
O004071,C0726,2025-06-20,77.12
O004072,C0726,2025-08-08,91.16
O004073,C0726,2025-08-28,222.62
O004074,C0726,2025-09-23,50.04
O004075,C0727,2024-02-08,52.37
O004076,C0727,2024-03-08,53.28
O004077,C0727,2024-04-19,14.64
O004078,C0727,2024-06-17,139.83
O004079,C0728,2025-03-06,150.32
O004080,C0728,2025-04-14,84.06
O004081,C0729,2025-06-08,167.46
O004082,C0729,2025-07-07,62.37
O004083,C0729,2025-07-25,58.32
O004084,C0729,2025-08-19,153.54
O004085,C0729,2025-10-08,63.78
O004086,C0729,2025-12-02,150.09
O004087,C0730,2025-07-24,120.86
O004088,C0730,2025-08-01,69.58
O004089,C0730,2025-08-18,197.1
O004090,C0730,2025-09-14,199.07
O004091,C0730,2025-10-03,237.52
O004092,C0730,2025-11-30,72.52
O004093,C0731,2025-01-19,183.7
O004094,C0731,2025-02-19,71.98
O004095,C0731,2025-03-22,207.15
O004096,C0731,2025-05-27,259.76
O004097,C0731,2025-07-13,83.8
O004098,C0732,2024-07-18,24.73
O004099,C0732,2024-09-10,53.86
O004100,C0732,2024-11-13,25.24
O004101,C0732,2024-11-24,54.7
O004102,C0732,2024-12-17,15.62
O004103,C0733,2024-04-11,12.5
O004104,C0733,2024-05-15,16.8
O004105,C0733,2024-11-03,38.25
O004106,C0733,2024-11-29,21.15
O004107,C0733,2025-01-08,12.63
O004108,C0733,2025-03-04,21.48
O004109,C0733,2025-03-17,128.88
O004110,C0734,2025-06-01,142.26
O004111,C0734,2025-07-20,306.48
O004112,C0734,2025-10-27,362.48
O004113,C0735,2024-08-19,210.01
O004114,C0736,2024-07-18,186.45
O004115,C0736,2024-09-10,143.45
O004116,C0736,2024-10-13,104.01
O004117,C0736,2024-11-10,121.05
O004118,C0736,2024-11-21,79.16
O004119,C0736,2024-12-27,142.34
O004120,C0736,2025-03-27,327.8
O004121,C0736,2025-05-13,48.83
O004122,C0736,2025-07-02,54.97
O004123,C0736,2025-07-13,42.96
O004124,C0736,2025-08-03,174.54
O004125,C0736,2025-08-18,13.1
O004126,C0736,2025-09-03,81.61
O004127,C0736,2025-09-23,119.22
O004128,C0736,2025-11-09,125.67
O004129,C0736,2025-12-16,40.97
O004130,C0736,2025-12-28,28.97
O004131,C0737,2025-04-01,22.87
O004132,C0737,2025-08-31,72.55
O004133,C0738,2025-10-21,31.23
O004134,C0739,2025-03-23,252.66
O004135,C0739,2025-05-01,85.45
O004136,C0739,2025-05-20,13.33
O004137,C0739,2025-06-25,117.71
O004138,C0739,2025-07-14,50.42
O004139,C0739,2025-09-11,18.36
O004140,C0739,2025-10-13,144.92
O004141,C0739,2025-11-12,153.48
O004142,C0739,2025-12-27,13.21
O004143,C0740,2025-05-14,41.95
O004144,C0740,2025-06-11,27.79
O004145,C0740,2025-12-17,77.64
O004146,C0741,2025-05-15,60.49
O004147,C0741,2025-05-23,38.56
O004148,C0741,2025-09-16,71.4
O004149,C0741,2025-09-30,33.93
O004150,C0741,2025-11-25,64.38
O004151,C0742,2024-04-27,41.25
O004152,C0742,2024-08-21,66.77
O004153,C0742,2024-09-05,155.94
O004154,C0742,2025-02-12,18.98
O004155,C0742,2025-05-02,25.99
O004156,C0742,2025-08-15,44.57
O004157,C0743,2025-07-21,120.15
O004158,C0743,2025-08-27,106.53
O004159,C0743,2025-12-12,81.79
O004160,C0744,2025-07-17,102.89
O004161,C0744,2025-09-20,53.47
O004162,C0744,2025-10-24,78.46
O004163,C0745,2024-12-13,173.43
O004164,C0745,2024-12-21,70.72
O004165,C0745,2025-01-14,80.97
O004166,C0745,2025-02-19,290.0
O004167,C0745,2025-03-02,161.55
O004168,C0745,2025-04-21,89.97
O004169,C0746,2024-11-21,49.59
O004170,C0746,2025-01-31,27.3
O004171,C0746,2025-02-16,25.34
O004172,C0746,2025-04-28,34.95
O004173,C0746,2025-05-06,113.57
O004174,C0746,2025-07-30,42.25
O004175,C0746,2025-10-13,23.58
O004176,C0746,2025-12-08,7.28
O004177,C0748,2025-04-19,82.38
O004178,C0748,2025-06-28,72.93
O004179,C0748,2025-08-06,87.12
O004180,C0748,2025-09-22,58.81
O004181,C0748,2025-11-01,31.33
O004182,C0748,2025-11-21,19.69
O004183,C0748,2025-12-02,92.54
O004184,C0749,2025-11-05,471.4
O004185,C0750,2024-03-15,11.44
O004186,C0750,2024-06-30,19.0
O004187,C0750,2024-10-07,12.6
O004188,C0750,2025-01-15,73.17
O004189,C0750,2025-04-25,14.57
O004190,C0751,2025-01-17,151.91
O004191,C0751,2025-02-11,160.55
O004192,C0751,2025-03-23,16.84
O004193,C0751,2025-04-11,26.15
O004194,C0751,2025-05-03,59.29
O004195,C0751,2025-06-03,83.15
O004196,C0751,2025-07-21,72.69
O004197,C0751,2025-07-28,146.55
O004198,C0751,2025-08-28,172.44
O004199,C0751,2025-09-03,28.15
O004200,C0751,2025-09-19,95.35
O004201,C0751,2025-09-25,209.42
O004202,C0751,2025-10-07,103.35
O004203,C0751,2025-11-03,24.53
O004204,C0751,2025-11-20,34.28
O004205,C0751,2025-12-31,89.3
O004206,C0753,2025-06-29,20.36
O004207,C0753,2025-09-19,173.79
O004208,C0753,2025-11-19,12.78
O004209,C0754,2024-07-24,18.86
O004210,C0754,2024-11-14,24.86
O004211,C0754,2025-09-01,22.8
O004212,C0755,2025-03-13,133.07
O004213,C0755,2025-04-08,75.52
O004214,C0755,2025-05-11,60.28
O004215,C0755,2025-11-07,51.92
O004216,C0756,2024-10-14,84.82
O004217,C0756,2025-03-28,37.01
O004218,C0756,2025-10-02,25.14
O004219,C0756,2025-10-23,109.41
O004220,C0756,2025-12-21,71.58
O004221,C0757,2024-04-03,44.91
O004222,C0757,2024-08-22,11.08
O004223,C0757,2025-09-05,11.67
O004224,C0757,2025-12-18,30.05
O004225,C0758,2024-08-02,11.94
O004226,C0758,2024-10-08,75.45
O004227,C0758,2025-01-15,183.39
O004228,C0758,2025-02-18,87.96
O004229,C0758,2025-04-30,45.34
O004230,C0758,2025-09-05,22.34
O004231,C0759,2025-07-24,31.66
O004232,C0759,2025-09-22,111.81
O004233,C0760,2025-12-06,38.1
O004234,C0760,2025-12-23,76.24
O004235,C0761,2024-04-27,24.36
O004236,C0761,2024-06-11,56.97
O004237,C0761,2024-09-02,59.42
O004238,C0761,2025-11-11,90.54
O004239,C0762,2024-03-20,225.53
O004240,C0762,2024-05-18,65.33
O004241,C0762,2024-06-25,150.42
O004242,C0762,2024-07-13,415.6
O004243,C0762,2024-08-08,469.56
O004244,C0762,2024-09-26,142.76
O004245,C0762,2024-10-12,47.28
O004246,C0762,2024-10-23,181.74
O004247,C0762,2024-11-08,30.61
O004248,C0762,2024-11-30,217.43
O004249,C0762,2025-01-05,45.14
O004250,C0762,2025-01-17,358.84
O004251,C0762,2025-01-27,206.27
O004252,C0762,2025-02-09,98.05
O004253,C0762,2025-04-11,266.98
O004254,C0762,2025-04-21,108.67
O004255,C0762,2025-04-29,142.69
O004256,C0762,2025-05-22,178.24
O004257,C0762,2025-06-09,99.66
O004258,C0762,2025-07-12,536.79
O004259,C0762,2025-10-09,139.02
O004260,C0762,2025-10-15,192.4
O004261,C0762,2025-11-01,219.98
O004262,C0762,2025-12-01,527.18
O004263,C0764,2025-10-04,54.05
O004264,C0764,2025-12-12,61.95
O004265,C0765,2024-11-12,34.22
O004266,C0765,2025-01-20,23.82
O004267,C0765,2025-02-17,62.38
O004268,C0765,2025-03-16,187.54
O004269,C0765,2025-05-28,60.08
O004270,C0765,2025-09-18,220.21
O004271,C0766,2024-04-17,72.95
O004272,C0766,2024-08-15,210.14
O004273,C0766,2024-08-29,69.9
O004274,C0767,2024-10-12,210.72
O004275,C0767,2024-12-09,120.34
O004276,C0767,2025-03-19,16.48
O004277,C0767,2025-08-18,212.94
O004278,C0767,2025-10-27,93.66
O004279,C0768,2025-05-26,66.04
O004280,C0768,2025-07-05,27.92
O004281,C0768,2025-07-11,157.85
O004282,C0768,2025-07-21,17.41
O004283,C0768,2025-08-03,88.14
O004284,C0768,2025-08-31,226.93
O004285,C0768,2025-09-10,160.63
O004286,C0768,2025-10-19,32.46
O004287,C0768,2025-12-13,34.04
O004288,C0769,2024-04-10,156.72
O004289,C0769,2024-06-26,33.26
O004290,C0769,2024-08-30,211.46
O004291,C0769,2024-12-30,135.43
O004292,C0769,2025-01-26,77.92
O004293,C0769,2025-09-06,66.6
O004294,C0769,2025-10-12,151.81
O004295,C0770,2025-04-27,72.72
O004296,C0771,2024-03-21,18.12
O004297,C0772,2024-05-24,54.31
O004298,C0772,2024-06-27,130.31
O004299,C0774,2024-07-01,15.19
O004300,C0775,2024-10-19,35.28
O004301,C0775,2024-12-25,42.24
O004302,C0775,2025-03-21,78.21
O004303,C0775,2025-05-08,459.23
O004304,C0775,2025-05-22,184.97
O004305,C0775,2025-08-27,15.7
O004306,C0775,2025-10-17,40.03
O004307,C0776,2024-07-30,36.36
O004308,C0776,2024-10-24,34.21
O004309,C0776,2025-01-05,70.47
O004310,C0776,2025-02-21,46.26
O004311,C0776,2025-05-23,59.46
O004312,C0778,2024-08-18,145.3
O004313,C0778,2024-10-15,43.93
O004314,C0778,2024-11-03,11.47
O004315,C0779,2025-09-19,186.1
O004316,C0779,2025-10-07,27.87
O004317,C0779,2025-10-29,209.58
O004318,C0779,2025-11-27,179.73
O004319,C0779,2025-12-18,145.71
O004320,C0780,2025-04-02,62.54
O004321,C0780,2025-04-18,27.36
O004322,C0780,2025-05-14,91.15
O004323,C0780,2025-06-15,55.54
O004324,C0780,2025-08-07,326.95
O004325,C0780,2025-11-12,96.03
O004326,C0780,2025-12-02,71.41
O004327,C0781,2024-11-07,229.83
O004328,C0782,2024-11-12,83.1
O004329,C0782,2024-12-06,91.93
O004330,C0782,2025-01-01,99.09
O004331,C0782,2025-02-08,34.1
O004332,C0782,2025-03-02,196.89
O004333,C0782,2025-05-17,158.5
O004334,C0782,2025-06-02,152.1
O004335,C0782,2025-06-23,119.88
O004336,C0782,2025-07-05,126.11
O004337,C0782,2025-07-21,45.2
O004338,C0782,2025-08-20,20.6
O004339,C0782,2025-09-26,125.99
O004340,C0782,2025-12-30,152.42
O004341,C0783,2025-04-30,38.58
O004342,C0783,2025-06-19,90.84
O004343,C0783,2025-07-31,256.05
O004344,C0783,2025-09-25,85.79
O004345,C0783,2025-10-22,114.75
O004346,C0784,2024-09-10,13.02
O004347,C0784,2024-11-24,229.16
O004348,C0784,2025-02-08,12.65
O004349,C0784,2025-04-25,53.88
O004350,C0784,2025-06-29,151.58
O004351,C0785,2025-03-31,87.39
O004352,C0785,2025-05-02,148.06
O004353,C0785,2025-05-19,166.26
O004354,C0785,2025-06-27,15.56
O004355,C0785,2025-07-13,244.17
O004356,C0785,2025-09-07,208.52
O004357,C0785,2025-11-01,9.4
O004358,C0785,2025-12-31,265.19
O004359,C0786,2025-02-07,290.08
O004360,C0786,2025-02-24,115.04
O004361,C0786,2025-03-14,180.98
O004362,C0787,2025-05-03,354.27
O004363,C0787,2025-06-26,205.41
O004364,C0787,2025-07-25,146.1
O004365,C0787,2025-10-24,86.82
O004366,C0787,2025-11-08,208.81
O004367,C0787,2025-12-01,148.48
O004368,C0787,2025-12-16,65.05
O004369,C0787,2025-12-25,216.16
O004370,C0788,2024-10-03,34.48
O004371,C0788,2025-02-03,54.87
O004372,C0788,2025-02-27,19.93
O004373,C0789,2024-11-25,26.83
O004374,C0789,2024-12-11,83.3
O004375,C0789,2025-01-13,15.03
O004376,C0789,2025-01-26,102.03
O004377,C0789,2025-03-06,88.04
O004378,C0789,2025-03-22,49.65
O004379,C0789,2025-04-24,61.66
O004380,C0790,2024-03-21,202.27
O004381,C0790,2024-04-18,38.63
O004382,C0790,2024-06-28,75.02
O004383,C0790,2024-07-05,43.4
O004384,C0790,2024-07-11,25.27
O004385,C0790,2024-08-21,324.56
O004386,C0790,2024-09-10,129.53
O004387,C0790,2024-09-29,153.98
O004388,C0790,2024-10-31,36.03
O004389,C0790,2024-11-11,73.95
O004390,C0790,2024-12-11,165.94
O004391,C0790,2025-01-07,51.25
O004392,C0790,2025-01-25,61.33
O004393,C0790,2025-02-27,130.27
O004394,C0790,2025-03-25,112.72
O004395,C0790,2025-03-31,97.33
O004396,C0790,2025-04-26,158.52
O004397,C0790,2025-05-10,41.8
O004398,C0790,2025-06-10,145.17
O004399,C0790,2025-08-11,22.79
O004400,C0790,2025-09-01,42.15
O004401,C0790,2025-09-22,34.12
O004402,C0790,2025-10-15,34.46
O004403,C0790,2025-10-28,59.31
O004404,C0790,2025-11-18,30.55
O004405,C0790,2025-12-19,53.18
O004406,C0791,2024-03-13,6.27
O004407,C0791,2024-10-04,38.46
O004408,C0791,2025-01-03,66.02
O004409,C0791,2025-02-25,22.26
O004410,C0791,2025-03-29,42.43
O004411,C0792,2024-03-08,142.58
O004412,C0792,2024-04-11,20.4
O004413,C0792,2024-08-01,57.07
O004414,C0792,2024-09-16,220.67
O004415,C0792,2024-12-10,25.18
O004416,C0792,2025-01-22,95.27
O004417,C0792,2025-04-06,58.6
O004418,C0793,2025-01-08,204.27
O004419,C0793,2025-02-08,158.86
O004420,C0793,2025-03-18,98.12
O004421,C0793,2025-05-27,67.0
O004422,C0793,2025-08-17,170.43
O004423,C0793,2025-12-03,14.53
O004424,C0794,2024-07-30,138.19
O004425,C0794,2024-10-15,68.39
O004426,C0794,2024-11-26,100.72
O004427,C0794,2024-12-15,68.46
O004428,C0794,2025-03-09,249.4
O004429,C0794,2025-04-03,254.61
O004430,C0794,2025-09-04,137.1
O004431,C0794,2025-11-17,135.16
O004432,C0794,2025-12-30,90.23
O004433,C0795,2024-06-18,63.28
O004434,C0795,2024-07-10,170.45
O004435,C0795,2024-09-03,147.28
O004436,C0795,2024-10-13,147.39
O004437,C0795,2025-01-25,19.48
O004438,C0796,2024-12-08,88.9
O004439,C0796,2025-05-07,52.5
O004440,C0797,2024-09-04,25.76
O004441,C0797,2024-10-02,74.4
O004442,C0797,2025-03-14,66.66
O004443,C0797,2025-10-18,27.85
O004444,C0798,2024-03-26,60.08
O004445,C0798,2024-06-26,10.9
O004446,C0799,2024-11-10,359.67
O004447,C0799,2024-12-23,172.87
O004448,C0799,2025-01-04,106.08
O004449,C0799,2025-01-12,311.0
O004450,C0799,2025-02-17,211.56
O004451,C0799,2025-03-05,175.76
O004452,C0799,2025-03-23,542.04
O004453,C0799,2025-04-14,113.85
O004454,C0799,2025-05-12,402.37
O004455,C0799,2025-05-30,98.8
O004456,C0799,2025-07-17,218.18
O004457,C0799,2025-08-17,258.26
O004458,C0799,2025-09-10,217.5
O004459,C0799,2025-09-26,289.54
O004460,C0799,2025-10-17,125.19
O004461,C0799,2025-10-27,43.82
O004462,C0799,2025-11-10,218.11
O004463,C0799,2025-11-19,238.12
O004464,C0799,2025-11-29,43.2
O004465,C0800,2024-11-03,37.88
O004466,C0800,2025-02-18,82.14
O004467,C0800,2025-06-18,112.55
O004468,C0800,2025-11-12,10.05
O004469,C0800,2025-12-27,33.16
O004470,C0801,2024-03-19,56.76
O004471,C0801,2024-05-21,117.55
O004472,C0801,2024-06-08,30.2
O004473,C0801,2024-08-01,160.04
O004474,C0801,2024-12-14,188.02
O004475,C0802,2024-06-09,92.45
O004476,C0802,2024-07-11,249.76
O004477,C0802,2024-07-19,101.96
O004478,C0802,2024-08-21,380.87
O004479,C0802,2024-10-17,127.6
O004480,C0802,2024-10-26,472.87
O004481,C0802,2024-11-24,80.86
O004482,C0802,2024-11-30,238.66
O004483,C0802,2024-12-13,97.96
O004484,C0802,2025-01-09,189.45
O004485,C0803,2024-05-27,250.07
O004486,C0803,2024-06-23,95.66
O004487,C0803,2025-02-18,242.33
O004488,C0803,2025-04-02,122.64
O004489,C0803,2025-04-16,34.37
O004490,C0803,2025-06-06,119.79
O004491,C0804,2025-01-19,86.48
O004492,C0804,2025-05-28,59.71
O004493,C0804,2025-06-25,114.4
O004494,C0804,2025-07-16,126.64
O004495,C0805,2024-06-08,36.82
O004496,C0805,2024-07-05,67.91
O004497,C0805,2024-08-27,85.6
O004498,C0806,2024-01-27,38.23
O004499,C0806,2024-08-01,38.01
O004500,C0806,2024-11-03,50.83
O004501,C0806,2025-01-07,45.97
O004502,C0806,2025-06-07,41.13
O004503,C0806,2025-10-10,45.12
O004504,C0807,2024-06-04,109.68
O004505,C0807,2024-09-08,36.76
O004506,C0807,2024-09-17,91.57
O004507,C0807,2024-10-18,33.21
O004508,C0807,2024-11-02,11.62
O004509,C0807,2024-11-08,185.56
O004510,C0807,2024-12-17,88.06
O004511,C0807,2025-02-25,323.75
O004512,C0807,2025-04-25,24.26
O004513,C0807,2025-06-16,187.23
O004514,C0807,2025-07-31,92.81
O004515,C0807,2025-09-13,116.06
O004516,C0807,2025-10-23,113.1
O004517,C0807,2025-11-28,75.15
O004518,C0808,2024-10-07,101.87
O004519,C0808,2024-10-18,454.13
O004520,C0808,2024-12-04,256.7
O004521,C0808,2024-12-30,97.27
O004522,C0808,2025-03-15,92.74
O004523,C0808,2025-04-23,51.56
O004524,C0808,2025-05-13,409.72
O004525,C0808,2025-07-10,126.86
O004526,C0808,2025-07-16,15.21
O004527,C0808,2025-09-09,167.87
O004528,C0808,2025-10-24,366.34
O004529,C0808,2025-12-25,394.42
O004530,C0809,2025-02-25,255.64
O004531,C0809,2025-04-01,91.58
O004532,C0809,2025-05-28,28.66
O004533,C0809,2025-06-13,38.25
O004534,C0809,2025-11-03,8.06
O004535,C0809,2025-11-17,106.21
O004536,C0810,2024-02-10,169.91
O004537,C0810,2024-02-19,86.71
O004538,C0810,2024-03-20,102.48
O004539,C0810,2024-04-11,11.57
O004540,C0810,2024-06-08,173.38
O004541,C0811,2025-05-10,307.81
O004542,C0811,2025-07-11,39.24
O004543,C0811,2025-08-17,436.45
O004544,C0812,2024-07-06,86.39
O004545,C0812,2024-07-31,130.73
O004546,C0812,2024-08-23,74.6
O004547,C0812,2024-10-13,106.75
O004548,C0812,2024-10-19,111.45
O004549,C0812,2024-11-21,172.04
O004550,C0812,2024-12-21,31.53
O004551,C0812,2025-01-17,99.47
O004552,C0812,2025-02-27,17.41
O004553,C0812,2025-03-28,25.95
O004554,C0812,2025-04-09,242.07
O004555,C0812,2025-04-24,146.71
O004556,C0812,2025-05-19,58.48
O004557,C0812,2025-09-05,150.99
O004558,C0812,2025-09-22,119.61
O004559,C0812,2025-10-07,88.04
O004560,C0812,2025-10-30,28.58
O004561,C0812,2025-12-13,110.36
O004562,C0812,2025-12-21,93.36
O004563,C0813,2024-07-21,179.47
O004564,C0813,2024-09-21,92.05
O004565,C0813,2024-11-11,124.55
O004566,C0813,2024-12-24,39.02
O004567,C0813,2025-04-12,74.48
O004568,C0813,2025-05-06,98.55
O004569,C0813,2025-06-12,34.19
O004570,C0813,2025-07-30,141.81
O004571,C0813,2025-08-05,127.72
O004572,C0813,2025-09-23,209.44
O004573,C0813,2025-11-18,104.94
O004574,C0813,2025-12-10,212.54
O004575,C0813,2025-12-29,48.04
O004576,C0814,2024-01-24,100.76
O004577,C0814,2024-06-17,246.93
O004578,C0814,2024-08-25,50.12
O004579,C0814,2024-09-05,188.54
O004580,C0814,2024-10-05,85.54
O004581,C0814,2024-12-03,47.55
O004582,C0814,2025-02-03,205.9
O004583,C0814,2025-03-27,58.62
O004584,C0814,2025-07-22,32.72
O004585,C0814,2025-09-07,177.57
O004586,C0814,2025-12-18,32.43
O004587,C0815,2024-06-07,50.39
O004588,C0815,2024-07-07,96.82
O004589,C0815,2024-08-31,41.54
O004590,C0815,2024-12-09,56.2
O004591,C0815,2025-01-20,13.63
O004592,C0815,2025-02-08,67.92
O004593,C0815,2025-04-12,30.74
O004594,C0816,2024-10-10,74.85
O004595,C0816,2024-11-05,64.95
O004596,C0816,2025-05-26,31.54
O004597,C0816,2025-09-22,37.25
O004598,C0817,2025-10-05,118.22
O004599,C0818,2025-02-28,97.62
O004600,C0818,2025-04-12,137.43
O004601,C0818,2025-05-25,211.73
O004602,C0818,2025-08-06,45.16
O004603,C0818,2025-09-25,73.68
O004604,C0818,2025-11-18,91.19
O004605,C0819,2024-10-24,178.02
O004606,C0819,2025-04-11,247.02
O004607,C0819,2025-06-15,9.63
O004608,C0819,2025-10-14,26.16
O004609,C0819,2025-12-24,12.5
O004610,C0820,2024-03-12,38.68
O004611,C0820,2024-05-24,91.97
O004612,C0820,2024-07-15,67.22
O004613,C0820,2024-08-01,25.09
O004614,C0820,2025-02-15,50.65
O004615,C0821,2024-10-02,6.47
O004616,C0821,2025-02-09,73.98
O004617,C0823,2025-09-24,123.24
O004618,C0823,2025-12-22,151.38
O004619,C0824,2024-12-02,396.48
O004620,C0825,2024-10-08,53.86
O004621,C0825,2024-12-28,187.02
O004622,C0825,2025-01-14,246.25
O004623,C0825,2025-04-04,128.93
O004624,C0825,2025-05-11,172.16
O004625,C0825,2025-06-09,69.62
O004626,C0825,2025-07-05,31.41
O004627,C0825,2025-09-21,220.18
O004628,C0825,2025-11-03,89.41
O004629,C0825,2025-11-29,88.73
O004630,C0826,2024-10-06,35.76
O004631,C0826,2024-12-20,152.41
O004632,C0826,2025-01-20,104.54
O004633,C0826,2025-03-06,160.68
O004634,C0826,2025-07-15,106.93
O004635,C0826,2025-08-17,97.62
O004636,C0826,2025-11-03,175.21
O004637,C0826,2025-11-22,25.39
O004638,C0827,2025-07-29,31.82
O004639,C0828,2024-12-04,15.56
O004640,C0828,2024-12-19,7.26
O004641,C0828,2025-05-21,84.95
O004642,C0828,2025-06-14,60.82
O004643,C0828,2025-07-30,85.08
O004644,C0828,2025-09-25,67.09
O004645,C0828,2025-10-12,65.1
O004646,C0828,2025-12-03,88.1
O004647,C0829,2024-12-03,6.66
O004648,C0830,2024-08-28,23.45
O004649,C0830,2024-10-10,71.83
O004650,C0830,2025-02-05,147.4
O004651,C0830,2025-04-02,204.18
O004652,C0830,2025-05-23,15.57
O004653,C0830,2025-08-28,16.32
O004654,C0831,2024-10-22,14.24
O004655,C0831,2025-03-11,23.38
O004656,C0831,2025-08-13,14.48
O004657,C0831,2025-12-08,11.94
O004658,C0834,2025-03-08,136.96
O004659,C0834,2025-03-20,77.79
O004660,C0834,2025-04-03,161.16
O004661,C0834,2025-04-23,173.02
O004662,C0834,2025-05-07,100.57
O004663,C0834,2025-05-31,244.08
O004664,C0834,2025-06-13,182.64
O004665,C0834,2025-10-09,364.63
O004666,C0834,2025-10-29,27.0
O004667,C0834,2025-11-25,90.48
O004668,C0834,2025-12-26,79.67
O004669,C0835,2025-01-19,87.43
O004670,C0835,2025-03-09,246.43
O004671,C0835,2025-04-20,76.52
O004672,C0835,2025-05-14,103.91
O004673,C0835,2025-05-23,120.84
O004674,C0835,2025-07-05,128.22
O004675,C0835,2025-07-22,274.18
O004676,C0835,2025-08-08,183.03
O004677,C0836,2025-04-04,31.89
O004678,C0836,2025-08-01,187.84
O004679,C0836,2025-09-21,141.94
O004680,C0837,2024-03-17,30.42
O004681,C0837,2024-11-15,47.85
O004682,C0837,2025-01-20,134.5
O004683,C0837,2025-09-09,15.19
O004684,C0837,2025-12-12,55.93
O004685,C0838,2024-05-28,61.21
O004686,C0838,2024-06-18,22.15
O004687,C0838,2024-07-05,15.53
O004688,C0839,2024-06-30,34.78
O004689,C0839,2024-10-05,20.91
O004690,C0839,2025-02-14,67.2
O004691,C0839,2025-08-20,51.99
O004692,C0839,2025-09-21,224.14
O004693,C0842,2024-04-19,21.9
O004694,C0842,2024-06-29,36.29
O004695,C0842,2024-07-22,73.66
O004696,C0842,2024-12-08,43.04
O004697,C0842,2025-04-23,36.3
O004698,C0842,2025-08-10,25.2
O004699,C0843,2024-04-20,50.55
O004700,C0843,2024-06-11,13.85
O004701,C0843,2024-09-11,180.96
O004702,C0843,2024-11-05,91.86
O004703,C0843,2024-12-03,111.45
O004704,C0843,2024-12-17,45.6
O004705,C0843,2025-01-25,157.44
O004706,C0843,2025-05-24,143.68
O004707,C0843,2025-09-28,65.46
O004708,C0843,2025-12-20,35.27
O004709,C0844,2024-10-06,104.46
O004710,C0844,2024-10-26,139.83
O004711,C0844,2024-12-22,78.87
O004712,C0844,2025-03-15,248.54
O004713,C0844,2025-03-29,180.89
O004714,C0844,2025-04-25,24.94
O004715,C0844,2025-07-05,23.78
O004716,C0844,2025-07-30,39.21
O004717,C0844,2025-10-09,113.59
O004718,C0844,2025-12-18,140.49
O004719,C0845,2025-07-03,183.2
O004720,C0845,2025-08-27,80.09
O004721,C0845,2025-09-20,140.39
O004722,C0846,2024-01-23,120.66
O004723,C0846,2024-04-21,146.51
O004724,C0846,2024-06-13,234.05
O004725,C0846,2024-09-14,161.63
O004726,C0846,2024-12-01,271.43
O004727,C0846,2025-01-17,37.15
O004728,C0846,2025-06-21,106.13
O004729,C0846,2025-07-05,177.83
O004730,C0846,2025-07-28,128.0
O004731,C0846,2025-09-17,126.69
O004732,C0846,2025-10-01,70.78
O004733,C0847,2025-05-16,74.66
O004734,C0847,2025-07-16,73.33
O004735,C0847,2025-08-29,6.27
O004736,C0847,2025-11-05,43.48
O004737,C0848,2024-05-07,55.73
O004738,C0848,2024-09-29,20.69
O004739,C0848,2024-12-20,50.9
O004740,C0848,2025-02-09,99.64
O004741,C0848,2025-05-07,172.96
O004742,C0848,2025-07-15,7.22
O004743,C0848,2025-10-03,6.99
O004744,C0849,2024-05-29,111.25
O004745,C0849,2024-06-10,126.71
O004746,C0849,2024-06-28,22.86
O004747,C0849,2024-07-21,90.09
O004748,C0849,2024-08-15,117.74
O004749,C0849,2024-09-18,123.97
O004750,C0849,2024-10-02,142.19
O004751,C0849,2024-10-23,59.54
O004752,C0849,2024-11-09,200.17
O004753,C0849,2024-11-16,157.3
O004754,C0849,2024-11-22,75.27
O004755,C0849,2024-12-07,85.34
O004756,C0849,2024-12-14,233.96
O004757,C0849,2025-01-24,117.22
O004758,C0849,2025-02-14,124.9
O004759,C0849,2025-03-14,67.66
O004760,C0849,2025-04-08,89.78
O004761,C0849,2025-05-17,123.4
O004762,C0849,2025-05-23,132.74
O004763,C0849,2025-06-06,164.86
O004764,C0849,2025-06-16,255.71
O004765,C0849,2025-07-04,80.38
O004766,C0849,2025-10-08,111.42
O004767,C0849,2025-10-26,115.83
O004768,C0849,2025-11-12,129.87
O004769,C0849,2025-11-30,143.33
O004770,C0849,2025-12-11,188.59
O004771,C0849,2025-12-25,221.61
O004772,C0850,2024-12-23,134.69
O004773,C0850,2025-01-04,314.99
O004774,C0850,2025-02-05,203.59
O004775,C0850,2025-02-25,129.37
O004776,C0850,2025-04-16,104.38
O004777,C0850,2025-04-27,41.1
O004778,C0850,2025-05-19,220.37
O004779,C0850,2025-05-26,175.5
O004780,C0850,2025-06-17,63.84
O004781,C0850,2025-07-10,447.95
O004782,C0850,2025-08-10,68.34
O004783,C0850,2025-09-30,196.88
O004784,C0850,2025-12-16,448.35
O004785,C0850,2025-12-30,43.97
O004786,C0851,2025-02-13,99.53
O004787,C0851,2025-07-31,128.45
O004788,C0851,2025-10-13,63.51
O004789,C0851,2025-11-13,61.39
O004790,C0851,2025-11-30,268.4
O004791,C0852,2025-11-14,90.93
O004792,C0852,2025-11-28,45.56
O004793,C0852,2025-12-15,49.51
O004794,C0853,2024-02-03,7.19
O004795,C0854,2024-03-02,20.81
O004796,C0854,2024-03-22,60.78
O004797,C0854,2024-05-10,28.27
O004798,C0854,2024-07-03,474.09
O004799,C0854,2024-08-11,40.24
O004800,C0854,2024-10-13,58.16
O004801,C0854,2024-12-01,98.41
O004802,C0854,2025-01-20,119.51
O004803,C0854,2025-02-25,14.31
O004804,C0854,2025-05-10,209.19
O004805,C0854,2025-07-05,105.67
O004806,C0854,2025-08-30,82.39
O004807,C0854,2025-11-14,64.45
O004808,C0854,2025-12-05,239.05
O004809,C0855,2025-09-16,31.74
O004810,C0855,2025-10-20,6.54
O004811,C0855,2025-12-24,88.15
O004812,C0856,2024-11-10,40.68
O004813,C0856,2025-12-04,187.79
O004814,C0857,2024-06-13,84.07
O004815,C0857,2025-03-25,12.24
O004816,C0857,2025-07-06,12.42
O004817,C0858,2025-09-24,77.89
O004818,C0858,2025-12-09,41.3
O004819,C0858,2025-12-24,146.82
O004820,C0859,2024-05-28,290.04
O004821,C0860,2025-06-14,35.12
O004822,C0860,2025-07-11,148.94
O004823,C0860,2025-09-17,385.66
O004824,C0860,2025-11-26,37.32
O004825,C0861,2024-05-26,34.62
O004826,C0861,2024-12-05,43.26
O004827,C0861,2024-12-26,13.03
O004828,C0861,2025-02-27,85.9
O004829,C0861,2025-05-07,106.31
O004830,C0861,2025-07-15,35.79
O004831,C0862,2025-01-31,131.77
O004832,C0862,2025-03-26,72.76
O004833,C0862,2025-04-11,244.61
O004834,C0862,2025-06-21,154.43
O004835,C0862,2025-07-09,36.28
O004836,C0862,2025-08-06,218.43
O004837,C0862,2025-09-02,165.73
O004838,C0862,2025-11-25,237.17
O004839,C0862,2025-12-22,34.31
O004840,C0863,2024-11-06,80.11
O004841,C0863,2025-02-21,62.94
O004842,C0863,2025-03-10,192.04
O004843,C0863,2025-04-19,44.69
O004844,C0863,2025-06-16,255.26
O004845,C0863,2025-09-16,206.97
O004846,C0863,2025-11-07,67.48
O004847,C0864,2024-02-29,15.61
O004848,C0864,2024-05-09,11.28
O004849,C0864,2024-09-02,19.87
O004850,C0864,2024-10-16,62.07
O004851,C0864,2024-11-09,61.28
O004852,C0864,2025-02-03,29.12
O004853,C0864,2025-06-20,25.45
O004854,C0864,2025-07-20,7.15
O004855,C0864,2025-07-31,81.77
O004856,C0864,2025-09-13,50.76
O004857,C0864,2025-09-27,60.62
O004858,C0864,2025-11-28,62.22
O004859,C0864,2025-12-15,55.59
O004860,C0865,2024-12-02,296.09
O004861,C0865,2025-01-26,405.1
O004862,C0865,2025-03-23,127.89
O004863,C0865,2025-05-01,223.42
O004864,C0865,2025-05-07,109.31
O004865,C0865,2025-05-17,291.58
O004866,C0865,2025-07-20,217.15
O004867,C0865,2025-07-31,548.33
O004868,C0865,2025-08-27,353.75
O004869,C0865,2025-09-11,114.56
O004870,C0865,2025-11-15,197.42
O004871,C0865,2025-11-26,328.4
O004872,C0866,2024-03-29,389.12
O004873,C0866,2024-06-09,21.44
O004874,C0866,2024-08-18,43.46
O004875,C0866,2024-09-08,176.0
O004876,C0866,2024-09-29,272.59
O004877,C0866,2024-11-11,292.58
O004878,C0866,2024-11-23,443.26
O004879,C0866,2025-01-22,181.34
O004880,C0866,2025-04-22,96.5
O004881,C0866,2025-04-28,25.05
O004882,C0866,2025-07-13,95.41
O004883,C0866,2025-08-26,13.47
O004884,C0866,2025-09-01,21.2
O004885,C0866,2025-10-21,112.84
O004886,C0866,2025-11-26,120.57
O004887,C0867,2024-12-15,5.56
O004888,C0867,2024-12-27,93.35
O004889,C0867,2025-02-18,140.06
O004890,C0867,2025-05-06,62.93
O004891,C0867,2025-07-18,20.68
O004892,C0867,2025-12-15,45.06
O004893,C0868,2024-12-15,83.18
O004894,C0868,2025-04-09,251.58
O004895,C0868,2025-05-30,44.16
O004896,C0868,2025-06-13,101.8
O004897,C0868,2025-08-11,93.42
O004898,C0868,2025-10-14,59.73
O004899,C0868,2025-11-17,82.46
O004900,C0868,2025-12-10,196.38
O004901,C0869,2024-02-13,44.96
O004902,C0869,2024-04-23,74.01
O004903,C0870,2024-05-07,77.69
O004904,C0870,2024-06-26,22.58
O004905,C0870,2024-08-15,22.22
O004906,C0870,2024-10-16,47.11
O004907,C0871,2024-06-26,51.95
O004908,C0871,2024-07-16,126.65
O004909,C0871,2025-02-22,125.71
O004910,C0872,2025-05-25,116.56
O004911,C0872,2025-06-06,57.41
O004912,C0872,2025-06-20,54.34
O004913,C0872,2025-12-07,174.13
O004914,C0873,2024-05-05,132.72
O004915,C0873,2024-05-11,46.45
O004916,C0873,2024-06-03,107.86
O004917,C0873,2024-06-13,180.75
O004918,C0873,2024-09-26,160.02
O004919,C0874,2025-06-06,53.22
O004920,C0874,2025-06-30,111.83
O004921,C0874,2025-08-03,28.51
O004922,C0874,2025-11-16,227.47
O004923,C0875,2024-10-21,49.95
O004924,C0875,2024-11-02,42.46
O004925,C0875,2025-02-10,43.08
O004926,C0875,2025-04-03,67.59
O004927,C0875,2025-06-04,262.6
O004928,C0875,2025-06-24,167.5
O004929,C0875,2025-07-18,48.65
O004930,C0875,2025-09-08,218.78
O004931,C0875,2025-11-03,156.48
O004932,C0876,2025-06-11,168.67
O004933,C0876,2025-11-23,31.52
O004934,C0877,2025-04-16,33.96
O004935,C0877,2025-07-12,34.33
O004936,C0877,2025-08-15,220.71
O004937,C0877,2025-10-05,200.41
O004938,C0877,2025-12-06,125.72
O004939,C0878,2025-07-29,162.82
O004940,C0878,2025-09-18,149.21
O004941,C0878,2025-11-08,150.18
O004942,C0879,2025-09-22,107.32
O004943,C0880,2025-02-01,127.43
O004944,C0880,2025-03-11,46.44
O004945,C0880,2025-03-29,210.87
O004946,C0880,2025-05-25,35.84
O004947,C0880,2025-06-13,81.03
O004948,C0880,2025-06-27,164.0
O004949,C0880,2025-07-05,269.8
O004950,C0880,2025-07-25,163.14
O004951,C0880,2025-08-24,245.07
O004952,C0880,2025-09-23,181.01
O004953,C0880,2025-11-01,145.05
O004954,C0880,2025-12-30,180.45
O004955,C0881,2024-02-13,278.94
O004956,C0881,2024-03-07,178.27
O004957,C0881,2024-05-20,525.47
O004958,C0881,2024-06-06,75.46
O004959,C0881,2024-06-28,312.5
O004960,C0881,2024-07-11,149.76
O004961,C0881,2024-07-26,237.51
O004962,C0881,2024-08-17,288.77
O004963,C0881,2024-09-29,403.35
O004964,C0881,2024-11-03,141.1
O004965,C0881,2024-12-06,141.96
O004966,C0881,2024-12-23,52.36
O004967,C0881,2025-01-24,92.84
O004968,C0882,2024-12-29,20.62
O004969,C0882,2025-01-13,20.32
O004970,C0882,2025-04-03,128.55
O004971,C0882,2025-04-17,15.74
O004972,C0882,2025-06-05,47.9
O004973,C0882,2025-07-09,23.92
O004974,C0882,2025-08-22,112.77
O004975,C0882,2025-09-19,156.9
O004976,C0882,2025-10-13,156.69
O004977,C0882,2025-11-08,157.01
O004978,C0883,2024-09-25,45.47
O004979,C0883,2024-10-13,83.75
O004980,C0883,2025-02-09,152.81
O004981,C0883,2025-05-26,91.17
O004982,C0883,2025-08-25,31.42
O004983,C0884,2024-01-29,73.69
O004984,C0884,2024-05-30,148.76
O004985,C0884,2024-08-19,42.46
O004986,C0886,2024-05-28,169.94
O004987,C0886,2024-06-29,134.8
O004988,C0886,2024-08-19,62.91
O004989,C0888,2024-05-08,59.53
O004990,C0888,2025-01-15,168.49
O004991,C0888,2025-11-15,82.78
O004992,C0889,2025-10-04,103.74
O004993,C0889,2025-12-09,11.53
O004994,C0890,2024-08-03,86.4
O004995,C0890,2024-09-06,363.39
O004996,C0890,2024-10-04,187.17
O004997,C0890,2024-11-01,313.78
O004998,C0890,2024-11-22,359.07
O004999,C0890,2024-12-12,73.27
O005000,C0890,2025-01-29,313.24
O005001,C0890,2025-02-23,190.99
O005002,C0890,2025-03-24,178.05
O005003,C0890,2025-05-11,267.17
O005004,C0890,2025-05-20,201.19
O005005,C0890,2025-09-23,187.14
O005006,C0890,2025-10-17,293.71
O005007,C0890,2025-11-30,138.65
O005008,C0890,2025-12-30,184.03
O005009,C0891,2025-05-08,36.38
O005010,C0892,2025-06-20,13.78
O005011,C0892,2025-12-14,75.77
O005012,C0893,2025-10-31,24.76
O005013,C0894,2025-04-21,6.09
O005014,C0896,2024-06-25,189.11
O005015,C0896,2024-07-26,225.04
O005016,C0896,2024-10-10,71.44
O005017,C0896,2025-01-10,109.83
O005018,C0896,2025-02-05,167.81
O005019,C0896,2025-02-12,246.04
O005020,C0896,2025-03-13,311.51
O005021,C0896,2025-05-19,296.45
O005022,C0896,2025-06-08,45.76
O005023,C0896,2025-08-14,163.01
O005024,C0896,2025-09-01,163.09
O005025,C0897,2025-11-09,45.48
O005026,C0898,2024-10-31,89.74
O005027,C0898,2025-05-22,88.33
O005028,C0898,2025-08-09,26.68
O005029,C0899,2024-07-11,59.24
O005030,C0899,2025-01-17,57.72
O005031,C0899,2025-02-10,56.21
O005032,C0899,2025-06-20,78.42
O005033,C0899,2025-08-31,28.83
O005034,C0900,2025-07-09,73.44
O005035,C0900,2025-08-01,25.69
O005036,C0900,2025-09-15,161.81
O005037,C0900,2025-11-22,55.92
O005038,C0901,2025-02-17,61.61
O005039,C0901,2025-03-21,122.41
O005040,C0901,2025-06-05,159.39
O005041,C0901,2025-09-11,150.33
O005042,C0901,2025-11-20,50.98
O005043,C0901,2025-12-14,41.62
O005044,C0902,2024-08-13,60.42
O005045,C0902,2024-11-17,20.54
O005046,C0902,2025-02-23,97.88
O005047,C0902,2025-07-16,52.41
O005048,C0902,2025-10-21,46.9
O005049,C0902,2025-12-27,60.07
O005050,C0903,2025-01-19,64.48
O005051,C0903,2025-05-09,52.91
O005052,C0903,2025-12-05,18.06
O005053,C0904,2024-04-02,74.71
O005054,C0904,2024-05-15,35.96
O005055,C0904,2024-08-08,178.78
O005056,C0904,2024-09-01,213.2
O005057,C0904,2024-09-14,131.6
O005058,C0904,2024-12-18,20.56
O005059,C0904,2025-01-09,157.46
O005060,C0904,2025-02-21,20.51
O005061,C0904,2025-03-18,48.06
O005062,C0904,2025-06-18,38.8
O005063,C0904,2025-10-10,112.96
O005064,C0904,2025-11-06,175.07
O005065,C0904,2025-11-22,218.19
O005066,C0904,2025-12-04,87.5
O005067,C0905,2024-12-31,184.14
O005068,C0905,2025-02-07,12.86
O005069,C0905,2025-03-21,14.63
O005070,C0905,2025-07-19,116.35
O005071,C0905,2025-11-24,114.57
O005072,C0905,2025-12-21,44.83
O005073,C0906,2024-12-28,27.88
O005074,C0906,2025-01-14,103.42
O005075,C0906,2025-03-07,52.16
O005076,C0906,2025-03-28,67.78
O005077,C0906,2025-05-03,68.58
O005078,C0906,2025-05-26,29.34
O005079,C0906,2025-08-02,41.67
O005080,C0906,2025-08-08,20.56
O005081,C0906,2025-09-24,125.31
O005082,C0906,2025-10-07,111.37
O005083,C0906,2025-11-14,13.85
O005084,C0906,2025-11-23,95.02
O005085,C0907,2024-10-15,46.99
O005086,C0908,2025-01-09,71.48
O005087,C0908,2025-01-17,243.46
O005088,C0908,2025-02-13,169.38
O005089,C0909,2025-08-21,29.93
O005090,C0910,2025-04-04,176.06
O005091,C0910,2025-06-29,96.19
O005092,C0910,2025-08-12,15.79
O005093,C0910,2025-10-17,256.43
O005094,C0910,2025-12-14,74.28
O005095,C0911,2024-09-16,29.54
O005096,C0911,2024-11-13,32.29
O005097,C0911,2025-02-08,54.6
O005098,C0911,2025-04-29,7.39
O005099,C0911,2025-06-26,45.87
O005100,C0911,2025-09-16,65.34
O005101,C0911,2025-10-25,31.03
O005102,C0912,2025-05-12,22.65
O005103,C0912,2025-08-11,38.95
O005104,C0913,2025-06-20,35.89
O005105,C0914,2025-07-12,141.97
O005106,C0914,2025-08-20,181.29
O005107,C0914,2025-10-04,85.68
O005108,C0914,2025-11-07,81.5
O005109,C0915,2025-08-26,157.99
O005110,C0915,2025-09-27,11.95
O005111,C0916,2025-02-15,7.77
O005112,C0916,2025-06-09,88.75
O005113,C0917,2024-10-21,261.04
O005114,C0917,2024-11-22,42.02
O005115,C0917,2025-01-09,44.63
O005116,C0917,2025-03-23,54.71
O005117,C0917,2025-05-02,151.51
O005118,C0917,2025-07-06,185.44
O005119,C0917,2025-08-26,228.08
O005120,C0917,2025-09-23,176.0
O005121,C0917,2025-10-04,63.43
O005122,C0917,2025-10-25,23.76
O005123,C0918,2024-04-08,160.74
O005124,C0918,2024-06-29,65.15
O005125,C0918,2024-10-24,13.24
O005126,C0918,2025-04-14,12.0
O005127,C0918,2025-05-06,71.91
O005128,C0918,2025-07-14,34.01
O005129,C0918,2025-09-14,27.94
O005130,C0918,2025-12-12,11.34
O005131,C0919,2024-10-22,23.7
O005132,C0919,2025-03-12,75.02
O005133,C0919,2025-07-17,81.76
O005134,C0919,2025-09-19,47.56
O005135,C0919,2025-12-19,52.48
O005136,C0920,2024-08-28,15.18
O005137,C0920,2024-12-12,12.96
O005138,C0920,2025-02-26,31.75
O005139,C0920,2025-03-31,75.72
O005140,C0920,2025-05-10,43.05
O005141,C0920,2025-07-27,27.26
O005142,C0920,2025-09-17,17.23
O005143,C0920,2025-11-12,60.04
O005144,C0921,2025-04-01,78.41
O005145,C0921,2025-07-30,80.32
O005146,C0922,2024-10-24,76.12
O005147,C0922,2024-11-10,32.47
O005148,C0922,2025-06-30,89.05
O005149,C0922,2025-09-24,133.7
O005150,C0922,2025-10-30,76.67
O005151,C0923,2024-04-07,126.53
O005152,C0923,2024-05-14,73.68
O005153,C0923,2024-07-13,53.52
O005154,C0923,2024-10-13,151.17
O005155,C0923,2024-12-10,32.38
O005156,C0923,2025-01-28,221.45
O005157,C0923,2025-05-07,51.05
O005158,C0923,2025-07-08,74.89
O005159,C0923,2025-09-04,246.06
O005160,C0923,2025-09-22,82.34
O005161,C0923,2025-10-21,64.75
O005162,C0923,2025-10-27,10.41
O005163,C0923,2025-12-17,165.39
O005164,C0924,2024-02-09,13.14
O005165,C0924,2024-02-29,89.3
O005166,C0925,2024-06-09,32.79
O005167,C0925,2024-07-11,52.54
O005168,C0925,2024-08-24,13.02
O005169,C0925,2024-09-20,60.76
O005170,C0925,2025-01-13,25.54
O005171,C0925,2025-02-09,116.75
O005172,C0925,2025-03-14,84.26
O005173,C0925,2025-05-19,88.68
O005174,C0925,2025-06-17,7.73
O005175,C0925,2025-07-09,36.02
O005176,C0925,2025-07-27,113.83
O005177,C0925,2025-10-08,68.01
O005178,C0926,2024-03-28,42.85
O005179,C0926,2024-04-13,90.8
O005180,C0926,2024-05-31,175.08
O005181,C0926,2024-06-15,285.58
O005182,C0926,2024-06-26,33.5
O005183,C0926,2024-08-14,280.12
O005184,C0926,2024-08-28,54.3
O005185,C0927,2025-05-21,100.65
O005186,C0927,2025-08-05,125.3
O005187,C0927,2025-09-18,93.64
O005188,C0927,2025-10-14,95.31
O005189,C0927,2025-11-28,18.74
O005190,C0928,2024-06-02,93.1
O005191,C0928,2024-07-09,29.76
O005192,C0928,2024-08-20,6.81
O005193,C0928,2024-09-17,26.78
O005194,C0928,2024-10-29,136.06
O005195,C0928,2024-12-24,92.32
O005196,C0928,2025-02-12,7.86
O005197,C0929,2024-12-20,156.99
O005198,C0929,2025-02-27,79.18
O005199,C0929,2025-04-05,136.45
O005200,C0929,2025-04-26,183.39
O005201,C0929,2025-05-21,52.29
O005202,C0929,2025-08-13,54.47
O005203,C0929,2025-09-21,172.83
O005204,C0929,2025-11-20,30.44
O005205,C0929,2025-12-16,111.9
O005206,C0930,2024-03-20,49.43
O005207,C0930,2024-05-08,58.74
O005208,C0930,2024-06-04,181.96
O005209,C0930,2024-06-15,188.17
O005210,C0930,2024-10-23,257.32
O005211,C0930,2024-11-11,35.54
O005212,C0930,2024-12-03,23.28
O005213,C0931,2024-09-01,185.78
O005214,C0931,2024-09-26,72.7
O005215,C0931,2024-12-08,35.7
O005216,C0931,2025-02-02,78.96
O005217,C0931,2025-04-16,106.45
O005218,C0931,2025-06-20,66.13
O005219,C0931,2025-07-03,35.4
O005220,C0931,2025-09-01,33.3
O005221,C0931,2025-10-16,33.69
O005222,C0933,2024-12-27,116.51
O005223,C0933,2025-04-04,87.85
O005224,C0933,2025-08-26,190.84
O005225,C0933,2025-09-20,136.45
O005226,C0933,2025-09-28,346.18
O005227,C0933,2025-12-30,186.12
O005228,C0934,2024-07-02,123.55
O005229,C0934,2024-09-29,47.28
O005230,C0935,2025-10-19,127.3
O005231,C0935,2025-12-07,32.11
O005232,C0935,2025-12-19,149.29
O005233,C0936,2024-10-27,119.02
O005234,C0936,2024-11-13,69.47
O005235,C0936,2025-01-27,181.05
O005236,C0936,2025-03-05,158.81
O005237,C0936,2025-08-30,172.65
O005238,C0937,2024-05-24,36.97
O005239,C0937,2024-09-09,10.26
O005240,C0937,2024-12-17,166.14
O005241,C0937,2025-05-18,34.61
O005242,C0938,2025-06-30,312.04
O005243,C0938,2025-08-16,190.36
O005244,C0938,2025-10-07,212.14
O005245,C0938,2025-10-27,203.93
O005246,C0938,2025-11-20,211.51
O005247,C0938,2025-12-11,265.52
O005248,C0938,2025-12-28,225.82
O005249,C0939,2025-11-27,60.92
O005250,C0940,2024-11-13,16.01
O005251,C0941,2025-06-26,12.86
O005252,C0941,2025-07-14,49.22
O005253,C0941,2025-09-25,30.19
O005254,C0941,2025-10-08,64.12
O005255,C0941,2025-12-25,80.84
O005256,C0942,2024-12-18,18.59
O005257,C0943,2024-10-16,201.15
O005258,C0943,2024-10-24,33.75
O005259,C0943,2024-11-28,124.12
O005260,C0943,2024-12-14,79.1
O005261,C0943,2025-01-10,110.54
O005262,C0943,2025-02-16,158.8
O005263,C0943,2025-02-27,220.13
O005264,C0943,2025-04-06,49.63
O005265,C0943,2025-05-01,200.92
O005266,C0943,2025-06-22,59.48
O005267,C0943,2025-08-02,301.06
O005268,C0943,2025-08-18,278.72
O005269,C0943,2025-08-29,224.65
O005270,C0944,2025-05-24,351.81
O005271,C0944,2025-06-17,19.58
O005272,C0944,2025-07-05,186.72
O005273,C0944,2025-07-22,119.26
O005274,C0944,2025-08-16,66.04
O005275,C0944,2025-10-01,62.32
O005276,C0944,2025-11-27,333.21
O005277,C0944,2025-12-20,244.41
O005278,C0944,2025-12-26,243.52
O005279,C0945,2025-02-07,87.15
O005280,C0945,2025-04-25,13.5
O005281,C0946,2024-05-02,86.65
O005282,C0946,2025-01-04,63.34
O005283,C0946,2025-04-20,12.72
O005284,C0946,2025-05-02,49.84
O005285,C0946,2025-09-17,25.48
O005286,C0947,2024-10-09,190.64
O005287,C0947,2024-11-08,315.65
O005288,C0947,2024-12-14,216.12
O005289,C0947,2025-01-17,134.94
O005290,C0947,2025-02-25,59.43
O005291,C0947,2025-03-13,83.15
O005292,C0947,2025-03-22,271.71
O005293,C0947,2025-05-17,493.8
O005294,C0947,2025-06-03,224.84
O005295,C0947,2025-07-01,147.53
O005296,C0947,2025-08-18,70.07
O005297,C0947,2025-09-17,220.93
O005298,C0947,2025-09-29,71.69
O005299,C0947,2025-10-21,129.64
O005300,C0947,2025-11-18,274.96
O005301,C0948,2024-04-21,284.61
O005302,C0948,2024-05-20,118.67
O005303,C0948,2024-06-24,79.83
O005304,C0948,2024-07-21,37.09
O005305,C0948,2024-10-12,131.35
O005306,C0948,2024-12-14,187.95
O005307,C0948,2025-05-02,177.09
O005308,C0949,2024-10-12,39.72
O005309,C0950,2024-10-30,145.42
O005310,C0950,2025-04-09,49.64
O005311,C0951,2024-10-26,32.35
O005312,C0952,2024-08-23,20.52
O005313,C0952,2024-09-30,27.29
O005314,C0952,2024-10-06,135.46
O005315,C0952,2024-10-12,74.17
O005316,C0952,2024-12-14,320.11
O005317,C0952,2024-12-27,18.54
O005318,C0952,2025-01-16,610.34
O005319,C0952,2025-02-16,34.12
O005320,C0952,2025-02-25,24.8
O005321,C0952,2025-03-20,69.64
O005322,C0952,2025-04-23,112.83
O005323,C0952,2025-05-20,60.41
O005324,C0952,2025-06-30,411.38
O005325,C0952,2025-07-28,29.59
O005326,C0952,2025-08-24,210.74
O005327,C0952,2025-08-31,199.87
O005328,C0952,2025-09-16,344.91
O005329,C0952,2025-10-13,19.12
O005330,C0952,2025-11-01,217.51
O005331,C0952,2025-12-11,83.06
O005332,C0952,2025-12-17,171.19
O005333,C0953,2024-09-04,47.43
O005334,C0953,2024-09-24,81.58
O005335,C0953,2024-10-27,251.96
O005336,C0954,2025-03-14,323.17
O005337,C0954,2025-06-06,236.08
O005338,C0955,2024-10-07,45.41
O005339,C0955,2024-11-08,13.33
O005340,C0956,2024-01-28,120.05
O005341,C0956,2024-02-22,314.91
O005342,C0956,2024-04-15,137.44
O005343,C0956,2024-06-03,177.07
O005344,C0956,2024-08-10,26.09
O005345,C0956,2024-08-27,189.34
O005346,C0956,2024-09-04,113.5
O005347,C0956,2024-10-28,99.8
O005348,C0956,2025-02-08,242.75
O005349,C0956,2025-03-22,49.28
O005350,C0956,2025-05-10,242.0
O005351,C0956,2025-06-13,140.71
O005352,C0956,2025-07-11,138.49
O005353,C0957,2025-03-30,73.49
O005354,C0957,2025-08-01,14.78
O005355,C0957,2025-10-09,33.16
O005356,C0957,2025-12-16,40.33
O005357,C0958,2024-12-06,78.62
O005358,C0958,2024-12-30,37.88
O005359,C0958,2025-03-11,105.17
O005360,C0958,2025-04-23,44.99
O005361,C0958,2025-07-31,75.45
O005362,C0958,2025-08-15,21.92
O005363,C0958,2025-08-27,31.95
O005364,C0958,2025-10-14,11.55
O005365,C0959,2025-01-17,97.58
O005366,C0959,2025-03-17,217.48
O005367,C0959,2025-05-03,30.74
O005368,C0959,2025-08-07,22.91
O005369,C0959,2025-08-18,76.65
O005370,C0959,2025-10-05,186.45
O005371,C0959,2025-11-26,148.03
O005372,C0961,2024-04-18,181.95
O005373,C0961,2024-04-29,164.91
O005374,C0961,2024-07-04,20.2
O005375,C0961,2025-03-01,55.28
O005376,C0961,2025-04-10,179.19
O005377,C0961,2025-08-22,153.54
O005378,C0962,2025-06-28,37.2
O005379,C0962,2025-10-01,274.19
O005380,C0963,2025-12-11,59.83
O005381,C0963,2025-12-31,81.38
O005382,C0964,2025-07-13,36.01
O005383,C0964,2025-08-09,64.32
O005384,C0964,2025-10-11,136.29
O005385,C0964,2025-12-19,48.95
O005386,C0965,2024-05-06,94.49
O005387,C0965,2024-06-17,74.38
O005388,C0965,2024-07-13,334.88
O005389,C0965,2024-09-19,232.7
O005390,C0965,2024-12-08,132.38
O005391,C0965,2024-12-19,153.09
O005392,C0966,2024-05-24,91.57
O005393,C0966,2024-06-10,235.82
O005394,C0966,2024-07-31,110.73
O005395,C0966,2024-08-12,50.76
O005396,C0966,2024-08-25,227.0
O005397,C0966,2024-10-29,308.26
O005398,C0966,2024-12-10,46.54
O005399,C0966,2025-01-15,335.83
O005400,C0966,2025-03-11,140.3
O005401,C0966,2025-03-29,131.26
O005402,C0966,2025-05-03,138.68
O005403,C0966,2025-09-05,242.05
O005404,C0966,2025-09-12,128.57
O005405,C0967,2025-06-23,112.75
O005406,C0969,2024-06-13,71.67
O005407,C0969,2024-09-16,34.75
O005408,C0969,2024-10-17,39.76
O005409,C0969,2025-01-30,69.44
O005410,C0969,2025-02-13,257.74
O005411,C0969,2025-04-12,359.37
O005412,C0969,2025-05-23,101.6
O005413,C0969,2025-05-29,50.03
O005414,C0969,2025-07-24,167.22
O005415,C0969,2025-10-04,101.36
O005416,C0969,2025-10-17,193.14
O005417,C0970,2024-12-23,139.55
O005418,C0970,2025-02-07,146.87
O005419,C0971,2024-05-23,142.43
O005420,C0971,2024-06-03,210.72
O005421,C0971,2024-10-13,91.65
O005422,C0971,2024-12-29,161.3
O005423,C0971,2025-03-21,119.75
O005424,C0972,2024-02-02,46.46
O005425,C0973,2024-06-09,32.39
O005426,C0973,2024-08-07,12.12
O005427,C0973,2024-08-31,50.27
O005428,C0973,2024-11-13,54.16
O005429,C0973,2025-05-28,40.67
O005430,C0974,2025-06-27,173.46
O005431,C0975,2025-04-19,196.53
O005432,C0975,2025-07-02,84.9
O005433,C0976,2025-04-07,143.91
O005434,C0977,2024-04-25,91.31
O005435,C0977,2024-05-24,182.31
O005436,C0977,2024-08-20,89.84
O005437,C0977,2024-10-25,61.2
O005438,C0977,2024-11-07,114.53
O005439,C0977,2024-11-28,87.12
O005440,C0977,2025-02-25,53.37
O005441,C0977,2025-04-01,29.8
O005442,C0977,2025-06-09,80.34
O005443,C0977,2025-07-19,240.21
O005444,C0977,2025-08-07,57.11
O005445,C0977,2025-09-03,77.31
O005446,C0977,2025-10-11,18.04
O005447,C0978,2024-11-19,15.85
O005448,C0978,2025-08-21,12.27
O005449,C0979,2024-04-24,108.51
O005450,C0979,2024-05-19,220.87
O005451,C0979,2024-06-29,213.85
O005452,C0979,2024-07-05,104.82
O005453,C0979,2024-08-18,64.67
O005454,C0979,2024-08-27,116.34
O005455,C0979,2024-10-05,44.19
O005456,C0979,2024-11-03,176.25
O005457,C0979,2024-12-09,162.22
O005458,C0979,2025-02-06,415.15
O005459,C0979,2025-03-03,184.46
O005460,C0979,2025-03-09,62.98
O005461,C0979,2025-04-05,224.2
O005462,C0979,2025-04-13,193.22
O005463,C0979,2025-05-21,83.79
O005464,C0979,2025-05-28,270.82
O005465,C0979,2025-07-02,80.52
O005466,C0979,2025-08-15,141.9
O005467,C0979,2025-09-19,143.17
O005468,C0979,2025-10-16,437.13
O005469,C0979,2025-10-22,367.21
O005470,C0979,2025-10-28,108.85
O005471,C0982,2025-04-28,9.8
O005472,C0982,2025-07-15,27.47
O005473,C0982,2025-12-03,11.07
O005474,C0983,2025-05-09,17.15
O005475,C0983,2025-05-27,47.06
O005476,C0983,2025-07-03,17.17
O005477,C0983,2025-07-30,82.93
O005478,C0983,2025-08-22,32.69
O005479,C0983,2025-11-14,38.68
O005480,C0983,2025-12-23,56.29
O005481,C0984,2024-05-14,143.52
O005482,C0985,2024-04-25,28.54
O005483,C0985,2024-05-23,524.67
O005484,C0986,2024-04-08,141.89
O005485,C0987,2024-05-20,73.31
O005486,C0987,2024-11-05,60.62
O005487,C0987,2024-12-23,44.48
O005488,C0987,2025-02-25,16.38
O005489,C0987,2025-03-25,13.26
O005490,C0987,2025-05-29,15.98
O005491,C0987,2025-07-05,20.57
O005492,C0988,2025-01-17,20.31
O005493,C0988,2025-06-29,106.35
O005494,C0988,2025-10-03,27.25
O005495,C0988,2025-11-09,47.01
O005496,C0989,2025-02-05,63.7
O005497,C0989,2025-04-10,53.69
O005498,C0989,2025-05-04,137.01
O005499,C0989,2025-05-25,35.61
O005500,C0989,2025-07-03,382.54
O005501,C0989,2025-10-29,127.93
O005502,C0990,2025-05-22,14.06
O005503,C0990,2025-08-20,10.8
O005504,C0990,2025-12-21,13.81
O005505,C0991,2024-02-23,67.25
O005506,C0991,2024-03-06,29.89
O005507,C0991,2024-04-02,72.62
O005508,C0991,2024-05-03,118.22
O005509,C0991,2024-06-11,137.53
O005510,C0991,2024-06-28,530.77
O005511,C0991,2024-09-14,65.88
O005512,C0991,2024-11-30,141.47
O005513,C0991,2024-12-28,65.68
O005514,C0991,2025-01-30,67.73
O005515,C0991,2025-03-07,206.2
O005516,C0991,2025-04-06,120.13
O005517,C0991,2025-06-28,114.05
O005518,C0991,2025-10-27,98.47
O005519,C0991,2025-12-28,301.12
O005520,C0992,2024-05-26,211.59
O005521,C0992,2024-07-12,126.1
O005522,C0992,2024-11-13,89.28
O005523,C0992,2024-12-20,49.87
O005524,C0993,2025-02-05,241.82
O005525,C0993,2025-03-07,252.88
O005526,C0993,2025-04-05,440.11
O005527,C0993,2025-04-21,266.85
O005528,C0993,2025-05-02,140.39
O005529,C0993,2025-06-09,284.3
O005530,C0993,2025-07-16,199.9
O005531,C0993,2025-08-16,315.7
O005532,C0993,2025-11-23,189.74
O005533,C0994,2025-03-06,12.51
O005534,C0994,2025-11-22,80.48
O005535,C0995,2024-10-11,71.16
O005536,C0995,2025-03-16,24.0
O005537,C0996,2024-04-05,37.38
O005538,C0996,2024-05-23,13.43
O005539,C0996,2024-07-18,67.09
O005540,C0996,2024-08-19,20.75
O005541,C0996,2024-10-15,36.35
O005542,C0996,2024-12-14,202.18
O005543,C0996,2025-01-07,98.05
O005544,C0997,2024-09-26,253.36
O005545,C0997,2024-10-08,82.18
O005546,C0997,2024-10-27,80.63
O005547,C0997,2025-01-17,184.82
O005548,C0997,2025-05-10,25.58
O005549,C0997,2025-05-31,260.25
O005550,C0997,2025-09-05,70.8
O005551,C0997,2025-10-24,146.06
O005552,C0998,2024-04-21,68.05
O005553,C0998,2024-05-29,103.52
O005554,C0998,2024-08-15,121.41
O005555,C0998,2024-11-10,59.49
O005556,C0998,2024-12-05,44.46
O005557,C0998,2024-12-11,98.76
O005558,C0998,2025-01-31,117.07
O005559,C0998,2025-03-25,46.26
O005560,C0999,2024-10-26,48.85
O005561,C0999,2024-11-28,110.71
O005562,C0999,2025-04-13,31.52
O005563,C0999,2025-05-23,93.85
O005564,C0999,2025-07-24,150.02
O005565,C1000,2025-05-11,65.75
O005566,C1000,2025-07-23,79.27
O005567,C1000,2025-08-18,100.76
O005568,C1000,2025-10-06,30.16
O005569,C1000,2025-10-21,120.88
O005570,C1000,2025-12-07,92.63
O005571,C1000,2025-12-27,103.49
O005572,C1001,2025-07-18,97.77
O005573,C1001,2025-10-25,34.11
O005574,C1001,2025-11-09,29.18
O005575,C1002,2024-04-18,42.7
O005576,C1002,2024-06-12,171.76
O005577,C1002,2024-08-22,121.64
O005578,C1002,2025-05-11,45.72
O005579,C1002,2025-07-12,27.87
O005580,C1002,2025-08-03,75.13
O005581,C1002,2025-09-29,53.62
O005582,C1004,2025-06-16,50.05
O005583,C1004,2025-07-22,68.96
O005584,C1004,2025-10-02,52.02
O005585,C1004,2025-10-30,153.54
O005586,C1005,2025-07-06,314.44
O005587,C1005,2025-07-12,188.87
O005588,C1005,2025-07-30,142.38
O005589,C1006,2025-03-23,16.38
O005590,C1006,2025-04-24,22.41
O005591,C1006,2025-07-05,47.16
O005592,C1006,2025-09-09,161.42
O005593,C1006,2025-10-02,80.51
O005594,C1006,2025-11-13,14.95
O005595,C1007,2024-08-28,51.9
O005596,C1007,2024-10-08,72.08
O005597,C1007,2024-10-31,33.64
O005598,C1007,2025-02-02,109.26
O005599,C1007,2025-02-11,206.97
O005600,C1008,2024-09-30,15.23
O005601,C1008,2025-03-03,11.39
O005602,C1008,2025-04-01,49.68
O005603,C1008,2025-07-04,15.31
O005604,C1008,2025-11-15,5.73
O005605,C1009,2024-08-27,90.55
O005606,C1009,2025-05-01,20.04
O005607,C1009,2025-07-24,11.59
O005608,C1009,2025-11-09,27.64
O005609,C1009,2025-12-24,40.84
O005610,C1010,2024-09-27,24.07
O005611,C1010,2024-12-22,95.36
O005612,C1010,2025-04-22,25.54
O005613,C1010,2025-11-22,12.13
O005614,C1010,2025-12-16,15.28
O005615,C1011,2025-04-07,115.13
O005616,C1012,2025-04-17,131.95
O005617,C1013,2025-07-27,12.04
O005618,C1013,2025-09-27,9.93
O005619,C1013,2025-12-22,141.74
O005620,C1013,2025-12-31,34.57
O005621,C1014,2025-08-09,31.9
O005622,C1014,2025-12-06,77.46
O005623,C1015,2024-10-31,81.24
O005624,C1015,2024-11-13,121.14
O005625,C1015,2024-11-28,92.16
O005626,C1015,2025-01-13,131.34
O005627,C1015,2025-02-04,12.79
O005628,C1015,2025-02-19,146.72
O005629,C1015,2025-04-17,241.63
O005630,C1015,2025-05-30,14.72
O005631,C1015,2025-06-27,135.52
O005632,C1015,2025-07-09,97.84
O005633,C1015,2025-08-24,82.32
O005634,C1015,2025-10-13,53.35
O005635,C1015,2025-10-20,67.57
O005636,C1015,2025-12-03,96.84
O005637,C1015,2025-12-30,385.4
O005638,C1017,2025-02-10,282.52
O005639,C1017,2025-03-16,91.87
O005640,C1017,2025-04-13,145.75
O005641,C1017,2025-05-10,654.98
O005642,C1017,2025-09-11,295.95
O005643,C1017,2025-10-01,164.16
O005644,C1017,2025-10-10,43.63
O005645,C1017,2025-12-14,269.07
O005646,C1018,2025-08-04,112.9
O005647,C1018,2025-08-25,31.46
O005648,C1018,2025-10-18,25.19
O005649,C1018,2025-11-10,61.7
O005650,C1019,2024-09-27,157.78
O005651,C1019,2024-10-13,323.22
O005652,C1019,2025-01-19,357.77
O005653,C1019,2025-01-27,308.76
O005654,C1019,2025-02-10,189.8
O005655,C1019,2025-02-21,256.37
O005656,C1019,2025-04-01,253.49
O005657,C1019,2025-04-10,37.93
O005658,C1019,2025-04-26,459.19
O005659,C1019,2025-05-23,224.67
O005660,C1019,2025-06-04,483.6
O005661,C1019,2025-06-24,49.59
O005662,C1019,2025-07-22,109.2
O005663,C1019,2025-08-21,239.3
O005664,C1019,2025-10-06,469.82
O005665,C1019,2025-11-01,231.46
O005666,C1019,2025-11-07,193.31
O005667,C1019,2025-12-18,304.61
O005668,C1020,2025-07-07,322.2
O005669,C1020,2025-07-23,126.19
O005670,C1020,2025-08-04,43.61
O005671,C1020,2025-08-15,128.43
O005672,C1020,2025-10-01,67.32
O005673,C1020,2025-10-24,67.13
O005674,C1021,2024-10-01,131.2
O005675,C1021,2024-12-09,49.73
O005676,C1021,2025-02-17,90.24
O005677,C1021,2025-04-25,67.14
O005678,C1022,2025-01-18,457.09
O005679,C1022,2025-02-11,152.3
O005680,C1022,2025-02-23,174.76
O005681,C1022,2025-03-01,221.72
O005682,C1022,2025-03-14,191.78
O005683,C1022,2025-03-24,246.25
O005684,C1022,2025-04-22,27.91
O005685,C1022,2025-04-29,106.55
O005686,C1022,2025-05-17,107.53
O005687,C1022,2025-06-21,117.04
O005688,C1023,2024-06-23,136.05
O005689,C1023,2024-08-20,63.61
O005690,C1023,2024-09-07,85.48
O005691,C1023,2024-09-19,178.43
O005692,C1023,2024-10-13,27.75
O005693,C1023,2024-12-02,73.24
O005694,C1023,2025-01-19,111.69
O005695,C1023,2025-01-30,106.04
O005696,C1023,2025-02-22,107.92
O005697,C1023,2025-03-03,164.65
O005698,C1023,2025-03-28,18.98
O005699,C1023,2025-04-06,329.15
O005700,C1023,2025-05-17,172.3
O005701,C1023,2025-06-01,101.96
O005702,C1023,2025-06-22,95.72
O005703,C1023,2025-07-15,72.1
O005704,C1023,2025-07-21,222.08
O005705,C1023,2025-08-13,47.64
O005706,C1023,2025-08-27,177.89
O005707,C1023,2025-09-06,120.12
O005708,C1023,2025-09-12,16.94
O005709,C1023,2025-09-18,127.29
O005710,C1023,2025-09-24,31.39
O005711,C1023,2025-11-08,46.13
O005712,C1023,2025-12-07,214.97
O005713,C1024,2024-07-17,83.02
O005714,C1024,2024-08-10,74.38
O005715,C1024,2024-10-22,99.66
O005716,C1025,2024-09-30,12.84
O005717,C1025,2024-12-15,12.88
O005718,C1025,2025-01-19,106.51
O005719,C1025,2025-06-08,162.12
O005720,C1025,2025-06-23,30.85
O005721,C1025,2025-08-23,69.09
O005722,C1025,2025-09-20,105.59
O005723,C1025,2025-11-02,7.41
O005724,C1026,2025-05-10,91.28
O005725,C1026,2025-12-19,64.25
O005726,C1027,2025-09-17,22.04
O005727,C1028,2025-07-06,29.91
O005728,C1028,2025-11-13,79.72
O005729,C1029,2024-02-08,30.83
O005730,C1029,2024-09-03,130.95
O005731,C1029,2024-12-24,149.49
O005732,C1029,2025-04-25,64.19
O005733,C1029,2025-05-27,56.54
O005734,C1029,2025-12-14,86.31
O005735,C1030,2025-04-12,55.33
O005736,C1030,2025-05-21,45.72
O005737,C1030,2025-09-23,22.68
O005738,C1031,2024-01-27,105.79
O005739,C1031,2024-02-15,146.99
O005740,C1031,2024-03-24,25.45
O005741,C1031,2024-03-30,137.38
O005742,C1031,2024-04-19,112.73
O005743,C1031,2024-04-26,8.34
O005744,C1031,2024-05-10,260.61
O005745,C1031,2024-05-21,62.09
O005746,C1031,2024-06-03,90.43
O005747,C1031,2024-07-01,83.87
O005748,C1031,2024-09-24,138.99
O005749,C1031,2024-12-11,191.72
O005750,C1031,2025-01-02,247.3
O005751,C1031,2025-02-14,145.17
O005752,C1031,2025-03-31,14.62
O005753,C1031,2025-05-02,92.4
O005754,C1031,2025-05-09,86.05
O005755,C1031,2025-06-14,97.0
O005756,C1031,2025-07-10,93.6
O005757,C1031,2025-08-28,88.93
O005758,C1031,2025-11-02,40.6
O005759,C1032,2025-07-28,54.53
O005760,C1032,2025-09-14,29.19
O005761,C1032,2025-10-30,120.37
O005762,C1032,2025-12-02,49.65
O005763,C1033,2024-08-31,22.89
O005764,C1033,2024-09-24,161.71
O005765,C1033,2024-11-23,209.39
O005766,C1033,2024-12-14,29.38
O005767,C1033,2025-02-03,142.59
O005768,C1033,2025-02-18,41.25
O005769,C1033,2025-03-28,63.19
O005770,C1033,2025-05-05,134.22
O005771,C1033,2025-08-09,80.39
O005772,C1034,2024-05-25,103.57
O005773,C1034,2024-08-17,112.17
O005774,C1034,2024-09-08,121.85
O005775,C1034,2025-01-20,27.58
O005776,C1034,2025-02-06,14.66
O005777,C1034,2025-04-20,113.97
O005778,C1034,2025-05-10,37.34
O005779,C1034,2025-06-12,70.05
O005780,C1034,2025-08-12,140.56
O005781,C1034,2025-10-02,27.7
O005782,C1034,2025-11-11,93.54
O005783,C1034,2025-12-09,23.92
O005784,C1034,2025-12-29,23.01
O005785,C1035,2025-07-10,50.89
O005786,C1035,2025-08-30,49.98
O005787,C1035,2025-11-15,77.46
O005788,C1036,2025-11-03,15.11
O005789,C1037,2024-11-16,125.58
O005790,C1037,2024-11-22,98.93
O005791,C1037,2025-01-05,141.88
O005792,C1037,2025-01-24,106.14
O005793,C1037,2025-02-08,147.74
O005794,C1038,2024-09-14,98.44
O005795,C1038,2024-10-03,24.7
O005796,C1039,2025-02-23,57.56
O005797,C1039,2025-04-03,55.97
O005798,C1041,2025-09-13,67.49
O005799,C1042,2025-04-02,74.1
O005800,C1042,2025-04-17,90.48
O005801,C1042,2025-05-15,21.46
O005802,C1043,2025-07-14,59.62
O005803,C1043,2025-09-13,14.05
O005804,C1043,2025-10-12,25.48
O005805,C1043,2025-12-10,55.12
O005806,C1044,2024-06-14,34.48
O005807,C1044,2024-08-19,72.62
O005808,C1044,2024-11-17,15.18
O005809,C1044,2025-01-11,142.12
O005810,C1044,2025-03-11,146.67
O005811,C1044,2025-05-14,114.01
O005812,C1044,2025-06-27,23.82
O005813,C1044,2025-09-01,64.83
O005814,C1044,2025-12-08,22.24
O005815,C1045,2024-01-15,140.7
O005816,C1045,2024-04-16,66.14
O005817,C1045,2024-06-16,360.52
O005818,C1045,2024-07-30,48.54
O005819,C1046,2024-03-24,6.89
O005820,C1046,2024-04-04,72.78
O005821,C1046,2024-07-04,48.93
O005822,C1046,2024-10-10,28.72
O005823,C1046,2025-01-17,15.9
O005824,C1046,2025-05-14,20.05
O005825,C1046,2025-08-27,63.34
O005826,C1047,2024-05-02,36.28
O005827,C1047,2024-07-06,174.18
O005828,C1047,2024-08-13,83.93
O005829,C1047,2024-09-13,30.12
O005830,C1047,2024-11-24,27.7
O005831,C1048,2025-10-04,252.69
O005832,C1049,2025-11-13,26.85
O005833,C1050,2024-11-22,62.65
O005834,C1051,2024-10-11,109.15
O005835,C1051,2025-04-14,54.0
O005836,C1051,2025-06-03,77.56
O005837,C1051,2025-10-13,58.08
O005838,C1052,2024-06-24,77.33
O005839,C1052,2024-07-07,85.23
O005840,C1052,2024-09-24,98.56
O005841,C1053,2024-03-09,155.96
O005842,C1053,2024-04-17,136.77
O005843,C1053,2024-05-06,64.26
O005844,C1053,2024-07-09,93.3
O005845,C1053,2024-08-03,202.74
O005846,C1053,2024-08-13,185.18
O005847,C1053,2024-09-08,78.57
O005848,C1053,2024-11-01,298.46
O005849,C1053,2024-11-23,236.31
O005850,C1053,2024-12-21,102.69
O005851,C1053,2024-12-27,36.57
O005852,C1053,2025-01-31,177.28
O005853,C1053,2025-03-16,224.45
O005854,C1053,2025-04-23,73.23
O005855,C1053,2025-05-06,208.79
O005856,C1053,2025-06-14,187.02
O005857,C1053,2025-09-15,164.89
O005858,C1054,2024-11-24,139.46
O005859,C1054,2024-12-15,36.74
O005860,C1054,2024-12-28,48.96
O005861,C1054,2025-02-15,124.94
O005862,C1054,2025-03-28,19.24
O005863,C1054,2025-05-23,120.63
O005864,C1054,2025-08-18,87.96
O005865,C1054,2025-09-03,85.65
O005866,C1054,2025-10-06,55.07
O005867,C1054,2025-11-01,105.08
O005868,C1055,2024-03-22,42.89
O005869,C1055,2024-09-22,14.46
O005870,C1055,2025-03-15,46.07
O005871,C1056,2025-03-09,131.24
O005872,C1056,2025-03-20,107.32
O005873,C1056,2025-03-28,133.52
O005874,C1056,2025-04-24,18.76
O005875,C1056,2025-06-23,172.59
O005876,C1056,2025-07-25,64.72
O005877,C1056,2025-08-30,133.24
O005878,C1056,2025-10-15,122.75
O005879,C1056,2025-10-30,337.56
O005880,C1056,2025-11-19,17.32
O005881,C1056,2025-12-05,160.28
O005882,C1057,2024-08-26,135.9
O005883,C1057,2024-10-03,76.1
O005884,C1057,2024-10-23,23.72
O005885,C1057,2024-11-21,56.45
O005886,C1057,2024-12-15,85.37
O005887,C1057,2024-12-26,130.63
O005888,C1057,2025-02-01,30.97
O005889,C1057,2025-02-10,105.32
O005890,C1057,2025-02-25,167.5
O005891,C1057,2025-03-22,8.42
O005892,C1057,2025-04-05,175.31
O005893,C1057,2025-04-26,101.41
O005894,C1057,2025-05-15,126.15
O005895,C1057,2025-06-04,70.0
O005896,C1057,2025-07-19,66.86
O005897,C1057,2025-08-07,102.24
O005898,C1057,2025-09-10,121.23
O005899,C1057,2025-10-10,78.73
O005900,C1057,2025-10-27,148.27
O005901,C1057,2025-11-17,72.59
O005902,C1057,2025-12-06,311.54
O005903,C1057,2025-12-19,98.71
O005904,C1058,2024-07-23,145.77
O005905,C1058,2024-08-09,22.51
O005906,C1059,2024-02-02,33.61
O005907,C1059,2024-07-05,210.63
O005908,C1059,2024-12-12,193.2
O005909,C1059,2025-02-13,79.16
O005910,C1059,2025-07-07,47.49
O005911,C1059,2025-12-09,36.95
O005912,C1060,2025-07-16,67.94
O005913,C1060,2025-07-28,103.5
O005914,C1060,2025-11-23,25.65
O005915,C1061,2024-01-12,41.93
O005916,C1061,2024-08-02,19.33
O005917,C1061,2024-10-24,21.83
O005918,C1061,2025-06-23,69.9
O005919,C1061,2025-07-19,7.22
O005920,C1061,2025-09-01,10.74
O005921,C1061,2025-12-25,107.93
O005922,C1062,2025-02-07,294.26
O005923,C1062,2025-02-15,556.57
O005924,C1062,2025-04-27,258.48
O005925,C1062,2025-05-13,401.28
O005926,C1062,2025-05-31,191.62
O005927,C1062,2025-07-21,23.87
O005928,C1062,2025-08-03,303.43
O005929,C1062,2025-10-24,263.07
O005930,C1062,2025-11-25,126.42
O005931,C1062,2025-12-17,163.52
O005932,C1063,2024-11-01,274.07
O005933,C1063,2025-02-10,120.94
O005934,C1063,2025-03-19,79.69
O005935,C1063,2025-04-05,181.4
O005936,C1063,2025-05-26,60.89
O005937,C1063,2025-07-08,27.92
O005938,C1063,2025-08-10,54.89
O005939,C1063,2025-08-31,282.15
O005940,C1063,2025-10-18,135.84
O005941,C1063,2025-11-23,71.53
O005942,C1064,2025-03-10,243.89
O005943,C1064,2025-05-05,69.52
O005944,C1064,2025-06-22,287.42
O005945,C1064,2025-09-06,254.44
O005946,C1064,2025-11-23,207.79
O005947,C1064,2025-11-29,188.78
O005948,C1065,2025-10-08,182.48
O005949,C1065,2025-12-19,133.58
O005950,C1066,2025-07-07,83.49
O005951,C1066,2025-08-08,62.19
O005952,C1066,2025-11-20,421.59
O005953,C1066,2025-12-30,181.51
O005954,C1067,2025-03-10,20.44
O005955,C1067,2025-07-06,76.69
O005956,C1067,2025-08-05,31.21
O005957,C1067,2025-09-25,76.56
O005958,C1067,2025-11-14,207.44
O005959,C1068,2025-07-03,77.55
O005960,C1068,2025-08-05,180.31
O005961,C1068,2025-12-18,85.96
O005962,C1069,2025-06-30,70.98
O005963,C1069,2025-09-04,12.66
O005964,C1070,2025-05-17,41.22
O005965,C1070,2025-05-24,125.46
O005966,C1070,2025-07-23,221.62
O005967,C1070,2025-08-22,35.71
O005968,C1070,2025-11-06,18.8
O005969,C1070,2025-12-15,554.15
O005970,C1071,2024-06-01,166.32
O005971,C1071,2024-07-24,208.92
O005972,C1071,2024-08-06,44.34
O005973,C1071,2024-08-12,206.68
O005974,C1071,2024-09-08,159.53
O005975,C1071,2024-11-13,72.55
O005976,C1071,2024-11-19,103.52
O005977,C1071,2025-03-29,241.72
O005978,C1071,2025-04-24,123.59
O005979,C1071,2025-06-11,190.94
O005980,C1071,2025-07-19,51.74
O005981,C1071,2025-07-25,114.95
O005982,C1071,2025-10-14,156.08
O005983,C1071,2025-10-28,299.87
O005984,C1071,2025-11-06,83.28
O005985,C1071,2025-12-26,138.37
O005986,C1072,2025-02-26,55.36
O005987,C1072,2025-03-13,120.45
O005988,C1073,2024-12-13,45.01
O005989,C1073,2025-01-05,295.8
O005990,C1073,2025-02-18,36.97
O005991,C1074,2025-02-07,189.66
O005992,C1074,2025-03-21,53.64
O005993,C1074,2025-04-23,192.68
O005994,C1074,2025-07-16,98.4
O005995,C1074,2025-08-08,116.01
O005996,C1074,2025-11-04,74.6
O005997,C1075,2024-06-14,31.2
O005998,C1075,2024-08-09,34.83
O005999,C1076,2025-08-16,22.48
O006000,C1076,2025-09-15,171.27
O006001,C1076,2025-12-15,109.24
O006002,C1077,2024-11-19,33.38
O006003,C1077,2025-02-19,28.77
O006004,C1077,2025-04-12,31.39
O006005,C1077,2025-12-05,37.54
O006006,C1078,2024-03-01,126.42
O006007,C1078,2024-06-26,49.1
O006008,C1078,2024-11-02,30.72
O006009,C1078,2024-12-09,7.92
O006010,C1078,2025-06-11,18.39
O006011,C1079,2024-07-01,76.86
O006012,C1079,2024-12-18,54.49
O006013,C1079,2025-01-24,70.84
O006014,C1079,2025-02-24,168.8
O006015,C1079,2025-03-29,101.59
O006016,C1079,2025-05-03,44.45
O006017,C1079,2025-06-21,37.54
O006018,C1079,2025-07-21,13.54
O006019,C1079,2025-09-18,46.71
O006020,C1079,2025-11-01,27.32
O006021,C1079,2025-11-26,161.01
O006022,C1079,2025-12-30,50.83
O006023,C1080,2024-10-26,104.5
O006024,C1080,2024-11-14,296.96
O006025,C1081,2024-04-29,47.19
O006026,C1082,2024-07-11,103.54
O006027,C1082,2024-08-13,209.91
O006028,C1082,2024-09-10,48.23
O006029,C1082,2024-12-10,47.56
O006030,C1083,2025-12-09,82.93
O006031,C1084,2024-06-18,81.21
O006032,C1084,2024-08-03,37.94
O006033,C1084,2024-10-10,378.76
O006034,C1084,2024-11-14,160.76
O006035,C1084,2025-01-17,98.66
O006036,C1084,2025-02-02,71.71
O006037,C1084,2025-03-12,59.32
O006038,C1084,2025-05-10,147.22
O006039,C1084,2025-07-04,146.89
O006040,C1084,2025-07-18,78.67
O006041,C1084,2025-10-12,15.07
O006042,C1084,2025-12-19,111.71
O006043,C1085,2025-05-18,120.2
O006044,C1085,2025-06-14,24.63
O006045,C1085,2025-06-26,37.8
O006046,C1085,2025-08-09,76.74
O006047,C1085,2025-08-16,22.1
O006048,C1085,2025-09-29,44.58
O006049,C1085,2025-10-14,146.26
O006050,C1085,2025-11-08,31.11
O006051,C1085,2025-11-26,52.11
O006052,C1085,2025-12-04,92.62
O006053,C1085,2025-12-25,127.28
O006054,C1086,2025-05-29,480.71
O006055,C1086,2025-10-02,70.54
O006056,C1086,2025-11-03,159.07
O006057,C1087,2025-01-12,62.23
O006058,C1087,2025-02-10,36.74
O006059,C1087,2025-02-16,168.54
O006060,C1087,2025-10-03,78.65
O006061,C1088,2025-07-04,39.81
O006062,C1088,2025-09-21,71.31
O006063,C1088,2025-12-06,133.2
O006064,C1089,2024-05-03,30.91
O006065,C1089,2024-05-24,97.89
O006066,C1089,2024-06-24,149.86
O006067,C1089,2024-08-04,71.19
O006068,C1089,2024-09-13,91.41
O006069,C1089,2024-10-13,19.06
O006070,C1089,2024-11-14,106.84
O006071,C1089,2025-03-07,168.83
O006072,C1089,2025-04-25,267.72
O006073,C1089,2025-06-19,164.35
O006074,C1089,2025-08-12,39.62
O006075,C1089,2025-08-30,71.21
O006076,C1089,2025-10-25,79.47
O006077,C1089,2025-12-13,19.24
O006078,C1089,2025-12-25,49.81
O006079,C1091,2024-02-05,44.53
O006080,C1091,2024-04-18,14.58
O006081,C1091,2024-05-10,27.86
O006082,C1091,2024-10-27,56.46
O006083,C1091,2025-01-02,110.27
O006084,C1092,2024-10-10,69.47
O006085,C1092,2024-11-24,24.1
O006086,C1092,2025-02-05,51.8
O006087,C1092,2025-03-26,35.36
O006088,C1092,2025-05-31,31.72
O006089,C1092,2025-07-11,118.12
O006090,C1092,2025-08-15,20.65
O006091,C1092,2025-10-20,10.84
O006092,C1093,2024-11-25,128.88
O006093,C1093,2024-12-03,80.76
O006094,C1093,2025-02-15,13.71
O006095,C1093,2025-06-14,204.37
O006096,C1093,2025-07-12,90.11
O006097,C1093,2025-09-12,6.27
O006098,C1093,2025-10-17,100.75
O006099,C1094,2025-04-30,19.03
O006100,C1095,2025-08-04,41.99
O006101,C1096,2024-07-22,40.0
O006102,C1097,2024-10-02,106.06
O006103,C1097,2024-12-01,21.81
O006104,C1097,2025-02-07,74.53
O006105,C1097,2025-03-03,99.14
O006106,C1097,2025-06-06,50.78
O006107,C1097,2025-06-16,25.08
O006108,C1097,2025-07-09,102.98
O006109,C1097,2025-11-05,60.23
O006110,C1098,2024-12-16,56.38
O006111,C1098,2025-03-16,34.42
O006112,C1099,2025-06-26,263.0
O006113,C1099,2025-09-20,184.6
O006114,C1100,2025-09-23,20.58
O006115,C1100,2025-11-27,32.46
O006116,C1101,2024-03-27,60.36
O006117,C1101,2024-05-03,15.31
O006118,C1101,2024-06-29,164.95
O006119,C1101,2024-07-18,23.9
O006120,C1101,2024-10-06,149.4
O006121,C1101,2024-11-05,143.24
O006122,C1101,2025-02-04,95.76
O006123,C1102,2025-05-23,59.65
O006124,C1102,2025-06-10,222.78
O006125,C1102,2025-07-08,111.15
O006126,C1102,2025-08-21,19.08
O006127,C1102,2025-09-07,87.19
O006128,C1102,2025-11-03,244.85
O006129,C1102,2025-11-13,202.0
O006130,C1103,2024-10-20,142.83
O006131,C1103,2024-11-15,91.09
O006132,C1103,2025-01-16,115.52
O006133,C1103,2025-05-11,32.38
O006134,C1103,2025-07-05,70.92
O006135,C1103,2025-08-30,68.13
O006136,C1103,2025-11-01,67.57
O006137,C1104,2024-04-25,105.82
O006138,C1104,2024-12-07,62.9
O006139,C1104,2025-05-31,70.2
O006140,C1104,2025-08-30,47.3
O006141,C1105,2024-04-21,94.79
O006142,C1105,2024-09-26,48.12
O006143,C1106,2024-04-26,128.25
O006144,C1106,2024-07-12,137.18
O006145,C1106,2024-11-03,175.38
O006146,C1106,2024-12-07,83.85
O006147,C1106,2024-12-15,118.06
O006148,C1106,2025-01-28,71.99
O006149,C1106,2025-02-21,77.32
O006150,C1106,2025-06-11,216.28
O006151,C1106,2025-09-16,125.47
O006152,C1106,2025-12-13,63.17
O006153,C1107,2025-10-18,75.05
O006154,C1107,2025-11-04,24.26
O006155,C1108,2025-06-23,71.54
O006156,C1108,2025-07-17,32.64
O006157,C1108,2025-12-07,172.72
O006158,C1109,2024-10-10,41.02
O006159,C1109,2025-02-20,38.76
O006160,C1109,2025-03-30,26.63
O006161,C1109,2025-10-02,75.27
O006162,C1110,2024-03-16,11.37
O006163,C1111,2025-05-15,207.2
O006164,C1111,2025-06-18,194.98
O006165,C1111,2025-07-14,169.77
O006166,C1111,2025-08-12,252.01
O006167,C1111,2025-09-05,121.82
O006168,C1111,2025-09-25,29.85
O006169,C1111,2025-10-23,11.39
O006170,C1111,2025-11-27,43.23
O006171,C1112,2024-12-31,62.01
O006172,C1112,2025-04-28,28.08
O006173,C1112,2025-06-21,82.64
O006174,C1112,2025-08-19,15.38
O006175,C1112,2025-09-30,55.91
O006176,C1113,2024-11-15,65.78
O006177,C1113,2025-01-24,145.96
O006178,C1113,2025-03-03,57.13
O006179,C1113,2025-04-28,93.27
O006180,C1113,2025-09-07,218.05
O006181,C1113,2025-09-14,91.23
O006182,C1113,2025-10-20,390.72
O006183,C1113,2025-11-29,64.41
O006184,C1113,2025-12-26,149.78
O006185,C1114,2024-02-11,51.83
O006186,C1114,2024-04-01,66.3
O006187,C1114,2024-07-05,183.37
O006188,C1114,2025-03-03,46.24
O006189,C1115,2025-06-22,77.06
O006190,C1115,2025-07-08,118.19
O006191,C1116,2025-07-11,31.9
O006192,C1116,2025-08-12,10.94
O006193,C1116,2025-10-01,115.09
O006194,C1116,2025-10-21,27.22
O006195,C1117,2024-12-14,73.19
O006196,C1117,2025-02-28,32.47
O006197,C1117,2025-05-22,39.02
O006198,C1117,2025-07-06,50.2
O006199,C1117,2025-10-16,149.25
O006200,C1118,2025-10-08,91.14
O006201,C1119,2024-11-24,13.76
O006202,C1119,2025-05-31,49.92
O006203,C1119,2025-07-15,12.4
O006204,C1119,2025-09-18,121.23
O006205,C1119,2025-10-31,9.36
O006206,C1120,2024-11-13,128.79
O006207,C1120,2024-12-18,71.3
O006208,C1120,2025-01-27,106.16
O006209,C1120,2025-02-27,224.18
O006210,C1120,2025-03-15,177.64
O006211,C1120,2025-03-24,125.84
O006212,C1120,2025-04-18,54.94
O006213,C1120,2025-04-24,139.7
O006214,C1120,2025-05-01,102.14
O006215,C1120,2025-05-27,43.01
O006216,C1120,2025-06-07,124.05
O006217,C1120,2025-07-23,46.48
O006218,C1120,2025-09-01,40.77
O006219,C1120,2025-10-04,137.37
O006220,C1120,2025-11-06,127.69
O006221,C1120,2025-11-28,159.54
O006222,C1121,2024-08-13,115.86
O006223,C1121,2024-12-04,23.91
O006224,C1121,2025-01-19,35.74
O006225,C1121,2025-02-28,227.61
O006226,C1121,2025-04-18,34.14
O006227,C1122,2024-11-10,279.18
O006228,C1122,2025-01-30,53.23
O006229,C1122,2025-05-20,69.61
O006230,C1123,2024-07-31,90.34
O006231,C1123,2024-08-23,120.89
O006232,C1123,2024-09-04,32.53
O006233,C1123,2024-10-15,221.04
O006234,C1124,2024-09-17,34.15
O006235,C1124,2024-12-20,36.06
O006236,C1124,2025-07-21,117.75
O006237,C1125,2025-02-18,28.59
O006238,C1125,2025-04-22,11.4
O006239,C1125,2025-11-16,24.94
O006240,C1127,2024-03-28,243.3
O006241,C1127,2024-07-02,113.8
O006242,C1127,2024-09-13,62.22
O006243,C1127,2024-11-22,74.93
O006244,C1127,2025-04-27,39.55
O006245,C1127,2025-09-11,194.67
O006246,C1128,2025-07-11,93.71
O006247,C1128,2025-08-24,99.67
O006248,C1128,2025-10-13,21.99
O006249,C1128,2025-12-17,22.5
O006250,C1129,2024-03-05,48.7
O006251,C1129,2024-11-30,99.53
O006252,C1129,2025-06-05,19.81
O006253,C1129,2025-10-08,20.26
O006254,C1129,2025-11-24,19.39
O006255,C1129,2025-12-16,86.21
O006256,C1130,2024-06-07,243.37
O006257,C1130,2024-07-02,20.17
O006258,C1130,2024-09-30,71.47
O006259,C1130,2024-10-25,76.4
O006260,C1130,2025-01-06,362.71
O006261,C1130,2025-03-06,30.25
O006262,C1130,2025-04-18,82.74
O006263,C1130,2025-05-06,158.08
O006264,C1130,2025-08-09,101.92
O006265,C1130,2025-11-20,125.54
O006266,C1131,2025-08-24,109.1
O006267,C1131,2025-11-03,217.56
O006268,C1131,2025-12-20,74.69
O006269,C1131,2025-12-31,108.17
O006270,C1132,2024-07-11,233.38
O006271,C1132,2024-09-26,303.58
O006272,C1132,2024-12-26,93.39
O006273,C1132,2025-02-03,273.06
O006274,C1132,2025-03-16,232.59
O006275,C1132,2025-05-17,82.52
O006276,C1132,2025-05-27,208.69
O006277,C1132,2025-08-03,265.72
O006278,C1133,2024-07-18,9.23
O006279,C1133,2024-11-01,43.05
O006280,C1133,2025-09-08,86.25
O006281,C1133,2025-10-02,21.33
O006282,C1134,2024-07-08,224.57
O006283,C1134,2024-10-23,173.97
O006284,C1134,2024-12-14,53.8
O006285,C1134,2024-12-28,51.66
O006286,C1134,2025-01-07,241.48
O006287,C1135,2024-09-24,98.81
O006288,C1135,2024-11-21,185.01
O006289,C1135,2025-08-25,92.1
O006290,C1135,2025-12-20,100.31
O006291,C1137,2025-04-04,25.19
O006292,C1138,2024-08-14,125.33
O006293,C1138,2024-11-20,16.13
O006294,C1138,2024-12-20,37.09
O006295,C1138,2025-04-27,145.24
O006296,C1138,2025-06-07,43.27
O006297,C1138,2025-08-15,95.37
O006298,C1138,2025-10-22,21.36
O006299,C1138,2025-12-11,76.49
O006300,C1139,2024-06-02,60.34
O006301,C1139,2024-07-20,37.21
O006302,C1139,2024-08-02,70.27
O006303,C1139,2024-09-20,127.38
O006304,C1139,2024-10-11,122.54
O006305,C1140,2025-01-17,15.88
O006306,C1140,2025-02-09,58.59
O006307,C1140,2025-07-08,152.36
O006308,C1140,2025-07-29,115.37
O006309,C1140,2025-09-09,35.62
O006310,C1140,2025-11-13,237.9
O006311,C1140,2025-11-20,69.91
O006312,C1140,2025-12-09,54.77
O006313,C1141,2024-02-06,78.67
O006314,C1141,2024-03-07,65.42
O006315,C1141,2024-05-13,254.19
O006316,C1141,2024-07-20,303.42
O006317,C1141,2024-08-16,11.96
O006318,C1141,2024-09-07,31.15
O006319,C1141,2024-09-18,126.96
O006320,C1141,2024-11-15,52.22
O006321,C1141,2024-12-14,122.69
O006322,C1141,2025-02-08,92.24
O006323,C1141,2025-03-28,56.68
O006324,C1141,2025-05-22,284.92
O006325,C1141,2025-06-07,52.11
O006326,C1141,2025-10-25,192.12
O006327,C1141,2025-11-18,41.78
O006328,C1141,2025-12-02,191.08
O006329,C1142,2024-09-23,83.39
O006330,C1142,2025-04-05,123.62
O006331,C1142,2025-10-11,38.56
O006332,C1143,2024-05-12,61.93
O006333,C1143,2024-07-31,39.36
O006334,C1144,2025-09-29,379.25
O006335,C1144,2025-11-03,75.88
O006336,C1144,2025-12-07,169.43
O006337,C1145,2024-02-27,25.51
O006338,C1145,2024-06-17,164.54
O006339,C1145,2024-07-09,333.28
O006340,C1145,2025-01-07,265.6
O006341,C1145,2025-01-28,63.19
O006342,C1145,2025-03-26,61.3
O006343,C1145,2025-05-15,135.28
O006344,C1145,2025-07-02,76.46
O006345,C1145,2025-09-06,114.38
O006346,C1145,2025-09-26,131.01
O006347,C1145,2025-12-19,164.83
O006348,C1146,2025-04-06,185.65
O006349,C1147,2025-07-25,39.45
O006350,C1147,2025-10-26,64.59
O006351,C1147,2025-11-24,137.12
O006352,C1148,2024-10-11,55.51
O006353,C1148,2024-10-21,44.07
O006354,C1148,2025-01-06,14.76
O006355,C1148,2025-06-01,53.41
O006356,C1148,2025-06-22,55.65
O006357,C1148,2025-08-31,27.29
O006358,C1149,2024-11-13,18.08
O006359,C1149,2025-04-24,69.44
O006360,C1149,2025-12-12,93.32
O006361,C1150,2024-09-29,42.38
O006362,C1150,2024-11-25,95.59
O006363,C1150,2025-01-31,26.79
O006364,C1151,2024-10-23,142.74
O006365,C1151,2024-12-22,48.19
O006366,C1151,2025-02-26,174.03
O006367,C1151,2025-05-31,160.76
O006368,C1151,2025-09-23,38.96
O006369,C1152,2025-08-02,65.31
O006370,C1152,2025-10-09,14.96
O006371,C1152,2025-10-31,198.95
O006372,C1152,2025-12-21,41.91
O006373,C1155,2024-05-06,13.04
O006374,C1155,2024-05-31,131.27
O006375,C1155,2024-08-04,22.22
O006376,C1155,2024-10-14,116.55
O006377,C1155,2024-10-31,228.88
O006378,C1155,2024-12-30,86.62
O006379,C1155,2025-02-11,158.34
O006380,C1155,2025-04-22,65.19
O006381,C1155,2025-07-22,164.5
O006382,C1155,2025-08-06,47.02
O006383,C1155,2025-11-17,61.8
O006384,C1156,2024-06-02,47.76
O006385,C1156,2024-06-21,312.08
O006386,C1156,2024-08-14,137.17
O006387,C1156,2024-09-10,209.04
O006388,C1156,2024-11-08,74.37
O006389,C1156,2025-01-20,182.17
O006390,C1156,2025-02-15,400.56
O006391,C1156,2025-04-15,74.94
O006392,C1156,2025-05-14,191.66
O006393,C1156,2025-06-01,54.78
O006394,C1156,2025-07-09,225.76
O006395,C1156,2025-07-24,107.24
O006396,C1156,2025-08-24,290.9
O006397,C1156,2025-09-22,86.01
O006398,C1157,2024-09-22,73.46
O006399,C1157,2025-03-06,32.81
O006400,C1157,2025-04-20,51.14
O006401,C1157,2025-06-07,33.38
O006402,C1157,2025-07-16,31.89
O006403,C1158,2025-04-13,184.02
O006404,C1158,2025-08-12,36.53
O006405,C1158,2025-12-14,81.06
O006406,C1159,2025-06-25,244.4
O006407,C1159,2025-08-23,112.03
O006408,C1159,2025-09-23,130.73
O006409,C1159,2025-11-19,159.46
O006410,C1160,2024-08-17,22.27
O006411,C1160,2024-11-16,60.12
O006412,C1161,2024-08-16,41.72
O006413,C1161,2024-08-22,44.4
O006414,C1161,2024-09-08,130.75
O006415,C1161,2024-10-25,8.82
O006416,C1161,2024-12-08,210.99
O006417,C1161,2025-02-22,27.7
O006418,C1161,2025-04-02,34.84
O006419,C1161,2025-05-05,18.07
O006420,C1161,2025-08-05,75.6
O006421,C1161,2025-09-02,21.84
O006422,C1161,2025-09-17,81.82
O006423,C1161,2025-10-12,203.5
O006424,C1162,2024-06-12,25.18
O006425,C1162,2024-07-03,133.18
O006426,C1163,2024-11-19,171.62
O006427,C1164,2024-05-12,69.51
O006428,C1164,2024-05-18,102.0
O006429,C1164,2024-06-28,151.87
O006430,C1164,2024-09-27,191.42
O006431,C1164,2024-10-24,131.02
O006432,C1164,2024-11-02,88.23
O006433,C1164,2024-12-05,93.51
O006434,C1164,2025-01-11,220.4
O006435,C1164,2025-01-20,143.17
O006436,C1164,2025-01-30,245.87
O006437,C1164,2025-04-04,82.63
O006438,C1164,2025-04-20,120.18
O006439,C1164,2025-05-16,181.97
O006440,C1164,2025-06-20,333.09
O006441,C1164,2025-07-11,276.65
O006442,C1164,2025-07-29,40.25
O006443,C1164,2025-09-12,238.36
O006444,C1164,2025-09-29,148.45
O006445,C1164,2025-10-05,171.65
O006446,C1164,2025-10-25,345.68
O006447,C1164,2025-10-31,125.71
O006448,C1164,2025-12-03,783.18
O006449,C1165,2025-04-01,27.06
O006450,C1165,2025-08-29,14.38
O006451,C1165,2025-09-26,101.68
O006452,C1165,2025-10-30,29.46
O006453,C1167,2024-05-16,59.47
O006454,C1167,2024-06-09,56.1
O006455,C1167,2024-07-14,68.77
O006456,C1167,2024-09-30,39.22
O006457,C1167,2024-12-19,126.39
O006458,C1167,2025-01-11,109.34
O006459,C1167,2025-04-07,62.06
O006460,C1169,2025-05-07,20.91
O006461,C1169,2025-05-13,72.13
O006462,C1169,2025-09-04,25.73
O006463,C1169,2025-10-14,63.79
O006464,C1169,2025-11-08,6.58
O006465,C1170,2024-06-27,28.44
O006466,C1171,2024-03-20,158.62
O006467,C1171,2024-06-11,66.66
O006468,C1171,2024-08-23,34.44
O006469,C1171,2024-10-12,160.11
O006470,C1171,2024-12-19,41.15
O006471,C1171,2025-02-18,31.43
O006472,C1171,2025-05-14,208.52
O006473,C1171,2025-08-02,21.81
O006474,C1171,2025-10-01,68.01
O006475,C1171,2025-12-21,156.73
O006476,C1172,2024-06-02,24.43
O006477,C1172,2024-07-30,14.96
O006478,C1172,2024-10-21,27.5
O006479,C1172,2024-11-22,24.8
O006480,C1173,2024-07-26,44.78
O006481,C1173,2024-09-03,120.44
O006482,C1173,2024-11-29,142.21
O006483,C1173,2025-01-21,40.17
O006484,C1173,2025-04-16,19.85
O006485,C1173,2025-05-06,62.92
O006486,C1173,2025-07-04,62.82
O006487,C1173,2025-08-16,260.85
O006488,C1173,2025-09-07,48.65
O006489,C1173,2025-10-19,23.81
O006490,C1174,2024-09-11,64.99
O006491,C1174,2024-11-12,12.53
O006492,C1174,2024-11-29,43.3
O006493,C1174,2025-03-27,18.39
O006494,C1174,2025-07-10,39.64
O006495,C1174,2025-10-14,33.98
O006496,C1174,2025-11-09,31.84
O006497,C1175,2025-04-08,68.87
O006498,C1175,2025-07-01,85.02
O006499,C1175,2025-11-15,87.27
O006500,C1176,2025-06-17,74.14
O006501,C1176,2025-07-17,70.46
O006502,C1176,2025-09-14,176.97
O006503,C1176,2025-11-08,158.67
O006504,C1176,2025-12-30,17.82
O006505,C1178,2025-04-20,264.0
O006506,C1178,2025-05-29,231.39
O006507,C1178,2025-06-04,102.8
O006508,C1178,2025-07-03,329.78
O006509,C1178,2025-08-23,145.77
O006510,C1178,2025-11-13,80.39
O006511,C1179,2024-03-25,33.88
O006512,C1179,2024-04-04,54.36
O006513,C1179,2024-05-06,74.05
O006514,C1179,2024-07-06,102.23
O006515,C1179,2024-09-10,66.13
O006516,C1179,2024-10-30,50.39
O006517,C1179,2024-12-22,53.19
O006518,C1179,2025-02-19,92.75
O006519,C1179,2025-03-02,63.76
O006520,C1179,2025-03-23,101.13
O006521,C1179,2025-05-21,26.92
O006522,C1179,2025-07-06,148.2
O006523,C1179,2025-07-15,44.73
O006524,C1180,2024-04-05,126.1
O006525,C1180,2024-05-18,25.18
O006526,C1180,2024-06-12,121.19
O006527,C1180,2024-07-27,60.58
O006528,C1180,2024-08-21,23.08
O006529,C1180,2024-09-25,128.1
O006530,C1181,2025-09-02,7.11
O006531,C1181,2025-10-29,162.34
O006532,C1182,2024-12-04,70.02
O006533,C1183,2024-05-12,42.5
O006534,C1183,2024-07-06,77.77
O006535,C1183,2024-09-04,21.58
O006536,C1183,2024-10-15,92.73
O006537,C1184,2025-03-27,207.76
O006538,C1184,2025-06-09,140.38
O006539,C1184,2025-08-21,6.89
O006540,C1184,2025-10-12,332.13
O006541,C1184,2025-11-24,167.52
O006542,C1184,2025-12-25,63.58
O006543,C1185,2024-04-27,149.31
O006544,C1185,2024-06-08,65.71
O006545,C1185,2024-07-05,179.15
O006546,C1186,2025-10-12,88.18
O006547,C1187,2025-07-08,37.08
O006548,C1187,2025-08-14,60.1
O006549,C1187,2025-10-30,244.48
O006550,C1188,2024-10-16,17.9
O006551,C1188,2024-11-23,78.63
O006552,C1188,2025-03-23,45.21
O006553,C1188,2025-12-25,85.3
O006554,C1190,2025-10-12,12.4
O006555,C1191,2025-05-15,60.6
O006556,C1191,2025-07-27,55.04
O006557,C1191,2025-11-03,35.38
O006558,C1192,2025-09-23,32.56
O006559,C1193,2025-07-25,13.45
O006560,C1193,2025-10-16,14.9
O006561,C1193,2025-12-13,7.77
O006562,C1194,2024-05-13,15.81
O006563,C1194,2024-06-21,33.34
O006564,C1195,2024-07-25,42.73
O006565,C1195,2024-11-17,49.0
O006566,C1196,2024-02-09,343.64
O006567,C1196,2024-02-24,137.12
O006568,C1196,2024-04-01,112.92
O006569,C1196,2024-04-07,136.86
O006570,C1196,2024-04-24,155.91
O006571,C1196,2024-05-21,256.97
O006572,C1196,2024-06-11,342.73
O006573,C1196,2024-06-17,106.41
O006574,C1196,2024-06-30,115.11
O006575,C1196,2024-08-25,56.96
O006576,C1196,2024-11-03,86.84
O006577,C1196,2024-12-10,111.39
O006578,C1196,2024-12-26,133.99
O006579,C1196,2025-02-01,228.28
O006580,C1196,2025-03-12,65.03
O006581,C1196,2025-04-22,69.77
O006582,C1196,2025-05-28,259.68
O006583,C1196,2025-07-04,55.96
O006584,C1196,2025-08-17,180.23
O006585,C1196,2025-09-21,137.84
O006586,C1196,2025-09-29,42.57
O006587,C1196,2025-10-15,58.2
O006588,C1196,2025-10-25,27.09
O006589,C1196,2025-11-14,121.66
O006590,C1196,2025-11-20,154.0
O006591,C1196,2025-12-09,151.16
O006592,C1197,2025-01-28,71.52
O006593,C1197,2025-03-23,113.71
O006594,C1197,2025-04-07,41.76
O006595,C1197,2025-05-23,199.3
O006596,C1197,2025-06-20,37.59
O006597,C1197,2025-06-30,265.61
O006598,C1197,2025-08-09,130.87
O006599,C1197,2025-09-04,90.79
O006600,C1197,2025-10-29,162.04
O006601,C1197,2025-12-10,290.95
O006602,C1197,2025-12-24,368.89
O006603,C1197,2025-12-30,74.29
O006604,C1198,2024-09-05,30.64
O006605,C1198,2024-12-23,12.58
O006606,C1198,2025-02-10,53.76
O006607,C1199,2025-04-09,91.87
O006608,C1199,2025-07-11,91.69
O006609,C1199,2025-08-21,313.19
O006610,C1199,2025-10-25,88.69
O006611,C1200,2024-03-02,64.72
O006612,C1200,2024-05-20,42.46
O006613,C1200,2024-10-14,64.58
O006614,C1200,2024-12-11,43.13
O006615,C1200,2025-02-13,127.53
O006616,C1200,2025-04-26,28.87
O006617,C1200,2025-06-19,97.82
O006618,C1200,2025-07-28,150.01
O006619,C1201,2024-07-14,12.43
O006620,C1201,2024-09-26,30.12
O006621,C1201,2025-04-17,76.64
O006622,C1201,2025-06-03,51.92
O006623,C1201,2025-09-05,121.27
O006624,C1202,2024-09-10,115.02
O006625,C1202,2024-11-15,35.02
O006626,C1202,2025-02-14,97.44
O006627,C1202,2025-08-11,105.58
O006628,C1202,2025-11-15,24.89
O006629,C1202,2025-11-29,133.56
O006630,C1203,2024-02-24,321.56
O006631,C1203,2024-04-20,129.62
O006632,C1203,2024-05-10,23.93
O006633,C1203,2024-06-02,74.03
O006634,C1203,2024-06-17,29.1
O006635,C1203,2024-08-29,145.46
O006636,C1204,2025-04-04,106.11
O006637,C1204,2025-04-10,65.7
O006638,C1204,2025-05-08,37.52
O006639,C1204,2025-07-11,70.95
O006640,C1204,2025-07-20,13.82
O006641,C1204,2025-07-27,22.83
O006642,C1204,2025-09-03,130.89
O006643,C1204,2025-09-21,76.22
O006644,C1204,2025-10-04,202.04
O006645,C1204,2025-10-10,48.07
O006646,C1204,2025-10-31,76.97
O006647,C1204,2025-11-09,84.54
O006648,C1204,2025-12-24,129.11
O006649,C1205,2024-11-23,18.34
O006650,C1207,2025-03-19,126.93
O006651,C1208,2025-07-01,67.78
O006652,C1208,2025-07-21,172.16
O006653,C1208,2025-07-27,41.43
O006654,C1208,2025-08-27,94.69
O006655,C1210,2025-06-21,142.6
O006656,C1210,2025-07-19,113.64
O006657,C1210,2025-10-23,64.76
O006658,C1210,2025-12-12,123.65
O006659,C1211,2025-04-28,159.44
O006660,C1211,2025-07-02,48.4
O006661,C1211,2025-09-04,43.28
O006662,C1211,2025-10-10,37.93
O006663,C1211,2025-12-10,15.46
O006664,C1212,2025-01-15,14.37
O006665,C1212,2025-04-13,135.88
O006666,C1213,2025-04-05,217.21
O006667,C1213,2025-05-19,137.07
O006668,C1213,2025-06-05,276.15
O006669,C1213,2025-08-01,156.62
O006670,C1214,2024-11-18,13.83
O006671,C1214,2024-12-18,108.47
O006672,C1214,2025-04-22,32.1
O006673,C1214,2025-10-28,129.21
O006674,C1215,2025-07-04,138.28
O006675,C1215,2025-07-12,32.27
O006676,C1215,2025-11-29,59.61
O006677,C1216,2024-04-03,118.06
O006678,C1216,2024-06-04,42.15
O006679,C1216,2024-07-14,73.73
O006680,C1216,2024-10-25,117.11
O006681,C1216,2025-02-06,22.53
O006682,C1217,2024-03-23,97.9
O006683,C1217,2024-05-29,131.68
O006684,C1217,2024-08-25,91.45
O006685,C1217,2024-08-31,65.96
O006686,C1217,2024-10-29,66.44
O006687,C1217,2024-11-17,246.4
O006688,C1217,2025-05-07,33.3
O006689,C1218,2025-03-24,44.31
O006690,C1218,2025-04-27,198.16
O006691,C1218,2025-05-14,185.8
O006692,C1218,2025-07-16,117.03
O006693,C1218,2025-08-08,115.69
O006694,C1218,2025-08-28,177.68
O006695,C1219,2024-11-17,40.36
O006696,C1219,2024-12-11,76.95
O006697,C1219,2025-01-19,372.7
O006698,C1219,2025-03-19,149.26
O006699,C1219,2025-04-23,89.31
O006700,C1219,2025-11-29,287.82
O006701,C1219,2025-12-25,149.66
O006702,C1220,2024-05-04,75.82
O006703,C1220,2024-06-20,91.98
O006704,C1220,2024-08-31,7.88
O006705,C1220,2024-11-14,22.19
O006706,C1220,2024-11-20,48.28
O006707,C1220,2024-12-10,87.02
O006708,C1220,2025-01-03,49.07
O006709,C1220,2025-01-30,15.48
O006710,C1220,2025-02-18,143.47
O006711,C1220,2025-04-16,249.48
O006712,C1220,2025-05-04,26.32
O006713,C1220,2025-05-27,98.47
O006714,C1220,2025-09-09,89.51
O006715,C1220,2025-10-14,125.77
O006716,C1220,2025-12-20,214.28
O006717,C1221,2024-03-12,181.49
O006718,C1221,2024-03-25,141.92
O006719,C1221,2024-04-04,416.31
O006720,C1221,2024-05-02,353.4
O006721,C1221,2024-05-15,143.13
O006722,C1221,2024-06-26,416.88
O006723,C1221,2024-08-24,101.12
O006724,C1221,2024-10-01,46.98
O006725,C1221,2024-11-27,212.83
O006726,C1221,2024-12-17,253.81
O006727,C1221,2024-12-28,324.11
O006728,C1221,2025-01-20,215.41
O006729,C1221,2025-01-26,698.11
O006730,C1221,2025-03-23,471.0
O006731,C1221,2025-04-19,254.84
O006732,C1221,2025-05-04,43.59
O006733,C1221,2025-05-10,574.42
O006734,C1221,2025-06-23,259.12
O006735,C1221,2025-07-17,123.89
O006736,C1221,2025-09-03,279.62
O006737,C1221,2025-09-18,85.69
O006738,C1221,2025-10-26,81.63
O006739,C1221,2025-11-15,69.42
O006740,C1221,2025-12-28,159.81
O006741,C1222,2025-06-18,63.95
O006742,C1222,2025-10-24,39.67
O006743,C1223,2024-05-31,106.31
O006744,C1225,2025-05-27,45.22
O006745,C1225,2025-07-26,28.53
O006746,C1225,2025-12-09,41.64
O006747,C1226,2024-12-16,93.33
O006748,C1226,2025-02-23,125.59
O006749,C1226,2025-05-05,65.83
O006750,C1226,2025-08-13,66.74
O006751,C1227,2025-06-29,183.67
O006752,C1227,2025-08-22,99.05
O006753,C1227,2025-09-14,37.84
O006754,C1227,2025-11-13,17.14
O006755,C1228,2024-08-11,132.3
O006756,C1229,2024-07-04,33.82
O006757,C1229,2024-08-17,25.1
O006758,C1229,2024-08-25,106.28
O006759,C1230,2025-11-17,77.3
O006760,C1231,2024-03-18,114.43
O006761,C1231,2024-07-01,142.72
O006762,C1231,2024-08-30,36.31
O006763,C1231,2024-10-03,92.34
O006764,C1231,2024-11-17,135.95
O006765,C1231,2025-01-25,181.11
O006766,C1232,2025-05-28,49.25
O006767,C1232,2025-07-22,56.32
O006768,C1232,2025-08-21,123.58
O006769,C1233,2025-03-14,95.54
O006770,C1234,2024-02-09,105.57
O006771,C1234,2024-05-30,53.91
O006772,C1234,2024-06-19,65.23
O006773,C1234,2024-08-26,26.5
O006774,C1234,2024-09-27,42.94
O006775,C1234,2024-12-24,61.32
O006776,C1234,2025-01-07,45.92
O006777,C1234,2025-06-01,34.26
O006778,C1234,2025-07-16,288.66
O006779,C1234,2025-08-01,37.82
O006780,C1234,2025-11-14,98.5
O006781,C1235,2024-05-08,73.74
O006782,C1235,2024-06-12,130.92
O006783,C1235,2024-08-10,53.48
O006784,C1235,2024-08-16,33.99
O006785,C1235,2025-02-03,66.82
O006786,C1235,2025-04-14,58.82
O006787,C1236,2025-09-20,239.8
O006788,C1236,2025-12-15,34.91
O006789,C1237,2025-02-19,55.01
O006790,C1237,2025-03-04,163.51
O006791,C1237,2025-05-04,273.75
O006792,C1237,2025-07-06,107.14
O006793,C1237,2025-08-19,254.51
O006794,C1237,2025-10-24,66.72
O006795,C1238,2024-07-07,92.54
O006796,C1238,2024-08-20,30.74
O006797,C1238,2024-10-30,13.49
O006798,C1238,2025-02-15,32.17
O006799,C1238,2025-06-10,189.91
O006800,C1239,2025-03-07,99.98
O006801,C1239,2025-04-05,252.22
O006802,C1239,2025-09-21,109.91
O006803,C1239,2025-11-28,73.14
O006804,C1240,2024-09-30,46.09
O006805,C1240,2024-10-26,67.85
O006806,C1240,2024-12-23,55.97
O006807,C1240,2025-04-19,55.57
O006808,C1240,2025-05-30,23.97
O006809,C1240,2025-06-29,57.47
O006810,C1240,2025-07-26,85.81
O006811,C1240,2025-10-03,225.38
O006812,C1241,2025-01-12,12.93
O006813,C1241,2025-02-10,16.83
O006814,C1242,2024-09-14,44.94
O006815,C1243,2024-09-11,194.51
O006816,C1243,2024-12-22,32.41
O006817,C1243,2025-01-24,47.38
O006818,C1243,2025-03-13,21.25
O006819,C1243,2025-03-23,13.9
O006820,C1243,2025-05-11,7.07
O006821,C1243,2025-06-21,81.27
O006822,C1243,2025-07-29,54.25
O006823,C1243,2025-11-13,97.19
O006824,C1244,2024-08-08,31.25
O006825,C1244,2024-09-30,181.08
O006826,C1244,2024-12-05,14.86
O006827,C1244,2025-01-10,66.78
O006828,C1245,2024-04-09,98.34
O006829,C1245,2024-04-24,123.35
O006830,C1245,2024-09-07,12.77
O006831,C1245,2024-12-12,113.81
O006832,C1245,2025-02-14,117.31
O006833,C1245,2025-03-28,39.44
O006834,C1245,2025-07-05,56.37
O006835,C1245,2025-08-06,98.72
O006836,C1245,2025-10-04,172.09
O006837,C1246,2024-04-16,33.68
O006838,C1246,2024-06-05,77.96
O006839,C1246,2024-07-07,100.31
O006840,C1246,2024-08-14,21.88
O006841,C1246,2024-09-01,96.01
O006842,C1246,2024-10-09,167.39
O006843,C1246,2024-11-04,115.43
O006844,C1246,2025-01-02,133.07
O006845,C1246,2025-03-11,167.33
O006846,C1246,2025-03-31,27.29
O006847,C1246,2025-05-22,194.56
O006848,C1246,2025-06-11,142.06
O006849,C1246,2025-06-18,130.85
O006850,C1246,2025-08-05,76.66
O006851,C1246,2025-08-12,30.82
O006852,C1246,2025-09-19,66.94
O006853,C1246,2025-11-15,282.35
O006854,C1246,2025-12-24,129.1
O006855,C1247,2024-04-13,47.28
O006856,C1247,2024-07-05,58.12
O006857,C1247,2025-02-20,92.56
O006858,C1247,2025-09-04,125.82
O006859,C1247,2025-09-22,78.84
O006860,C1247,2025-11-22,46.05
O006861,C1248,2025-10-24,76.3
O006862,C1249,2024-08-27,355.29
O006863,C1249,2024-09-15,325.37
O006864,C1249,2024-10-26,521.36
O006865,C1249,2024-12-02,169.51
O006866,C1249,2024-12-21,248.7
O006867,C1249,2025-01-19,450.64
O006868,C1249,2025-02-21,41.26
O006869,C1249,2025-04-04,433.88
O006870,C1249,2025-07-17,448.16
O006871,C1249,2025-08-06,620.41
O006872,C1249,2025-08-24,395.4
O006873,C1250,2024-08-12,53.26
O006874,C1250,2024-11-05,64.93
O006875,C1250,2025-02-05,50.43
O006876,C1250,2025-04-01,133.9
O006877,C1250,2025-04-09,202.57
O006878,C1250,2025-05-12,13.61
O006879,C1250,2025-07-03,142.59
O006880,C1250,2025-07-24,175.32
O006881,C1250,2025-11-08,185.91
O006882,C1251,2025-05-02,106.36
O006883,C1251,2025-07-11,155.66
O006884,C1251,2025-10-01,220.32
O006885,C1251,2025-10-25,68.81
O006886,C1253,2024-05-08,84.25
O006887,C1253,2024-08-20,178.3
O006888,C1253,2024-09-23,52.41
O006889,C1253,2024-12-22,37.08
O006890,C1253,2025-01-23,109.06
O006891,C1253,2025-02-03,163.74
O006892,C1253,2025-02-24,46.5
O006893,C1253,2025-04-06,115.59
O006894,C1253,2025-04-22,53.96
O006895,C1253,2025-05-05,20.45
O006896,C1253,2025-05-29,150.64
O006897,C1253,2025-06-10,75.94
O006898,C1253,2025-08-17,15.81
O006899,C1253,2025-10-24,71.93
O006900,C1253,2025-12-13,119.0
O006901,C1254,2024-07-15,25.38
O006902,C1254,2024-10-09,12.47
O006903,C1254,2025-01-26,123.53
O006904,C1254,2025-10-09,53.91
O006905,C1255,2024-08-23,35.45
O006906,C1256,2025-04-25,35.48
O006907,C1256,2025-08-10,40.96
O006908,C1256,2025-09-08,112.03
O006909,C1256,2025-09-26,14.68
O006910,C1256,2025-10-15,148.91
O006911,C1257,2025-01-07,14.65
O006912,C1257,2025-02-08,22.95
O006913,C1257,2025-04-09,97.08
O006914,C1257,2025-04-29,67.56
O006915,C1257,2025-06-21,128.48
O006916,C1257,2025-07-18,87.25
O006917,C1257,2025-08-11,155.83
O006918,C1257,2025-09-09,122.02
O006919,C1257,2025-10-12,89.83
O006920,C1258,2024-11-08,127.0
O006921,C1258,2024-12-27,31.02
O006922,C1258,2025-02-15,95.2
O006923,C1258,2025-03-23,64.83
O006924,C1258,2025-04-12,29.4
O006925,C1258,2025-06-11,151.96
O006926,C1258,2025-07-02,123.63
O006927,C1258,2025-09-03,40.82
O006928,C1258,2025-10-03,82.51
O006929,C1258,2025-11-04,105.56
O006930,C1258,2025-12-02,38.35
O006931,C1259,2024-06-13,12.09
O006932,C1259,2024-09-30,32.54
O006933,C1259,2024-11-28,48.06
O006934,C1259,2025-03-16,65.47
O006935,C1259,2025-03-25,25.72
O006936,C1259,2025-06-26,50.25
O006937,C1259,2025-09-06,54.14
O006938,C1259,2025-12-01,27.26
O006939,C1260,2024-10-14,114.32
O006940,C1260,2025-03-01,64.08
O006941,C1260,2025-06-03,50.77
O006942,C1260,2025-07-16,83.43
O006943,C1260,2025-08-04,48.86
O006944,C1260,2025-12-17,24.06
O006945,C1261,2024-01-17,13.68
O006946,C1261,2024-01-27,50.05
O006947,C1261,2024-04-11,13.63
O006948,C1261,2024-07-01,45.84
O006949,C1261,2024-09-04,102.24
O006950,C1261,2024-11-30,23.54
O006951,C1262,2025-02-05,95.44
O006952,C1262,2025-04-01,164.1
O006953,C1262,2025-05-09,99.96
O006954,C1262,2025-06-27,27.08
O006955,C1262,2025-09-28,34.41
O006956,C1263,2025-07-15,72.09
O006957,C1264,2025-10-30,103.1
O006958,C1264,2025-11-20,34.7
O006959,C1264,2025-12-09,34.78
O006960,C1265,2024-08-23,12.07
O006961,C1265,2024-09-07,33.89
O006962,C1265,2024-11-29,31.78
O006963,C1265,2024-12-24,19.18
O006964,C1265,2025-03-28,111.61
O006965,C1265,2025-07-30,17.87
O006966,C1266,2024-11-23,247.52
O006967,C1266,2024-12-14,178.24
O006968,C1266,2025-04-25,339.76
O006969,C1266,2025-10-04,188.52
O006970,C1267,2025-11-22,248.65
O006971,C1267,2025-12-25,71.81
O006972,C1268,2024-08-28,210.92
O006973,C1268,2024-09-09,83.59
O006974,C1268,2024-09-24,47.43
O006975,C1268,2024-09-30,7.08
O006976,C1268,2024-11-12,51.54
O006977,C1268,2024-12-10,351.3
O006978,C1268,2025-01-01,38.96
O006979,C1268,2025-03-14,79.98
O006980,C1268,2025-04-26,62.05
O006981,C1268,2025-08-22,153.96
O006982,C1268,2025-09-16,86.58
O006983,C1268,2025-09-23,48.46
O006984,C1268,2025-11-28,55.48
O006985,C1268,2025-12-18,42.81
O006986,C1269,2025-04-15,34.28
O006987,C1269,2025-04-29,37.32
O006988,C1270,2024-11-25,94.46
O006989,C1270,2025-01-26,298.31
O006990,C1271,2024-10-04,163.69
O006991,C1271,2024-10-27,189.9
O006992,C1272,2024-11-23,147.31
O006993,C1272,2024-12-10,69.28
O006994,C1272,2025-01-19,46.8
O006995,C1272,2025-04-04,42.22
O006996,C1272,2025-06-21,178.79
O006997,C1272,2025-07-28,79.04
O006998,C1272,2025-10-21,122.42
O006999,C1273,2024-05-03,17.94
O007000,C1273,2024-05-29,470.92
O007001,C1274,2024-08-29,280.65
O007002,C1274,2024-09-29,78.78
O007003,C1274,2025-02-14,432.06
O007004,C1274,2025-04-04,128.34
O007005,C1274,2025-06-16,46.19
O007006,C1274,2025-07-14,142.96
O007007,C1274,2025-08-27,37.97
O007008,C1274,2025-09-08,182.59
O007009,C1274,2025-11-07,284.52
O007010,C1274,2025-12-12,269.86
O007011,C1275,2024-07-24,28.16
O007012,C1275,2025-02-05,60.67
O007013,C1275,2025-03-17,69.66
O007014,C1275,2025-07-20,32.41
O007015,C1275,2025-08-28,77.31
O007016,C1275,2025-09-13,30.93
O007017,C1276,2025-02-21,73.6
O007018,C1276,2025-03-15,50.87
O007019,C1276,2025-05-04,240.22
O007020,C1276,2025-05-26,65.08
O007021,C1276,2025-07-31,412.29
O007022,C1276,2025-08-27,51.0
O007023,C1276,2025-10-04,72.46
O007024,C1276,2025-11-09,6.71
O007025,C1277,2024-12-28,43.22
O007026,C1278,2025-09-09,32.55
O007027,C1278,2025-09-26,97.9
O007028,C1278,2025-12-24,116.63
O007029,C1280,2024-09-11,28.68
O007030,C1280,2024-10-13,134.25
O007031,C1280,2025-01-15,34.74
O007032,C1280,2025-01-24,51.35
O007033,C1280,2025-01-31,54.49
O007034,C1280,2025-08-12,25.86
O007035,C1281,2025-06-21,41.08
O007036,C1281,2025-08-26,105.93
O007037,C1281,2025-10-02,68.39
O007038,C1281,2025-11-17,121.39
O007039,C1282,2024-12-30,47.4
O007040,C1282,2025-01-29,25.61
O007041,C1282,2025-04-21,78.61
O007042,C1282,2025-05-31,50.39
O007043,C1282,2025-07-19,50.79
O007044,C1282,2025-09-29,57.48
O007045,C1282,2025-10-13,92.69
O007046,C1282,2025-12-20,77.06
O007047,C1283,2025-05-23,93.78
O007048,C1283,2025-07-03,106.0
O007049,C1284,2025-11-25,51.74
O007050,C1285,2024-10-08,55.33
O007051,C1286,2024-06-07,32.89
O007052,C1286,2024-09-09,234.54
O007053,C1286,2024-10-07,222.85
O007054,C1286,2024-11-17,107.05
O007055,C1286,2025-02-19,14.28
O007056,C1286,2025-04-18,60.4
O007057,C1286,2025-06-07,417.63
O007058,C1286,2025-08-17,134.46
O007059,C1286,2025-09-26,152.08
O007060,C1286,2025-11-11,75.43
O007061,C1288,2024-06-22,192.58
O007062,C1288,2024-09-16,130.57
O007063,C1288,2024-10-19,107.66
O007064,C1288,2025-01-02,174.25
O007065,C1288,2025-02-03,117.11
O007066,C1288,2025-03-03,129.99
O007067,C1288,2025-05-02,79.94
O007068,C1288,2025-07-16,44.38
O007069,C1289,2025-02-24,95.04
O007070,C1289,2025-06-29,174.04
O007071,C1289,2025-07-17,76.94
O007072,C1289,2025-08-04,54.78
O007073,C1289,2025-08-26,160.18
O007074,C1289,2025-09-02,147.28
O007075,C1289,2025-09-27,61.3
O007076,C1289,2025-10-22,85.18
O007077,C1289,2025-10-28,78.86
O007078,C1289,2025-12-04,28.62
O007079,C1290,2024-04-08,153.38
O007080,C1290,2024-04-25,232.6
O007081,C1290,2024-06-06,126.0
O007082,C1290,2024-06-20,64.08
O007083,C1290,2024-07-30,80.92
O007084,C1290,2024-10-12,34.08
O007085,C1290,2024-12-05,33.42
O007086,C1290,2025-01-04,185.16
O007087,C1290,2025-02-04,105.37
O007088,C1290,2025-05-19,323.13
O007089,C1290,2025-07-30,103.39
O007090,C1290,2025-08-27,71.79
O007091,C1290,2025-09-08,79.93
O007092,C1290,2025-10-14,123.23
O007093,C1291,2025-05-19,59.89
O007094,C1292,2025-01-26,48.46
O007095,C1293,2024-10-24,65.87
O007096,C1293,2025-01-16,51.89
O007097,C1293,2025-02-04,139.1
O007098,C1293,2025-03-31,53.28
O007099,C1293,2025-05-15,71.7
O007100,C1293,2025-08-11,16.49
O007101,C1294,2025-08-21,38.78
O007102,C1294,2025-11-06,64.77
O007103,C1295,2024-12-19,53.34
O007104,C1296,2024-08-09,142.77
O007105,C1296,2024-08-24,49.3
O007106,C1296,2024-09-12,52.01
O007107,C1296,2024-09-30,34.49
O007108,C1296,2024-10-12,61.41
O007109,C1296,2024-11-09,58.24
O007110,C1296,2024-12-09,74.2
O007111,C1296,2024-12-25,49.46
O007112,C1297,2024-08-06,125.96
O007113,C1297,2024-08-27,55.36
O007114,C1297,2024-09-10,19.12
O007115,C1297,2024-10-18,40.68
O007116,C1297,2024-10-24,249.76
O007117,C1297,2024-12-31,171.74
O007118,C1297,2025-02-01,108.94
O007119,C1297,2025-05-16,57.32
O007120,C1297,2025-07-11,102.37
O007121,C1297,2025-09-01,95.76
O007122,C1297,2025-10-03,277.22
O007123,C1297,2025-11-24,153.93
O007124,C1297,2025-12-11,165.37
O007125,C1298,2024-04-25,49.6
O007126,C1298,2024-05-25,326.45
O007127,C1298,2024-05-31,165.17
O007128,C1298,2024-06-10,179.95
O007129,C1298,2024-06-19,97.78
O007130,C1298,2024-07-06,107.67
O007131,C1298,2024-07-28,319.21
O007132,C1298,2024-08-22,38.25
O007133,C1298,2024-09-10,340.47
O007134,C1298,2024-10-05,52.46
O007135,C1298,2024-11-14,282.63
O007136,C1298,2024-12-01,85.83
O007137,C1298,2024-12-30,113.65
O007138,C1298,2025-01-07,50.84
O007139,C1298,2025-01-13,160.44
O007140,C1298,2025-01-25,140.44
O007141,C1298,2025-02-19,131.66
O007142,C1298,2025-03-08,78.22
O007143,C1298,2025-04-08,16.95
O007144,C1298,2025-04-16,55.81
O007145,C1298,2025-05-12,155.1
O007146,C1298,2025-05-21,92.47
O007147,C1298,2025-05-31,209.96
O007148,C1298,2025-06-29,97.85
O007149,C1298,2025-08-31,179.82
O007150,C1298,2025-09-07,32.26
O007151,C1298,2025-09-17,594.07
O007152,C1298,2025-10-24,43.4
O007153,C1298,2025-11-27,41.38
O007154,C1298,2025-12-18,74.25
O007155,C1299,2024-04-08,104.34
O007156,C1299,2024-06-10,42.57
O007157,C1299,2024-07-03,152.99
O007158,C1299,2024-08-11,38.99
O007159,C1300,2025-05-17,18.04
O007160,C1300,2025-07-01,227.47
O007161,C1300,2025-09-16,137.68
O007162,C1300,2025-09-25,130.79
O007163,C1300,2025-12-27,100.98
O007164,C1301,2025-02-18,50.58
O007165,C1302,2024-09-25,20.39
O007166,C1302,2024-12-05,31.79
O007167,C1302,2025-01-07,11.99
O007168,C1303,2025-04-19,206.63
O007169,C1303,2025-06-09,49.5
O007170,C1303,2025-08-07,116.2
O007171,C1303,2025-08-29,156.66
O007172,C1305,2025-09-15,16.64
O007173,C1305,2025-10-10,47.16
O007174,C1305,2025-12-11,106.88
O007175,C1306,2024-03-11,61.01
O007176,C1306,2024-04-08,177.57
O007177,C1306,2024-05-06,63.79
O007178,C1306,2024-07-02,90.08
O007179,C1306,2024-07-23,75.15
O007180,C1306,2025-02-21,116.5
O007181,C1306,2025-03-30,24.23
O007182,C1306,2025-04-16,31.22
O007183,C1307,2024-10-24,137.73
O007184,C1308,2024-03-22,76.85
O007185,C1308,2024-05-02,114.09
O007186,C1308,2024-05-09,106.81
O007187,C1308,2024-07-22,33.77
O007188,C1308,2024-09-22,65.55
O007189,C1308,2024-11-04,198.98
O007190,C1308,2024-12-31,36.1
O007191,C1309,2025-01-15,137.45
O007192,C1309,2025-08-09,33.3
O007193,C1309,2025-09-24,21.19
O007194,C1309,2025-10-18,81.21
O007195,C1309,2025-12-20,43.0
O007196,C1310,2024-02-09,9.4
O007197,C1310,2024-03-26,22.95
O007198,C1310,2024-04-29,121.55
O007199,C1310,2024-07-01,36.74
O007200,C1310,2024-08-03,70.12
O007201,C1311,2024-11-01,52.56
O007202,C1311,2024-12-03,61.72
O007203,C1311,2024-12-20,114.21
O007204,C1311,2025-01-30,24.28
O007205,C1311,2025-02-09,167.69
O007206,C1311,2025-04-19,32.98
O007207,C1311,2025-06-12,67.43
O007208,C1312,2024-08-13,67.97
O007209,C1312,2024-12-06,91.8
O007210,C1313,2024-03-29,53.86
O007211,C1313,2024-05-07,31.85
O007212,C1313,2024-06-29,78.27
O007213,C1313,2024-09-28,16.97
O007214,C1313,2024-12-17,32.96
O007215,C1314,2024-09-26,202.45
O007216,C1314,2024-10-27,27.0
O007217,C1314,2024-11-23,141.86
O007218,C1314,2025-01-18,116.32
O007219,C1314,2025-03-17,248.15
O007220,C1314,2025-04-26,97.8
O007221,C1314,2025-05-31,46.92
O007222,C1314,2025-06-21,164.81
O007223,C1314,2025-07-18,132.31
O007224,C1314,2025-08-04,257.94
O007225,C1314,2025-08-20,121.41
O007226,C1314,2025-09-29,69.1
O007227,C1314,2025-10-14,169.44
O007228,C1315,2024-04-26,51.59
O007229,C1315,2024-07-08,160.44
O007230,C1315,2024-09-07,125.6
O007231,C1315,2024-09-27,141.56
O007232,C1315,2024-11-20,40.98
O007233,C1315,2024-12-01,135.87
O007234,C1315,2025-01-17,116.64
O007235,C1315,2025-03-02,62.47
O007236,C1315,2025-04-18,35.35
O007237,C1315,2025-05-08,60.96
O007238,C1315,2025-06-17,90.25
O007239,C1315,2025-07-24,100.5
O007240,C1316,2024-08-30,94.4
O007241,C1316,2025-02-18,250.23
O007242,C1316,2025-05-28,278.65
O007243,C1317,2025-06-15,173.97
O007244,C1317,2025-12-21,108.72
O007245,C1318,2024-08-13,46.53
O007246,C1318,2024-12-31,14.08
O007247,C1318,2025-08-02,59.57
O007248,C1318,2025-12-22,13.68
O007249,C1319,2024-08-14,170.14
O007250,C1319,2024-11-26,13.46
O007251,C1319,2025-06-01,108.56
O007252,C1319,2025-08-28,253.46
O007253,C1320,2024-01-12,123.2
O007254,C1320,2024-02-25,27.5
O007255,C1320,2024-05-01,55.39
O007256,C1320,2024-05-18,45.66
O007257,C1320,2024-07-04,71.96
O007258,C1320,2024-07-30,34.69
O007259,C1321,2025-08-25,51.21
O007260,C1321,2025-11-22,54.76
O007261,C1321,2025-12-15,35.18
O007262,C1321,2025-12-26,39.93
O007263,C1322,2024-07-14,297.82
O007264,C1322,2024-08-29,110.05
O007265,C1322,2024-11-29,40.14
O007266,C1322,2024-12-17,54.65
O007267,C1322,2025-02-21,175.71
O007268,C1322,2025-05-03,97.86
O007269,C1322,2025-10-01,154.68
O007270,C1322,2025-11-25,45.48
O007271,C1322,2025-12-09,112.29
O007272,C1324,2024-03-12,72.66
O007273,C1324,2024-06-13,181.59
O007274,C1324,2024-08-10,20.1
O007275,C1324,2025-01-27,90.61
O007276,C1324,2025-07-22,125.8
O007277,C1325,2025-07-26,24.59
O007278,C1325,2025-10-28,49.73
O007279,C1326,2024-03-22,61.65
O007280,C1326,2024-05-21,155.83
O007281,C1326,2024-05-27,29.61
O007282,C1326,2024-06-13,99.12
O007283,C1326,2024-08-14,194.99
O007284,C1326,2024-09-07,90.16
O007285,C1326,2024-10-01,80.15
O007286,C1326,2024-12-23,115.11
O007287,C1326,2025-05-02,85.16
O007288,C1326,2025-05-29,121.67
O007289,C1326,2025-07-07,164.31
O007290,C1326,2025-07-28,20.93
O007291,C1326,2025-09-30,155.13
O007292,C1326,2025-12-07,77.71
O007293,C1327,2025-01-02,36.06
O007294,C1327,2025-02-16,711.26
O007295,C1327,2025-03-02,195.46
O007296,C1328,2025-06-03,65.46
O007297,C1328,2025-08-15,99.5
O007298,C1328,2025-10-04,147.66
O007299,C1328,2025-12-24,58.8
O007300,C1330,2025-10-11,14.0
O007301,C1331,2025-11-11,73.15
O007302,C1331,2025-12-01,89.92
O007303,C1332,2025-05-30,17.36
O007304,C1332,2025-08-29,24.47
O007305,C1332,2025-11-27,46.49
O007306,C1332,2025-12-21,29.82
O007307,C1333,2025-04-05,8.26
O007308,C1333,2025-11-24,17.89
O007309,C1334,2025-01-18,33.49
O007310,C1334,2025-06-14,23.74
O007311,C1334,2025-12-26,112.41
O007312,C1335,2025-11-18,156.84
O007313,C1336,2024-02-24,58.79
O007314,C1336,2024-03-27,175.28
O007315,C1336,2024-04-11,244.65
O007316,C1336,2024-04-25,178.22
O007317,C1336,2024-05-26,80.22
O007318,C1336,2024-07-15,100.73
O007319,C1336,2024-08-14,251.44
O007320,C1336,2024-09-21,83.84
O007321,C1336,2024-10-28,227.53
O007322,C1336,2024-11-16,268.89
O007323,C1336,2025-01-08,231.17
O007324,C1336,2025-01-26,246.86
O007325,C1336,2025-02-20,108.25
O007326,C1336,2025-03-12,139.52
O007327,C1336,2025-07-03,260.31
O007328,C1336,2025-07-23,210.19
O007329,C1336,2025-08-23,185.19
O007330,C1336,2025-09-14,86.11
O007331,C1336,2025-10-02,111.26
O007332,C1336,2025-10-28,109.09
O007333,C1336,2025-11-30,427.48
O007334,C1337,2025-01-10,86.6
O007335,C1339,2024-08-10,423.15
O007336,C1339,2024-11-24,60.69
O007337,C1339,2025-02-18,214.8
O007338,C1339,2025-03-28,27.81
O007339,C1339,2025-05-07,40.07
O007340,C1339,2025-05-16,136.51
O007341,C1339,2025-09-14,143.9
O007342,C1339,2025-10-06,188.29
O007343,C1339,2025-10-16,23.58
O007344,C1339,2025-11-13,60.93
O007345,C1341,2024-10-13,94.51
O007346,C1341,2024-12-12,273.29
O007347,C1341,2025-01-10,283.48
O007348,C1341,2025-03-10,91.11
O007349,C1341,2025-04-02,23.81
O007350,C1341,2025-05-06,41.13
O007351,C1341,2025-08-24,46.85
O007352,C1341,2025-10-22,41.6
O007353,C1341,2025-12-24,122.33
O007354,C1342,2025-09-03,38.04
O007355,C1343,2025-08-01,49.84
O007356,C1343,2025-09-25,408.47
O007357,C1343,2025-11-20,113.62
O007358,C1344,2024-03-22,175.09
O007359,C1344,2024-04-25,35.82
O007360,C1344,2024-06-26,78.98
O007361,C1344,2024-09-02,21.22
O007362,C1344,2024-11-03,77.2
O007363,C1344,2024-12-17,7.13
O007364,C1344,2024-12-31,67.41
O007365,C1344,2025-02-09,7.18
O007366,C1344,2025-04-25,14.85
O007367,C1344,2025-05-16,34.81
O007368,C1344,2025-07-23,127.07
O007369,C1344,2025-08-03,34.84
O007370,C1344,2025-08-14,88.78
O007371,C1344,2025-10-06,117.49
O007372,C1344,2025-11-29,49.3
O007373,C1346,2025-02-08,289.14
O007374,C1346,2025-03-16,126.74
O007375,C1346,2025-04-05,35.24
O007376,C1346,2025-05-23,160.9
O007377,C1346,2025-07-03,182.44
O007378,C1346,2025-09-12,128.39
O007379,C1346,2025-10-02,58.22
O007380,C1346,2025-10-31,85.68
O007381,C1346,2025-11-14,56.53
O007382,C1346,2025-12-03,149.54
O007383,C1347,2024-09-23,243.89
O007384,C1347,2024-12-28,93.37
O007385,C1347,2025-03-01,118.1
O007386,C1347,2025-05-14,96.7
O007387,C1347,2025-07-13,46.7
O007388,C1347,2025-08-31,48.96
O007389,C1347,2025-12-20,106.3
O007390,C1348,2025-07-19,18.85
O007391,C1348,2025-09-05,119.48
O007392,C1349,2024-05-24,22.64
O007393,C1349,2024-07-16,83.14
O007394,C1349,2024-09-25,33.38
O007395,C1349,2024-11-14,65.06
O007396,C1349,2024-12-30,12.89
O007397,C1349,2025-01-08,7.11
O007398,C1349,2025-04-15,136.73
O007399,C1350,2025-03-05,400.71
O007400,C1350,2025-03-16,185.51
O007401,C1350,2025-04-28,311.81
O007402,C1350,2025-05-12,371.06
O007403,C1350,2025-06-04,196.58
O007404,C1350,2025-07-28,406.32
O007405,C1350,2025-09-16,250.33
O007406,C1350,2025-09-22,125.49
O007407,C1350,2025-10-04,706.39
O007408,C1350,2025-11-02,452.01
O007409,C1350,2025-12-13,185.35
O007410,C1351,2024-09-18,62.06
O007411,C1351,2024-10-06,188.45
O007412,C1351,2024-12-17,15.26
O007413,C1351,2025-02-06,51.54
O007414,C1351,2025-04-03,75.81
O007415,C1351,2025-06-08,25.58
O007416,C1351,2025-08-07,25.51
O007417,C1351,2025-08-30,68.5
O007418,C1351,2025-11-30,100.83
O007419,C1352,2024-12-14,101.28
O007420,C1353,2024-02-04,78.64
O007421,C1353,2024-05-01,22.34
O007422,C1353,2024-10-23,122.05
O007423,C1353,2025-05-05,15.72
O007424,C1353,2025-06-27,132.47
O007425,C1353,2025-10-10,19.13
O007426,C1354,2024-12-19,71.43
O007427,C1355,2025-01-08,178.35
O007428,C1355,2025-02-14,175.14
O007429,C1355,2025-03-05,30.26
O007430,C1355,2025-03-22,51.11
O007431,C1355,2025-04-01,117.07
O007432,C1355,2025-05-19,136.28
O007433,C1355,2025-06-19,160.05
O007434,C1356,2025-06-24,159.41
O007435,C1356,2025-08-24,36.75
O007436,C1356,2025-09-25,170.9
O007437,C1356,2025-10-02,61.16
O007438,C1356,2025-11-19,61.17
O007439,C1357,2024-08-17,11.43
O007440,C1357,2024-09-19,193.45
O007441,C1357,2024-10-05,13.76
O007442,C1357,2024-11-22,39.53
O007443,C1358,2024-02-11,381.32
O007444,C1359,2024-02-25,20.85
O007445,C1359,2024-06-01,7.26
O007446,C1360,2025-07-04,112.78
O007447,C1360,2025-07-17,166.37
O007448,C1360,2025-09-07,165.37
O007449,C1360,2025-11-05,107.49
O007450,C1360,2025-11-11,86.82
O007451,C1360,2025-12-19,82.49
O007452,C1360,2025-12-25,242.04
O007453,C1361,2024-06-18,99.05
O007454,C1361,2024-07-21,159.89
O007455,C1362,2025-04-07,156.23
O007456,C1363,2024-04-21,111.09
O007457,C1363,2024-06-23,164.48
O007458,C1363,2024-08-10,92.18
O007459,C1363,2024-09-04,31.44
O007460,C1363,2024-09-18,21.87
O007461,C1363,2024-10-20,49.71
O007462,C1363,2024-11-27,55.96
O007463,C1363,2025-02-20,34.94
O007464,C1363,2025-06-22,94.21
O007465,C1363,2025-08-25,144.49
O007466,C1363,2025-09-27,27.75
O007467,C1364,2024-03-25,177.54
O007468,C1364,2024-05-20,13.44
O007469,C1364,2024-06-16,39.33
O007470,C1364,2024-10-22,209.04
O007471,C1365,2024-02-06,120.93
O007472,C1365,2024-03-15,81.08
O007473,C1365,2024-06-11,192.88
O007474,C1365,2024-07-04,26.16
O007475,C1365,2024-10-07,66.18
O007476,C1365,2024-11-09,135.98
O007477,C1366,2025-08-13,206.24
O007478,C1366,2025-10-09,18.55
O007479,C1367,2025-01-09,23.93
O007480,C1367,2025-03-29,82.4
O007481,C1367,2025-04-23,39.56
O007482,C1367,2025-06-12,102.06
O007483,C1367,2025-08-31,35.44
O007484,C1367,2025-11-04,58.52
O007485,C1368,2024-07-16,207.97
O007486,C1370,2024-05-23,62.73
O007487,C1370,2024-07-09,110.73
O007488,C1370,2024-08-26,72.13
O007489,C1370,2024-10-15,86.94
O007490,C1370,2024-11-18,14.13
O007491,C1370,2025-02-02,163.73
O007492,C1370,2025-04-07,81.61
O007493,C1370,2025-05-30,20.29
O007494,C1370,2025-07-05,24.41
O007495,C1370,2025-09-06,118.68
O007496,C1371,2025-03-25,7.79
O007497,C1371,2025-06-03,21.89
O007498,C1371,2025-07-19,151.42
O007499,C1371,2025-09-15,39.45
O007500,C1371,2025-12-13,52.9
O007501,C1372,2024-01-21,29.62
O007502,C1372,2024-02-17,9.88
O007503,C1372,2024-03-20,46.18
O007504,C1372,2024-05-13,173.04
O007505,C1372,2024-05-26,38.63
O007506,C1372,2024-07-05,76.97
O007507,C1372,2024-08-20,76.39
O007508,C1372,2024-10-19,209.12
O007509,C1372,2024-11-29,53.07
O007510,C1372,2025-01-07,76.02
O007511,C1372,2025-02-07,49.56
O007512,C1372,2025-03-21,91.78
O007513,C1372,2025-05-23,187.09
O007514,C1372,2025-06-02,74.81
O007515,C1372,2025-07-01,93.66
O007516,C1372,2025-07-12,96.94
O007517,C1372,2025-09-12,71.04
O007518,C1372,2025-10-24,100.09
O007519,C1372,2025-11-23,43.87
O007520,C1372,2025-12-19,20.02
O007521,C1373,2025-07-11,41.9
O007522,C1373,2025-09-13,85.96
O007523,C1373,2025-10-13,44.61
O007524,C1374,2024-11-08,32.54
O007525,C1374,2024-12-30,90.06
O007526,C1375,2025-05-11,70.7
O007527,C1375,2025-09-25,41.89
O007528,C1376,2024-08-28,86.72
O007529,C1376,2024-09-19,22.36
O007530,C1376,2024-11-16,98.83
O007531,C1376,2025-01-02,129.83
O007532,C1377,2024-03-09,44.02
O007533,C1377,2024-05-16,82.13
O007534,C1377,2024-06-15,23.12
O007535,C1378,2024-11-10,12.88
O007536,C1378,2025-01-31,12.9
O007537,C1379,2024-06-23,13.1
O007538,C1379,2024-12-21,31.07
O007539,C1379,2025-02-27,44.82
O007540,C1379,2025-08-19,28.45
O007541,C1379,2025-10-23,12.34
O007542,C1379,2025-11-29,10.61
O007543,C1380,2024-06-29,121.18
O007544,C1380,2024-09-22,142.05
O007545,C1380,2024-12-06,10.2
O007546,C1380,2025-03-18,39.01
O007547,C1381,2025-07-04,93.12
O007548,C1381,2025-08-13,151.2
O007549,C1381,2025-09-12,267.08
O007550,C1381,2025-10-24,106.9
O007551,C1381,2025-10-31,123.64
O007552,C1381,2025-11-14,24.02
O007553,C1382,2025-11-24,13.27
O007554,C1382,2025-12-07,503.28
O007555,C1383,2024-06-01,98.66
O007556,C1383,2024-06-07,46.36
O007557,C1383,2024-08-02,6.87
O007558,C1383,2024-08-25,57.46
O007559,C1383,2024-09-29,24.23
O007560,C1384,2024-11-29,148.67
O007561,C1384,2024-12-16,152.31
O007562,C1384,2025-01-11,109.45
O007563,C1384,2025-03-24,163.94
O007564,C1384,2025-04-20,150.88
O007565,C1384,2025-07-19,112.5
O007566,C1384,2025-08-05,276.48
O007567,C1384,2025-10-05,222.88
O007568,C1385,2024-11-12,8.16
O007569,C1385,2025-07-23,27.27
O007570,C1385,2025-09-30,13.21
O007571,C1386,2025-06-15,136.47
O007572,C1386,2025-08-29,254.75
O007573,C1386,2025-10-25,130.2
O007574,C1386,2025-12-14,209.04
O007575,C1387,2025-11-17,83.19
O007576,C1388,2025-08-10,63.57
O007577,C1388,2025-11-09,42.5
O007578,C1388,2025-11-28,178.81
O007579,C1389,2025-06-09,17.12
O007580,C1389,2025-06-15,90.94
O007581,C1389,2025-07-25,42.27
O007582,C1389,2025-08-27,249.44
O007583,C1389,2025-11-04,140.2
O007584,C1389,2025-11-22,31.87
O007585,C1390,2024-01-21,62.67
O007586,C1391,2024-01-12,87.09
O007587,C1391,2024-02-12,99.23
O007588,C1391,2024-03-31,127.76
O007589,C1391,2024-07-22,127.82
O007590,C1391,2024-08-11,64.7
O007591,C1391,2024-09-12,190.54
O007592,C1391,2024-09-28,44.32
O007593,C1391,2024-10-17,97.38
O007594,C1391,2024-11-17,171.06
O007595,C1391,2024-12-15,73.08
O007596,C1391,2025-01-07,241.43
O007597,C1391,2025-02-06,118.89
O007598,C1391,2025-02-28,10.15
O007599,C1391,2025-03-20,137.81
O007600,C1392,2025-03-07,155.18
O007601,C1392,2025-06-01,46.43
O007602,C1392,2025-08-28,87.53
O007603,C1392,2025-10-27,36.27
O007604,C1392,2025-11-09,122.89
O007605,C1393,2025-02-13,102.49
O007606,C1393,2025-03-11,295.97
O007607,C1393,2025-04-26,303.69
O007608,C1393,2025-05-06,61.7
O007609,C1393,2025-06-10,462.38
O007610,C1393,2025-07-07,297.6
O007611,C1393,2025-08-26,263.62
O007612,C1393,2025-09-23,173.16
O007613,C1393,2025-11-06,311.34
O007614,C1393,2025-12-06,379.16
O007615,C1393,2025-12-22,167.84
O007616,C1394,2025-04-04,155.27
O007617,C1394,2025-05-12,148.5
O007618,C1394,2025-07-21,106.43
O007619,C1394,2025-09-04,46.75
O007620,C1394,2025-09-25,66.0
O007621,C1394,2025-11-03,37.4
O007622,C1394,2025-11-28,13.27
O007623,C1395,2024-04-20,86.55
O007624,C1395,2024-06-04,206.4
O007625,C1395,2024-06-16,101.67
O007626,C1395,2024-08-23,314.45
O007627,C1395,2024-09-17,204.83
O007628,C1395,2024-10-12,209.4
O007629,C1395,2024-10-31,170.28
O007630,C1395,2024-12-02,365.88
O007631,C1395,2025-01-23,28.57
O007632,C1395,2025-01-29,70.84
O007633,C1395,2025-02-04,123.88
O007634,C1395,2025-03-28,44.38
O007635,C1395,2025-04-22,64.09
O007636,C1395,2025-06-05,208.26
O007637,C1395,2025-06-21,120.59
O007638,C1395,2025-07-05,207.05
O007639,C1395,2025-07-21,165.45
O007640,C1395,2025-08-17,63.71
O007641,C1395,2025-08-29,164.84
O007642,C1395,2025-09-20,238.15
O007643,C1395,2025-12-05,22.18
O007644,C1395,2025-12-21,121.14
O007645,C1396,2025-07-02,42.98
O007646,C1396,2025-07-20,13.89
O007647,C1396,2025-08-22,22.22
O007648,C1396,2025-09-11,192.16
O007649,C1397,2024-04-13,65.87
O007650,C1397,2024-04-27,143.99
O007651,C1397,2024-06-12,173.85
O007652,C1397,2024-07-11,140.89
O007653,C1397,2024-08-24,58.28
O007654,C1397,2024-09-21,83.44
O007655,C1397,2024-11-09,140.32
O007656,C1397,2024-11-26,35.97
O007657,C1397,2024-12-10,148.84
O007658,C1397,2024-12-31,253.78
O007659,C1397,2025-01-24,186.45
O007660,C1397,2025-03-05,49.85
O007661,C1397,2025-03-24,52.23
O007662,C1397,2025-04-17,133.45
O007663,C1397,2025-06-27,93.34
O007664,C1397,2025-07-10,64.08
O007665,C1397,2025-07-29,141.14
O007666,C1397,2025-11-04,38.13
O007667,C1397,2025-11-10,109.55
O007668,C1398,2024-12-24,107.14
O007669,C1398,2025-01-06,127.31
O007670,C1398,2025-02-11,286.45
O007671,C1398,2025-05-09,293.71
O007672,C1398,2025-06-11,129.3
O007673,C1398,2025-08-25,81.88
O007674,C1398,2025-09-19,266.46
O007675,C1398,2025-11-09,10.35
O007676,C1399,2024-01-27,25.3
O007677,C1399,2024-02-19,40.01
O007678,C1399,2024-03-07,52.32
O007679,C1400,2025-01-12,43.7
O007680,C1400,2025-03-07,135.83
O007681,C1402,2024-04-30,260.38
O007682,C1402,2024-08-26,103.48
O007683,C1402,2024-12-19,56.3
O007684,C1402,2025-03-05,88.54
O007685,C1402,2025-05-22,53.43
O007686,C1402,2025-07-28,96.67
O007687,C1402,2025-09-06,152.5
O007688,C1402,2025-11-24,52.91
O007689,C1403,2025-10-15,23.57
O007690,C1403,2025-11-23,49.12
O007691,C1404,2024-11-02,32.87
O007692,C1404,2025-01-15,122.88
O007693,C1404,2025-09-03,13.15
O007694,C1405,2025-07-08,118.05
O007695,C1406,2024-07-02,186.92
O007696,C1406,2024-10-20,67.89
O007697,C1406,2024-11-07,187.52
O007698,C1407,2024-06-18,23.47
O007699,C1407,2024-08-18,60.81
O007700,C1407,2025-02-08,25.58
O007701,C1407,2025-05-01,23.14
O007702,C1407,2025-10-27,52.64
O007703,C1408,2024-01-24,115.36
O007704,C1408,2024-04-07,67.22
O007705,C1408,2024-05-18,10.28
O007706,C1408,2024-06-21,67.75
O007707,C1408,2024-07-15,220.8
O007708,C1408,2024-09-08,152.35
O007709,C1408,2024-12-17,145.92
O007710,C1408,2025-01-22,213.25
O007711,C1408,2025-03-29,189.83
O007712,C1409,2025-04-01,40.54
O007713,C1409,2025-05-03,59.16
O007714,C1409,2025-08-12,36.57
O007715,C1409,2025-10-23,83.67
O007716,C1410,2025-04-25,104.9
O007717,C1410,2025-05-03,156.88
O007718,C1410,2025-09-02,176.74
O007719,C1411,2024-01-17,15.69
O007720,C1411,2024-03-09,143.88
O007721,C1411,2024-05-26,110.7
O007722,C1411,2024-06-27,62.1
O007723,C1411,2024-09-22,292.71
O007724,C1411,2024-12-16,28.85
O007725,C1411,2025-01-20,15.67
O007726,C1411,2025-03-06,31.09
O007727,C1412,2024-10-27,13.11
O007728,C1412,2024-12-01,45.17
O007729,C1412,2024-12-19,23.2
O007730,C1412,2025-04-05,84.62
O007731,C1412,2025-04-23,78.62
O007732,C1412,2025-05-29,256.76
O007733,C1412,2025-08-03,54.95
O007734,C1412,2025-08-31,24.72
O007735,C1412,2025-10-02,17.05
O007736,C1412,2025-10-31,23.86
O007737,C1412,2025-12-19,63.89
O007738,C1412,2025-12-31,76.31
O007739,C1413,2025-03-10,111.17
O007740,C1413,2025-04-02,80.26
O007741,C1413,2025-07-22,62.65
O007742,C1413,2025-09-14,108.57
O007743,C1413,2025-10-16,27.16
O007744,C1413,2025-10-28,154.99
O007745,C1413,2025-11-19,72.38
O007746,C1413,2025-12-26,76.31
O007747,C1414,2025-03-14,38.22
O007748,C1414,2025-05-03,48.21
O007749,C1414,2025-06-02,112.63
O007750,C1414,2025-08-09,60.2
O007751,C1414,2025-09-10,228.69
O007752,C1414,2025-09-24,33.91
O007753,C1414,2025-10-19,53.94
O007754,C1414,2025-12-26,43.48
O007755,C1416,2025-02-01,15.01
O007756,C1416,2025-03-07,24.67
O007757,C1416,2025-04-28,84.49
O007758,C1417,2025-06-21,73.84
O007759,C1417,2025-08-30,13.09
O007760,C1419,2025-05-25,76.91
O007761,C1419,2025-06-18,108.55
O007762,C1419,2025-07-22,212.03
O007763,C1419,2025-09-17,75.26
O007764,C1419,2025-10-09,74.51
O007765,C1419,2025-10-21,47.71
O007766,C1419,2025-11-14,343.3
O007767,C1419,2025-11-21,202.27
O007768,C1421,2024-08-21,32.52
O007769,C1421,2024-10-18,134.45
O007770,C1421,2025-06-24,91.05
O007771,C1421,2025-07-30,303.72
O007772,C1421,2025-08-24,259.74
O007773,C1421,2025-09-15,102.26
O007774,C1422,2024-09-02,252.7
O007775,C1422,2024-11-26,204.25
O007776,C1422,2025-02-04,57.58
O007777,C1422,2025-04-26,143.36
O007778,C1422,2025-05-23,172.38
O007779,C1422,2025-07-03,148.94
O007780,C1422,2025-08-25,92.73
O007781,C1423,2025-06-13,29.78
O007782,C1423,2025-09-11,54.54
O007783,C1424,2025-08-14,59.6
O007784,C1424,2025-09-07,53.28
O007785,C1424,2025-09-23,604.67
O007786,C1425,2025-02-21,46.3
O007787,C1425,2025-05-05,46.37
O007788,C1425,2025-08-14,81.08
O007789,C1426,2024-12-12,52.27
O007790,C1426,2025-02-10,55.41
O007791,C1426,2025-03-02,52.69
O007792,C1426,2025-05-22,89.09
O007793,C1426,2025-07-08,246.01
O007794,C1426,2025-08-06,67.7
O007795,C1426,2025-12-16,114.12
O007796,C1427,2024-02-16,82.22
O007797,C1427,2024-04-03,109.02
O007798,C1427,2024-04-24,196.87
O007799,C1427,2024-07-17,43.09
O007800,C1427,2024-08-19,39.09
O007801,C1427,2024-09-28,160.95
O007802,C1427,2024-10-17,136.91
O007803,C1427,2025-01-20,275.96
O007804,C1427,2025-02-12,212.25
O007805,C1427,2025-05-18,107.49
O007806,C1427,2025-06-03,195.44
O007807,C1427,2025-09-16,187.41
O007808,C1427,2025-10-12,91.61
O007809,C1427,2025-12-28,268.08
O007810,C1428,2024-10-02,7.36
O007811,C1428,2025-05-09,21.38
O007812,C1428,2025-08-13,25.79
O007813,C1428,2025-10-25,99.91
O007814,C1429,2024-04-24,36.87
O007815,C1429,2024-07-03,79.91
O007816,C1429,2024-10-15,131.58
O007817,C1429,2024-11-17,21.4
O007818,C1430,2025-02-10,202.69
O007819,C1431,2024-09-28,11.24
O007820,C1431,2024-12-28,21.01
O007821,C1431,2025-02-13,36.54
O007822,C1431,2025-07-23,128.28
O007823,C1431,2025-11-20,38.25
O007824,C1432,2024-07-16,97.14
O007825,C1432,2024-07-24,46.0
O007826,C1432,2024-08-17,100.23
O007827,C1432,2024-12-09,104.07
O007828,C1432,2025-02-24,158.9
O007829,C1432,2025-04-07,49.8
O007830,C1432,2025-04-21,124.66
O007831,C1432,2025-05-03,38.23
O007832,C1432,2025-05-16,19.86
O007833,C1432,2025-06-18,44.1
O007834,C1432,2025-08-17,83.14
O007835,C1432,2025-10-09,92.37
O007836,C1432,2025-11-04,67.89
O007837,C1433,2024-03-08,22.75
O007838,C1433,2025-05-16,46.32
O007839,C1433,2025-11-06,98.57
O007840,C1433,2025-12-19,54.26
O007841,C1433,2025-12-30,190.82
O007842,C1434,2024-04-14,15.92
O007843,C1434,2024-09-16,30.3
O007844,C1434,2025-02-18,178.92
O007845,C1434,2025-07-01,75.87
O007846,C1434,2025-12-23,82.95
O007847,C1435,2025-03-25,91.52
O007848,C1435,2025-12-27,9.0
O007849,C1436,2025-04-19,144.89
O007850,C1436,2025-05-12,396.46
O007851,C1436,2025-07-01,182.25
O007852,C1436,2025-07-09,103.79
O007853,C1436,2025-08-30,256.76
O007854,C1436,2025-09-09,127.49
O007855,C1436,2025-10-01,232.53
O007856,C1436,2025-10-10,356.47
O007857,C1436,2025-11-18,393.16
O007858,C1436,2025-12-29,84.23
O007859,C1437,2024-08-12,85.02
O007860,C1437,2025-05-14,95.49
O007861,C1437,2025-09-10,110.44
O007862,C1437,2025-10-16,183.63
O007863,C1438,2025-04-03,52.05
O007864,C1438,2025-07-01,58.72
O007865,C1439,2024-11-01,87.27
O007866,C1439,2024-11-15,111.34
O007867,C1439,2024-11-21,24.39
O007868,C1439,2025-01-25,25.09
O007869,C1439,2025-03-03,72.88
O007870,C1439,2025-04-16,7.84
O007871,C1439,2025-05-24,42.12
O007872,C1439,2025-06-30,109.51
O007873,C1439,2025-08-10,77.61
O007874,C1439,2025-10-08,89.49
O007875,C1439,2025-10-25,47.24
O007876,C1439,2025-11-11,124.75
O007877,C1439,2025-12-10,47.64
O007878,C1440,2024-07-20,15.71
O007879,C1440,2024-08-15,40.42
O007880,C1440,2024-09-07,99.75
O007881,C1440,2024-10-27,89.69
O007882,C1440,2024-11-13,89.39
O007883,C1440,2025-01-07,106.98
O007884,C1440,2025-02-20,72.27
O007885,C1440,2025-04-16,201.53
O007886,C1440,2025-04-25,246.87
O007887,C1440,2025-07-06,95.42
O007888,C1440,2025-08-10,172.81
O007889,C1440,2025-09-24,36.58
O007890,C1440,2025-10-31,208.06
O007891,C1441,2024-09-15,85.91
O007892,C1441,2024-10-24,35.39
O007893,C1441,2025-08-30,106.6
O007894,C1443,2025-05-19,27.53
O007895,C1443,2025-07-13,83.93
O007896,C1443,2025-11-14,71.61
O007897,C1444,2024-09-27,66.98
O007898,C1444,2024-11-27,193.13
O007899,C1444,2024-12-30,107.16
O007900,C1445,2024-08-31,35.67
O007901,C1445,2024-11-05,6.5
O007902,C1445,2024-11-22,186.04
O007903,C1445,2025-02-08,37.2
O007904,C1445,2025-03-27,50.39
O007905,C1445,2025-05-23,141.48
O007906,C1445,2025-11-06,148.5
O007907,C1446,2025-03-11,39.79
O007908,C1446,2025-04-19,42.35
O007909,C1446,2025-05-06,26.41
O007910,C1447,2024-11-18,58.61
O007911,C1447,2025-03-28,40.46
O007912,C1447,2025-05-17,71.52
O007913,C1447,2025-09-19,14.93
O007914,C1448,2024-08-09,28.62
O007915,C1448,2025-03-03,87.64
O007916,C1448,2025-08-18,175.15
O007917,C1448,2025-11-26,24.97
O007918,C1448,2025-12-25,49.98
O007919,C1449,2024-09-11,152.18
O007920,C1449,2024-12-06,85.9
O007921,C1449,2025-05-10,29.56
O007922,C1449,2025-06-01,16.71
O007923,C1449,2025-08-23,50.47
O007924,C1449,2025-10-09,12.88
O007925,C1450,2025-10-06,251.63
O007926,C1450,2025-10-26,111.77
O007927,C1451,2024-06-27,16.47
O007928,C1451,2024-08-09,59.13
O007929,C1451,2024-09-24,21.89
O007930,C1451,2024-11-27,16.6
O007931,C1451,2025-05-09,11.85
O007932,C1451,2025-08-26,33.21
O007933,C1451,2025-09-13,10.08
O007934,C1451,2025-12-01,20.4
O007935,C1452,2024-02-08,41.49
O007936,C1452,2024-06-04,22.28
O007937,C1452,2024-11-27,27.07
O007938,C1452,2025-01-23,39.01
O007939,C1453,2025-01-18,105.55
O007940,C1453,2025-04-23,54.79
O007941,C1453,2025-08-31,214.04
O007942,C1454,2024-04-26,76.62
O007943,C1454,2024-05-24,22.87
O007944,C1454,2024-09-02,152.9
O007945,C1454,2024-10-26,64.5
O007946,C1454,2025-01-13,137.74
O007947,C1455,2024-10-25,62.51
O007948,C1455,2024-10-31,126.67
O007949,C1455,2024-11-12,167.56
O007950,C1455,2024-12-05,214.26
O007951,C1455,2025-01-12,62.3
O007952,C1455,2025-02-12,542.09
O007953,C1455,2025-03-09,89.72
O007954,C1455,2025-03-31,86.05
O007955,C1455,2025-05-05,323.25
O007956,C1455,2025-06-13,134.31
O007957,C1455,2025-07-02,332.18
O007958,C1455,2025-07-26,495.63
O007959,C1455,2025-08-16,106.89
O007960,C1455,2025-08-26,215.45
O007961,C1455,2025-09-03,219.11
O007962,C1455,2025-10-13,313.92
O007963,C1455,2025-10-19,293.01
O007964,C1455,2025-12-04,71.49
O007965,C1456,2025-04-01,41.23
O007966,C1456,2025-08-29,178.41
O007967,C1456,2025-11-30,42.36
O007968,C1457,2024-05-27,62.68
O007969,C1457,2024-12-13,311.22
O007970,C1458,2025-08-31,82.98
O007971,C1458,2025-10-04,119.57
O007972,C1458,2025-10-20,140.74
O007973,C1459,2025-07-15,52.58
O007974,C1459,2025-12-08,62.41
O007975,C1460,2024-02-17,43.58
O007976,C1460,2024-06-10,40.81
O007977,C1460,2024-09-18,13.69
O007978,C1460,2025-03-02,23.19
O007979,C1460,2025-08-22,50.67
O007980,C1460,2025-11-07,35.42
O007981,C1461,2025-10-14,66.98
O007982,C1461,2025-10-22,86.63
O007983,C1461,2025-12-09,70.61
O007984,C1462,2024-04-05,49.66
O007985,C1462,2024-06-01,33.19
O007986,C1462,2024-07-13,134.83
O007987,C1462,2024-09-28,387.97
O007988,C1462,2025-04-05,52.09
O007989,C1462,2025-05-25,150.04
O007990,C1462,2025-06-10,456.22
O007991,C1462,2025-08-25,84.16
O007992,C1462,2025-10-20,186.12
O007993,C1462,2025-11-27,22.72
O007994,C1462,2025-12-18,250.11
O007995,C1463,2025-05-14,72.78
O007996,C1463,2025-07-18,140.28
O007997,C1463,2025-09-03,48.4
O007998,C1463,2025-10-04,95.85
O007999,C1463,2025-10-16,152.59
O008000,C1463,2025-11-16,46.11
O008001,C1463,2025-12-01,35.61
O008002,C1464,2024-08-15,95.48
O008003,C1464,2024-10-22,99.76
O008004,C1464,2024-11-09,11.39
O008005,C1464,2025-01-09,102.29
O008006,C1464,2025-02-04,146.84
O008007,C1464,2025-02-28,120.41
O008008,C1464,2025-04-13,131.04
O008009,C1464,2025-06-26,228.26
O008010,C1464,2025-10-23,15.77
O008011,C1465,2024-01-14,216.47
O008012,C1465,2024-03-10,372.26
O008013,C1465,2024-04-24,398.88
O008014,C1465,2024-05-24,82.17
O008015,C1465,2024-08-10,536.93
O008016,C1465,2024-08-29,286.78
O008017,C1465,2024-10-01,81.74
O008018,C1465,2024-10-08,187.92
O008019,C1465,2024-10-19,262.1
O008020,C1465,2024-11-01,186.38
O008021,C1465,2025-01-27,500.54
O008022,C1465,2025-02-11,360.81
O008023,C1465,2025-04-01,329.73
O008024,C1465,2025-04-08,169.02
O008025,C1465,2025-05-15,472.26
O008026,C1465,2025-06-21,83.79
O008027,C1465,2025-07-22,40.6
O008028,C1465,2025-08-14,62.58
O008029,C1465,2025-08-26,386.87
O008030,C1465,2025-09-08,305.76
O008031,C1465,2025-10-24,512.62
O008032,C1465,2025-10-30,429.1
O008033,C1465,2025-11-12,319.88
O008034,C1465,2025-12-02,186.26
O008035,C1465,2025-12-29,172.8
O008036,C1466,2025-02-05,198.14
O008037,C1466,2025-03-02,237.69
O008038,C1466,2025-03-08,18.92
O008039,C1466,2025-04-08,597.07
O008040,C1466,2025-04-26,218.34
O008041,C1466,2025-05-09,171.19
O008042,C1466,2025-05-15,30.18
O008043,C1466,2025-07-31,178.01
O008044,C1466,2025-08-15,108.57
O008045,C1466,2025-08-21,180.16
O008046,C1466,2025-08-27,266.0
O008047,C1466,2025-09-09,601.32
O008048,C1466,2025-09-27,116.2
O008049,C1466,2025-10-24,47.57
O008050,C1466,2025-11-29,114.97
O008051,C1466,2025-12-18,167.08
O008052,C1467,2024-04-12,62.82
O008053,C1467,2024-07-16,90.77
O008054,C1467,2024-10-23,110.66
O008055,C1467,2024-12-27,77.04
O008056,C1467,2025-07-18,355.3
O008057,C1467,2025-11-14,167.2
O008058,C1468,2024-07-24,93.78
O008059,C1468,2024-08-19,123.18
O008060,C1468,2024-10-09,24.84
O008061,C1468,2024-11-06,80.84
O008062,C1469,2024-10-04,77.13
O008063,C1470,2025-02-23,168.5
O008064,C1470,2025-04-03,320.27
O008065,C1470,2025-05-06,222.45
O008066,C1470,2025-05-17,124.45
O008067,C1470,2025-06-12,408.22
O008068,C1470,2025-07-13,91.79
O008069,C1470,2025-08-07,279.09
O008070,C1470,2025-08-18,91.26
O008071,C1470,2025-09-29,503.25
O008072,C1470,2025-11-07,278.86
O008073,C1470,2025-11-15,265.52
O008074,C1471,2024-09-15,10.73
O008075,C1471,2025-01-02,44.28
O008076,C1471,2025-05-11,93.2
O008077,C1471,2025-08-22,165.31
O008078,C1471,2025-09-26,74.29
O008079,C1472,2025-04-25,81.97
O008080,C1472,2025-07-04,104.16
O008081,C1472,2025-08-09,165.72
O008082,C1472,2025-09-23,160.03
O008083,C1472,2025-11-08,24.89
O008084,C1472,2025-11-22,97.71
O008085,C1473,2025-10-28,100.94
O008086,C1473,2025-12-24,84.77
O008087,C1474,2024-07-08,35.34
O008088,C1474,2024-09-05,30.03
O008089,C1474,2025-01-04,162.81
O008090,C1474,2025-03-07,21.87
O008091,C1474,2025-04-26,21.95
O008092,C1474,2025-05-26,316.69
O008093,C1474,2025-06-20,141.76
O008094,C1474,2025-07-01,80.46
O008095,C1474,2025-08-14,45.02
O008096,C1474,2025-09-19,37.64
O008097,C1475,2024-07-19,22.95
O008098,C1475,2024-10-11,47.8
O008099,C1475,2024-10-26,104.65
O008100,C1475,2025-02-07,32.61
O008101,C1475,2025-06-23,109.42
O008102,C1475,2025-11-11,61.31
O008103,C1476,2025-03-22,101.5
O008104,C1476,2025-04-23,124.73
O008105,C1476,2025-05-23,206.06
O008106,C1476,2025-07-11,320.44
O008107,C1476,2025-08-05,197.83
O008108,C1476,2025-09-19,100.73
O008109,C1476,2025-10-18,99.96
O008110,C1477,2025-01-03,79.99
O008111,C1477,2025-03-21,14.73
O008112,C1477,2025-05-12,120.14
O008113,C1478,2024-03-25,59.03
O008114,C1478,2024-08-12,58.92
O008115,C1478,2024-10-04,41.95
O008116,C1478,2024-11-29,34.64
O008117,C1478,2025-01-28,36.86
O008118,C1478,2025-03-21,25.8
O008119,C1478,2025-07-08,33.92
O008120,C1478,2025-08-26,79.46
O008121,C1478,2025-10-14,46.69
O008122,C1479,2025-03-05,48.58
O008123,C1479,2025-04-12,354.69
O008124,C1480,2024-09-12,70.01
O008125,C1480,2024-09-28,61.52
O008126,C1480,2025-01-08,173.19
O008127,C1480,2025-04-03,55.14
O008128,C1480,2025-04-22,32.1
O008129,C1480,2025-05-09,52.63
O008130,C1480,2025-08-24,138.68
O008131,C1480,2025-10-26,112.39
O008132,C1481,2025-08-13,12.38
O008133,C1481,2025-09-18,34.89
O008134,C1481,2025-10-26,56.44
O008135,C1482,2024-04-02,35.85
O008136,C1482,2024-10-30,299.83
O008137,C1482,2025-02-13,169.62
O008138,C1482,2025-11-21,63.03
O008139,C1484,2024-02-07,7.4
O008140,C1484,2024-03-20,143.39
O008141,C1484,2024-04-11,31.67
O008142,C1484,2024-05-25,168.82
O008143,C1484,2024-07-03,55.4
O008144,C1484,2024-08-25,58.79
O008145,C1484,2024-12-30,49.71
O008146,C1485,2025-11-24,56.05
O008147,C1486,2024-02-29,249.91
O008148,C1486,2024-04-29,178.73
O008149,C1486,2024-06-29,81.15
O008150,C1486,2024-08-08,240.75
O008151,C1486,2024-09-11,56.84
O008152,C1486,2024-10-01,67.08
O008153,C1486,2024-10-08,119.42
O008154,C1486,2024-11-29,252.62
O008155,C1486,2024-12-20,156.19
O008156,C1486,2025-02-04,24.4
O008157,C1486,2025-02-16,55.47
O008158,C1486,2025-04-30,63.65
O008159,C1486,2025-06-18,245.84
O008160,C1486,2025-07-01,105.99
O008161,C1486,2025-09-09,139.12
O008162,C1486,2025-10-22,38.43
O008163,C1487,2024-10-21,138.38
O008164,C1487,2024-11-19,298.42
O008165,C1487,2025-02-01,247.37
O008166,C1487,2025-02-13,198.17
O008167,C1487,2025-04-22,20.16
O008168,C1487,2025-06-23,76.35
O008169,C1487,2025-08-02,68.86
O008170,C1487,2025-11-27,133.88
O008171,C1488,2024-03-11,12.88
O008172,C1488,2024-04-03,211.37
O008173,C1488,2024-07-18,97.07
O008174,C1488,2024-10-06,89.27
O008175,C1488,2024-12-22,41.04
O008176,C1488,2025-01-07,97.8
O008177,C1488,2025-02-22,34.68
O008178,C1488,2025-05-10,111.4
O008179,C1488,2025-06-05,53.35
O008180,C1488,2025-06-26,77.71
O008181,C1488,2025-08-12,99.11
O008182,C1488,2025-11-04,85.42
O008183,C1488,2025-11-24,13.5
O008184,C1489,2024-10-21,179.52
O008185,C1489,2024-11-30,57.56
O008186,C1489,2024-12-21,117.01
O008187,C1489,2025-02-12,107.46
O008188,C1489,2025-05-19,28.77
O008189,C1489,2025-06-07,103.39
O008190,C1489,2025-07-14,10.52
O008191,C1489,2025-08-10,19.63
O008192,C1489,2025-09-21,81.0
O008193,C1489,2025-11-05,80.27
O008194,C1489,2025-12-10,43.53
O008195,C1490,2025-04-26,82.19
O008196,C1490,2025-09-17,54.19
O008197,C1490,2025-12-15,64.39
O008198,C1491,2025-09-15,35.28
O008199,C1491,2025-09-23,95.17
O008200,C1492,2025-09-22,38.89
O008201,C1492,2025-10-24,82.34
O008202,C1492,2025-12-06,29.48
O008203,C1493,2024-03-11,129.85
O008204,C1493,2024-10-27,35.73
O008205,C1493,2025-03-28,60.81
O008206,C1493,2025-07-10,29.18
O008207,C1493,2025-12-15,75.8
O008208,C1494,2025-06-10,24.12
O008209,C1494,2025-11-01,35.51
O008210,C1495,2024-07-28,127.69
O008211,C1495,2024-09-03,57.33
O008212,C1495,2024-10-16,37.71
O008213,C1495,2024-11-06,168.13
O008214,C1495,2025-03-04,109.48
O008215,C1496,2025-09-17,58.49
O008216,C1496,2025-10-07,188.15
O008217,C1496,2025-10-20,34.37
O008218,C1496,2025-11-29,34.18
O008219,C1497,2025-05-10,54.93
O008220,C1497,2025-06-24,20.52
O008221,C1497,2025-08-13,50.65
O008222,C1497,2025-10-29,22.73
O008223,C1498,2025-02-04,12.17
O008224,C1498,2025-05-13,13.06
O008225,C1498,2025-09-10,72.84
O008226,C1498,2025-11-28,12.58
O008227,C1500,2024-04-13,868.98
O008228,C1500,2024-04-23,208.45
O008229,C1500,2024-06-30,152.21
O008230,C1500,2024-09-28,338.98
O008231,C1500,2024-12-18,226.22
O008232,C1500,2025-02-16,161.13
O008233,C1500,2025-06-11,189.99
O008234,C1500,2025-06-17,108.04
O008235,C1501,2024-11-15,41.83
O008236,C1501,2025-03-05,120.26
O008237,C1501,2025-05-10,36.4
O008238,C1501,2025-07-30,45.01
O008239,C1501,2025-10-04,27.51
O008240,C1502,2025-09-15,155.07
O008241,C1502,2025-11-05,28.01
O008242,C1502,2025-12-11,130.12
O008243,C1503,2025-07-08,52.58
O008244,C1503,2025-09-27,110.15
O008245,C1503,2025-10-16,222.91
O008246,C1503,2025-11-14,157.88
O008247,C1503,2025-12-13,98.35
O008248,C1504,2025-08-15,36.4
O008249,C1504,2025-10-14,81.27
O008250,C1504,2025-12-06,196.22
O008251,C1506,2025-05-25,22.52
O008252,C1506,2025-07-06,148.06
O008253,C1506,2025-10-01,53.72
O008254,C1506,2025-12-09,130.88
O008255,C1507,2025-03-30,107.97
O008256,C1507,2025-05-22,268.4
O008257,C1507,2025-07-14,97.59
O008258,C1507,2025-09-11,30.58
O008259,C1507,2025-11-15,29.63
O008260,C1508,2025-07-08,69.69
O008261,C1509,2025-08-11,160.78
O008262,C1509,2025-10-02,223.24
O008263,C1510,2024-05-20,167.3
O008264,C1510,2024-06-14,146.83
O008265,C1510,2024-09-04,204.48
O008266,C1510,2024-12-10,29.75
O008267,C1510,2025-05-20,43.19
O008268,C1510,2025-07-30,58.0
O008269,C1510,2025-11-20,177.07
O008270,C1511,2025-04-14,52.95
O008271,C1511,2025-05-11,36.96
O008272,C1511,2025-07-03,157.53
O008273,C1511,2025-11-18,61.64
O008274,C1512,2025-02-21,13.95
O008275,C1512,2025-06-04,13.59
O008276,C1514,2025-01-01,124.62
O008277,C1514,2025-01-22,114.11
O008278,C1514,2025-02-05,81.14
O008279,C1514,2025-05-02,153.69
O008280,C1514,2025-05-12,196.68
O008281,C1514,2025-06-13,78.7
O008282,C1514,2025-08-09,159.82
O008283,C1514,2025-09-03,139.03
O008284,C1514,2025-09-09,51.22
O008285,C1514,2025-10-16,92.36
O008286,C1514,2025-10-29,77.95
O008287,C1515,2024-03-10,6.77
O008288,C1515,2024-06-02,23.45
O008289,C1515,2024-07-23,20.04
O008290,C1515,2024-12-10,116.64
O008291,C1515,2025-01-14,85.33
O008292,C1515,2025-03-01,48.9
O008293,C1515,2025-03-31,70.45
O008294,C1515,2025-04-22,38.82
O008295,C1515,2025-05-23,40.35
O008296,C1516,2024-11-15,146.35
O008297,C1516,2024-11-25,83.1
O008298,C1516,2025-02-22,43.4
O008299,C1516,2025-04-28,184.61
O008300,C1516,2025-05-22,235.93
O008301,C1516,2025-06-22,67.91
O008302,C1516,2025-09-19,126.87
O008303,C1517,2025-02-25,93.82
O008304,C1517,2025-09-04,134.01
O008305,C1517,2025-10-16,68.79
O008306,C1517,2025-12-07,220.97
O008307,C1518,2024-03-23,20.19
O008308,C1518,2024-04-10,180.33
O008309,C1518,2024-06-10,33.42
O008310,C1518,2024-07-16,121.87
O008311,C1518,2024-08-22,35.76
O008312,C1518,2024-11-13,33.58
O008313,C1518,2024-12-19,12.73
O008314,C1518,2024-12-25,28.72
O008315,C1518,2025-01-19,11.17
O008316,C1518,2025-03-21,69.25
O008317,C1519,2024-10-31,7.31
O008318,C1519,2025-01-25,13.01
O008319,C1519,2025-02-02,31.46
O008320,C1519,2025-11-13,84.74
O008321,C1520,2025-01-01,124.31
O008322,C1520,2025-02-05,34.07
O008323,C1520,2025-03-13,50.3
O008324,C1520,2025-04-19,8.03
O008325,C1520,2025-06-01,23.78
O008326,C1520,2025-07-24,160.56
O008327,C1520,2025-11-06,85.84
O008328,C1521,2024-09-23,84.84
O008329,C1522,2025-04-27,12.01
O008330,C1523,2024-03-15,94.98
O008331,C1523,2024-04-21,182.0
O008332,C1523,2024-06-06,84.56
O008333,C1523,2024-07-17,52.33
O008334,C1523,2024-08-15,36.94
O008335,C1523,2024-10-20,281.65
O008336,C1523,2024-11-18,153.88
O008337,C1523,2024-11-27,8.5
O008338,C1523,2024-12-25,81.25
O008339,C1523,2025-01-30,17.23
O008340,C1523,2025-03-09,33.58
O008341,C1523,2025-03-26,57.39
O008342,C1523,2025-05-10,48.75
O008343,C1523,2025-05-28,152.38
O008344,C1523,2025-08-30,57.35
O008345,C1523,2025-10-14,176.08
O008346,C1523,2025-12-28,63.78
O008347,C1524,2024-07-14,37.97
O008348,C1524,2024-07-22,337.29
O008349,C1524,2024-08-12,345.85
O008350,C1524,2024-11-29,74.99
O008351,C1524,2025-02-23,26.29
O008352,C1524,2025-05-05,141.83
O008353,C1524,2025-06-14,140.02
O008354,C1524,2025-07-01,68.95
O008355,C1524,2025-07-26,137.27
O008356,C1524,2025-10-27,35.94
O008357,C1524,2025-11-20,89.1
O008358,C1525,2025-06-09,101.14
O008359,C1525,2025-06-28,28.59
O008360,C1525,2025-07-21,58.9
O008361,C1525,2025-07-27,87.7
O008362,C1525,2025-08-12,26.0
O008363,C1525,2025-12-16,50.69
O008364,C1526,2024-11-18,54.01
O008365,C1526,2025-02-19,110.77
O008366,C1526,2025-09-06,28.16
O008367,C1527,2024-04-24,145.02
O008368,C1527,2024-07-25,81.42
O008369,C1528,2024-03-11,352.02
O008370,C1528,2024-04-21,224.8
O008371,C1528,2024-05-12,148.76
O008372,C1528,2024-05-23,393.0
O008373,C1528,2024-06-18,51.23
O008374,C1528,2024-07-10,53.92
O008375,C1528,2024-08-09,24.81
O008376,C1528,2024-08-25,35.02
O008377,C1528,2024-10-14,69.61
O008378,C1528,2024-10-20,67.94
O008379,C1528,2024-11-28,308.37
O008380,C1528,2024-12-04,292.16
O008381,C1528,2025-01-16,132.26
O008382,C1528,2025-02-20,80.36
O008383,C1528,2025-04-06,200.88
O008384,C1528,2025-06-19,48.01
O008385,C1528,2025-07-23,38.45
O008386,C1528,2025-08-03,93.72
O008387,C1528,2025-09-21,105.82
O008388,C1528,2025-09-27,729.24
O008389,C1528,2025-12-20,145.17
O008390,C1529,2024-11-28,303.09
O008391,C1529,2024-12-10,84.84
O008392,C1529,2024-12-27,94.13
O008393,C1529,2025-01-31,196.47
O008394,C1529,2025-04-10,101.89
O008395,C1529,2025-05-22,83.92
O008396,C1529,2025-06-05,68.91
O008397,C1529,2025-06-29,191.98
O008398,C1529,2025-07-30,115.43
O008399,C1529,2025-08-09,128.98
O008400,C1529,2025-09-10,125.37
O008401,C1529,2025-10-07,197.68
O008402,C1529,2025-10-19,46.18
O008403,C1529,2025-11-01,100.53
O008404,C1529,2025-11-13,71.68
O008405,C1529,2025-12-24,82.26
O008406,C1530,2025-06-03,90.92
O008407,C1530,2025-09-28,143.12
O008408,C1531,2024-02-20,163.76
O008409,C1531,2024-02-26,19.72
O008410,C1531,2024-04-28,141.5
O008411,C1531,2024-06-07,132.08
O008412,C1531,2024-07-05,79.54
O008413,C1531,2024-08-08,67.16
O008414,C1531,2024-08-15,73.65
O008415,C1531,2024-09-29,206.81
O008416,C1531,2024-10-21,90.31
O008417,C1531,2024-10-28,154.08
O008418,C1531,2024-12-17,146.54
O008419,C1531,2025-01-12,265.15
O008420,C1531,2025-03-28,151.35
O008421,C1531,2025-04-23,115.04
O008422,C1531,2025-05-04,243.59
O008423,C1531,2025-05-21,55.19
O008424,C1531,2025-06-03,169.63
O008425,C1531,2025-07-02,267.12
O008426,C1531,2025-08-14,100.91
O008427,C1531,2025-08-23,115.17
O008428,C1531,2025-09-11,153.85
O008429,C1531,2025-09-25,211.48
O008430,C1531,2025-10-19,62.26
O008431,C1531,2025-11-20,225.28
O008432,C1531,2025-12-09,123.32
O008433,C1531,2025-12-19,174.02
O008434,C1532,2024-04-12,144.85
O008435,C1532,2024-05-15,23.35
O008436,C1532,2024-09-01,59.96
O008437,C1532,2024-11-21,60.51
O008438,C1533,2024-07-25,164.59
O008439,C1533,2024-10-04,22.19
O008440,C1533,2024-11-10,29.59
O008441,C1533,2024-12-29,62.83
O008442,C1533,2025-02-26,26.44
O008443,C1533,2025-06-20,63.04
O008444,C1533,2025-09-04,93.59
O008445,C1533,2025-10-02,32.21
O008446,C1533,2025-10-19,18.45
O008447,C1533,2025-11-30,116.03
O008448,C1534,2024-05-18,31.46
O008449,C1535,2024-03-18,21.0
O008450,C1535,2024-04-17,6.47
O008451,C1535,2024-05-09,19.64
O008452,C1535,2024-06-28,113.45
O008453,C1535,2024-11-04,51.93
O008454,C1535,2025-04-30,55.6
O008455,C1535,2025-07-19,85.43
O008456,C1535,2025-10-29,21.17
O008457,C1536,2024-06-28,86.31
O008458,C1536,2024-11-05,14.47
O008459,C1536,2025-01-03,94.4
O008460,C1537,2024-12-23,93.69
O008461,C1537,2024-12-29,112.3
O008462,C1537,2025-01-07,105.5
O008463,C1537,2025-02-13,32.93
O008464,C1537,2025-04-02,75.73
O008465,C1537,2025-05-31,52.68
O008466,C1537,2025-06-06,71.19
O008467,C1537,2025-07-02,126.34
O008468,C1537,2025-07-31,38.43
O008469,C1537,2025-08-17,81.81
O008470,C1537,2025-09-28,119.04
O008471,C1537,2025-10-07,132.42
O008472,C1537,2025-10-16,86.62
O008473,C1537,2025-11-08,40.31
O008474,C1537,2025-11-21,94.94
O008475,C1537,2025-11-30,22.21
O008476,C1537,2025-12-15,87.14
O008477,C1538,2025-04-16,104.41
O008478,C1539,2025-07-26,83.07
O008479,C1539,2025-12-16,87.89
O008480,C1540,2025-01-19,42.67
O008481,C1540,2025-02-15,201.49
O008482,C1540,2025-02-21,107.06
O008483,C1540,2025-02-27,130.09
O008484,C1540,2025-03-14,149.54
O008485,C1540,2025-03-27,90.98
O008486,C1540,2025-04-10,95.26
O008487,C1540,2025-06-28,104.15
O008488,C1540,2025-07-28,172.24
O008489,C1540,2025-08-23,90.31
O008490,C1540,2025-09-23,71.07
O008491,C1540,2025-10-20,88.71
O008492,C1540,2025-10-31,199.06
O008493,C1540,2025-11-12,38.0
O008494,C1540,2025-12-17,62.43
O008495,C1541,2025-04-12,374.44
O008496,C1541,2025-05-12,93.06
O008497,C1541,2025-07-03,165.45
O008498,C1541,2025-07-11,143.7
O008499,C1541,2025-08-05,108.93
O008500,C1541,2025-08-31,390.58
O008501,C1541,2025-10-09,111.03
O008502,C1541,2025-12-02,56.55
O008503,C1542,2025-06-05,32.59
O008504,C1542,2025-06-24,172.72
O008505,C1543,2025-05-26,50.08
O008506,C1543,2025-08-19,6.59
O008507,C1543,2025-10-15,13.53
O008508,C1544,2024-04-16,62.09
O008509,C1544,2024-05-15,117.14
O008510,C1544,2024-07-07,260.22
O008511,C1544,2024-09-23,69.82
O008512,C1544,2024-10-12,36.17
O008513,C1544,2025-01-01,49.68
O008514,C1544,2025-05-02,176.91
O008515,C1544,2025-07-01,28.14
O008516,C1544,2025-10-19,70.82
O008517,C1544,2025-12-17,116.42
O008518,C1545,2025-01-22,80.69
O008519,C1545,2025-03-21,47.15
O008520,C1545,2025-04-21,40.91
O008521,C1545,2025-06-12,169.94
O008522,C1545,2025-08-24,90.69
O008523,C1545,2025-09-27,116.71
O008524,C1545,2025-12-30,81.25
O008525,C1546,2025-03-12,37.29
O008526,C1546,2025-05-23,37.45
O008527,C1546,2025-08-07,12.86
O008528,C1548,2024-09-12,50.94
O008529,C1548,2024-11-09,27.76
O008530,C1549,2025-09-27,104.76
O008531,C1549,2025-10-28,97.29
O008532,C1549,2025-12-25,10.22
O008533,C1550,2024-04-20,67.36
O008534,C1550,2024-07-06,23.94
O008535,C1550,2024-08-27,61.16
O008536,C1550,2024-10-27,120.5
O008537,C1550,2024-11-17,22.88
O008538,C1550,2025-05-25,19.6
O008539,C1550,2025-06-09,96.09
O008540,C1550,2025-07-30,74.19
O008541,C1550,2025-12-10,25.57
O008542,C1551,2024-09-05,120.86
O008543,C1551,2024-10-20,97.15
O008544,C1551,2024-11-16,282.91
O008545,C1551,2024-12-07,15.17
O008546,C1551,2024-12-16,102.58
O008547,C1551,2025-01-28,91.62
O008548,C1551,2025-04-05,29.52
O008549,C1551,2025-04-30,19.9
O008550,C1551,2025-05-21,274.28
O008551,C1551,2025-06-14,48.31
O008552,C1551,2025-08-20,166.08
O008553,C1551,2025-10-30,43.25
O008554,C1551,2025-12-05,72.25
O008555,C1552,2025-07-21,77.27
O008556,C1552,2025-10-10,62.85
O008557,C1553,2024-04-18,23.86
O008558,C1553,2024-05-11,44.56
O008559,C1553,2024-07-20,204.26
O008560,C1553,2024-11-08,184.97
O008561,C1553,2024-12-01,93.39
O008562,C1553,2024-12-18,95.19
O008563,C1553,2024-12-30,167.43
O008564,C1553,2025-02-19,181.96
O008565,C1553,2025-04-13,267.88
O008566,C1553,2025-06-12,90.87
O008567,C1553,2025-08-18,178.92
O008568,C1553,2025-08-27,50.68
O008569,C1553,2025-12-10,37.83
O008570,C1554,2024-04-03,15.2
O008571,C1554,2024-06-28,26.04
O008572,C1554,2024-07-10,93.67
O008573,C1554,2024-08-17,15.51
O008574,C1554,2024-09-15,261.57
O008575,C1554,2024-10-25,344.64
O008576,C1554,2024-12-13,35.69
O008577,C1554,2025-01-21,201.12
O008578,C1554,2025-03-31,12.93
O008579,C1554,2025-06-13,21.12
O008580,C1554,2025-07-14,111.76
O008581,C1554,2025-08-10,188.56
O008582,C1554,2025-09-17,85.98
O008583,C1554,2025-10-29,39.58
O008584,C1554,2025-12-08,70.11
O008585,C1555,2025-01-26,72.04
O008586,C1555,2025-02-16,100.13
O008587,C1555,2025-03-14,87.8
O008588,C1555,2025-06-15,10.33
O008589,C1555,2025-07-23,374.3
O008590,C1556,2024-10-11,92.28
O008591,C1556,2024-12-23,294.99
O008592,C1556,2025-04-28,24.84
O008593,C1556,2025-06-06,79.38
O008594,C1556,2025-08-07,252.42
O008595,C1556,2025-10-11,290.7
O008596,C1556,2025-12-01,231.1
O008597,C1557,2024-09-09,78.82
O008598,C1557,2024-10-17,15.09
O008599,C1557,2024-11-30,94.36
O008600,C1557,2025-01-08,6.12
O008601,C1558,2024-06-10,306.21
O008602,C1558,2024-08-27,145.17
O008603,C1558,2024-09-05,136.73
O008604,C1558,2024-09-26,41.98
O008605,C1558,2024-10-23,27.81
O008606,C1558,2024-12-12,247.6
O008607,C1558,2024-12-26,238.26
O008608,C1558,2025-01-21,85.38
O008609,C1558,2025-02-14,178.8
O008610,C1558,2025-02-24,159.28
O008611,C1558,2025-04-01,125.06
O008612,C1558,2025-05-04,22.87
O008613,C1558,2025-05-28,186.26
O008614,C1558,2025-06-29,180.06
O008615,C1558,2025-08-14,148.45
O008616,C1558,2025-08-24,89.32
O008617,C1558,2025-09-07,253.58
O008618,C1558,2025-09-30,80.04
O008619,C1558,2025-11-16,146.75
O008620,C1558,2025-12-22,41.67
O008621,C1559,2024-04-07,32.92
O008622,C1559,2024-05-17,129.55
O008623,C1559,2024-06-21,105.72
O008624,C1559,2024-10-16,46.14
O008625,C1559,2025-01-16,36.37
O008626,C1559,2025-04-04,40.33
O008627,C1559,2025-05-04,8.6
O008628,C1560,2025-03-03,20.21
O008629,C1560,2025-04-21,33.48
O008630,C1560,2025-09-01,268.0
O008631,C1561,2024-08-08,33.96
O008632,C1561,2024-11-16,37.49
O008633,C1561,2025-02-07,123.44
O008634,C1561,2025-04-13,21.91
O008635,C1561,2025-06-01,45.71
O008636,C1561,2025-07-12,32.71
O008637,C1561,2025-11-05,136.17
O008638,C1564,2024-08-07,138.48
O008639,C1564,2024-09-21,66.56
O008640,C1565,2024-05-06,374.7
O008641,C1565,2024-08-04,154.81
O008642,C1565,2024-08-26,201.26
O008643,C1565,2024-09-16,237.73
O008644,C1565,2024-11-25,259.48
O008645,C1565,2024-12-08,403.86
O008646,C1565,2025-02-14,356.39
O008647,C1566,2025-02-06,50.85
O008648,C1566,2025-03-10,54.75
O008649,C1567,2024-06-15,55.63
O008650,C1567,2024-12-03,70.98
O008651,C1567,2025-03-01,20.33
O008652,C1567,2025-06-09,44.12
O008653,C1567,2025-08-06,46.29
O008654,C1568,2025-06-01,128.39
O008655,C1568,2025-12-05,187.01
O008656,C1569,2024-08-14,186.39
O008657,C1570,2025-04-02,40.07
O008658,C1570,2025-05-30,15.06
O008659,C1570,2025-07-21,70.92
O008660,C1570,2025-08-26,90.02
O008661,C1570,2025-10-27,35.61
O008662,C1570,2025-11-20,149.22
O008663,C1570,2025-12-30,73.15
O008664,C1571,2024-10-13,110.67
O008665,C1571,2025-02-06,91.79
O008666,C1571,2025-03-31,26.9
O008667,C1571,2025-07-20,145.67
O008668,C1571,2025-09-15,49.7
O008669,C1571,2025-11-26,40.78
O008670,C1572,2024-08-20,73.05
O008671,C1572,2025-06-15,23.18
O008672,C1572,2025-07-22,61.14
O008673,C1573,2024-09-11,18.29
O008674,C1573,2024-11-13,14.4
O008675,C1573,2024-11-29,39.75
O008676,C1573,2024-12-24,41.66
O008677,C1573,2025-02-22,13.2
O008678,C1573,2025-03-02,12.95
O008679,C1573,2025-04-24,95.59
O008680,C1573,2025-05-11,37.64
O008681,C1573,2025-09-25,112.75
O008682,C1573,2025-11-02,100.14
O008683,C1573,2025-11-18,236.6
O008684,C1574,2024-09-20,23.36
O008685,C1575,2025-09-02,77.52
O008686,C1576,2025-05-11,147.24
O008687,C1576,2025-07-02,157.31
O008688,C1577,2025-10-22,73.84
O008689,C1577,2025-12-17,41.85
O008690,C1578,2024-01-24,778.98
O008691,C1579,2025-06-26,140.56
O008692,C1579,2025-08-30,34.58
O008693,C1579,2025-11-01,66.91
O008694,C1580,2025-06-28,30.65
O008695,C1580,2025-09-19,25.18
O008696,C1581,2025-01-18,71.56
O008697,C1581,2025-02-14,76.0
O008698,C1581,2025-03-07,129.97
O008699,C1581,2025-03-21,57.5
O008700,C1581,2025-04-08,113.94
O008701,C1581,2025-04-16,309.41
O008702,C1581,2025-05-22,95.11
O008703,C1581,2025-06-29,91.5
O008704,C1581,2025-08-08,204.24
O008705,C1581,2025-08-24,272.11
O008706,C1581,2025-10-25,162.02
O008707,C1581,2025-11-02,73.66
O008708,C1581,2025-11-19,390.44
O008709,C1581,2025-11-25,256.61
O008710,C1581,2025-12-15,204.23
O008711,C1582,2024-04-27,20.87
O008712,C1582,2024-05-28,12.2
O008713,C1582,2024-07-15,32.19
O008714,C1582,2024-09-30,14.88
O008715,C1583,2025-08-28,66.03
O008716,C1583,2025-11-17,10.87
O008717,C1583,2025-12-05,30.09
O008718,C1584,2025-11-14,109.53
O008719,C1585,2025-06-25,15.48
O008720,C1585,2025-08-20,54.2
O008721,C1585,2025-09-08,14.61
O008722,C1585,2025-11-06,140.38
O008723,C1585,2025-12-25,14.57
O008724,C1586,2024-04-03,201.22
O008725,C1586,2024-04-30,58.43
O008726,C1586,2024-11-06,99.62
O008727,C1586,2025-04-05,6.78
O008728,C1587,2024-03-07,317.97
O008729,C1587,2024-03-27,328.32
O008730,C1587,2024-04-12,432.64
O008731,C1587,2024-05-05,295.55
O008732,C1587,2024-05-23,126.26
O008733,C1587,2024-07-27,44.29
O008734,C1587,2024-09-29,66.42
O008735,C1587,2024-10-19,164.26
O008736,C1587,2024-11-06,78.21
O008737,C1587,2024-11-18,216.28
O008738,C1587,2024-12-31,243.82
O008739,C1587,2025-01-30,32.32
O008740,C1587,2025-02-24,129.8
O008741,C1587,2025-03-31,176.78
O008742,C1587,2025-05-01,357.29
O008743,C1587,2025-05-19,511.18
O008744,C1587,2025-06-07,114.23
O008745,C1587,2025-06-24,156.0
O008746,C1587,2025-07-08,72.69
O008747,C1587,2025-08-09,185.5
O008748,C1587,2025-09-02,335.58
O008749,C1587,2025-10-04,269.89
O008750,C1587,2025-11-24,14.1
O008751,C1587,2025-12-23,70.53
O008752,C1588,2024-06-12,73.22
O008753,C1588,2024-06-23,87.89
O008754,C1588,2024-07-20,56.28
O008755,C1588,2024-10-14,12.2
O008756,C1588,2024-12-06,32.39
O008757,C1589,2024-04-12,139.36
O008758,C1589,2024-06-15,157.42
O008759,C1589,2024-08-12,36.63
O008760,C1589,2024-10-05,45.39
O008761,C1590,2024-12-29,35.15
O008762,C1590,2025-02-26,46.19
O008763,C1590,2025-12-06,22.6
O008764,C1591,2025-02-20,29.13
O008765,C1591,2025-03-02,12.95
O008766,C1591,2025-04-24,35.55
O008767,C1592,2024-06-01,18.52
O008768,C1592,2024-12-08,221.28
O008769,C1592,2025-01-19,47.35
O008770,C1592,2025-02-18,98.0
O008771,C1593,2024-10-17,91.23
O008772,C1593,2024-11-24,293.69
O008773,C1593,2025-01-25,67.96
O008774,C1593,2025-03-10,113.15
O008775,C1594,2024-06-26,39.09
O008776,C1595,2024-02-24,445.28
O008777,C1595,2024-03-14,112.32
O008778,C1595,2024-03-25,129.39
O008779,C1596,2024-10-01,7.56
O008780,C1598,2024-06-02,79.65
O008781,C1598,2025-02-03,89.65
O008782,C1599,2025-03-11,94.87
O008783,C1599,2025-05-13,42.74
O008784,C1599,2025-07-21,69.85
O008785,C1599,2025-08-29,22.22
O008786,C1599,2025-12-11,11.61
O008787,C1600,2025-07-25,156.16
O008788,C1600,2025-10-11,11.5
O008789,C1600,2025-11-01,22.99
O008790,C1600,2025-11-10,211.03
O008791,C1601,2025-07-14,28.26
O008792,C1601,2025-10-12,13.1
O008793,C1601,2025-11-12,148.23
O008794,C1601,2025-11-25,23.7
O008795,C1602,2024-04-07,8.28
O008796,C1602,2024-05-04,188.47
O008797,C1602,2024-08-08,20.8
O008798,C1602,2024-09-30,384.27
O008799,C1602,2024-11-06,29.21
O008800,C1602,2025-01-03,87.43
O008801,C1602,2025-02-07,25.35
O008802,C1602,2025-02-23,23.78
O008803,C1603,2024-06-14,8.07
O008804,C1603,2024-12-07,69.45
O008805,C1603,2024-12-29,11.67
O008806,C1603,2025-01-27,38.74
O008807,C1603,2025-04-03,47.91
O008808,C1603,2025-07-08,115.56
O008809,C1603,2025-09-03,157.83
O008810,C1603,2025-10-28,56.25
O008811,C1604,2025-05-06,31.66
O008812,C1604,2025-07-15,51.94
O008813,C1604,2025-10-11,11.06
O008814,C1604,2025-10-17,12.28
O008815,C1604,2025-11-02,133.18
O008816,C1604,2025-12-17,42.42
O008817,C1605,2024-05-18,34.98
O008818,C1605,2024-07-21,53.11
O008819,C1605,2024-09-23,58.25
O008820,C1605,2024-11-13,33.39
O008821,C1605,2024-12-14,110.06
O008822,C1605,2025-02-15,227.8
O008823,C1605,2025-05-19,33.85
O008824,C1605,2025-06-26,15.21
O008825,C1605,2025-07-17,93.68
O008826,C1605,2025-09-20,109.63
O008827,C1605,2025-10-21,76.49
O008828,C1606,2024-09-22,140.58
O008829,C1606,2024-11-02,16.81
O008830,C1607,2025-09-14,42.94
O008831,C1607,2025-10-06,12.68
O008832,C1607,2025-11-02,23.68
O008833,C1607,2025-11-26,31.83
O008834,C1608,2024-03-21,111.64
O008835,C1608,2024-05-07,47.81
O008836,C1608,2024-06-10,106.71
O008837,C1609,2024-01-31,61.81
O008838,C1609,2024-03-21,104.42
O008839,C1609,2024-05-24,55.22
O008840,C1609,2024-08-14,48.38
O008841,C1609,2024-09-08,121.08
O008842,C1609,2024-10-24,187.03
O008843,C1609,2024-11-30,48.77
O008844,C1609,2025-01-17,35.93
O008845,C1609,2025-03-14,142.01
O008846,C1609,2025-04-28,24.08
O008847,C1609,2025-06-23,92.44
O008848,C1609,2025-07-18,20.33
O008849,C1609,2025-08-13,39.84
O008850,C1609,2025-09-28,66.88
O008851,C1609,2025-11-18,71.09
O008852,C1609,2025-12-27,156.06
O008853,C1610,2024-03-07,199.63
O008854,C1610,2024-08-07,53.28
O008855,C1610,2024-10-20,79.58
O008856,C1610,2025-01-02,38.12
O008857,C1610,2025-02-06,201.64
O008858,C1610,2025-02-26,47.44
O008859,C1611,2024-02-20,194.94
O008860,C1611,2024-03-21,120.89
O008861,C1611,2024-05-25,153.56
O008862,C1611,2024-06-15,134.77
O008863,C1611,2024-08-23,23.26
O008864,C1611,2024-11-12,123.8
O008865,C1611,2025-01-17,204.22
O008866,C1611,2025-03-26,237.56
O008867,C1611,2025-05-09,134.63
O008868,C1611,2025-05-26,34.87
O008869,C1611,2025-07-07,47.47
O008870,C1611,2025-08-24,134.34
O008871,C1611,2025-10-03,36.09
O008872,C1611,2025-11-15,29.0
O008873,C1611,2025-11-21,41.88
O008874,C1612,2024-10-09,140.22
O008875,C1613,2025-06-10,51.4
O008876,C1613,2025-08-29,133.37
O008877,C1613,2025-10-02,60.08
O008878,C1613,2025-12-10,141.85
O008879,C1613,2025-12-28,72.48
O008880,C1614,2024-07-18,19.9
O008881,C1614,2024-08-25,147.18
O008882,C1614,2024-12-26,6.39
O008883,C1614,2025-04-26,12.48
O008884,C1614,2025-06-11,20.48
O008885,C1614,2025-07-06,27.36
O008886,C1615,2025-07-30,108.71
O008887,C1615,2025-09-02,85.65
O008888,C1616,2024-05-14,60.86
O008889,C1616,2024-06-02,51.3
O008890,C1616,2024-06-20,68.7
O008891,C1616,2024-09-15,127.61
O008892,C1617,2025-06-28,71.62
O008893,C1617,2025-10-12,46.99
O008894,C1618,2025-11-24,177.03
O008895,C1619,2024-12-24,33.66
O008896,C1619,2025-03-11,148.39
O008897,C1619,2025-04-02,80.37
O008898,C1619,2025-08-24,21.56
O008899,C1619,2025-09-27,183.3
O008900,C1619,2025-11-03,33.35
O008901,C1620,2024-09-27,84.93
O008902,C1620,2024-11-06,52.09
O008903,C1620,2024-11-17,219.88
O008904,C1620,2024-11-29,170.6
O008905,C1620,2024-12-30,14.75
O008906,C1620,2025-01-21,100.47
O008907,C1620,2025-03-17,9.05
O008908,C1620,2025-04-12,15.09
O008909,C1620,2025-04-30,145.69
O008910,C1620,2025-05-07,148.1
O008911,C1620,2025-06-08,98.67
O008912,C1620,2025-06-14,222.68
O008913,C1620,2025-06-26,130.18
O008914,C1620,2025-08-09,50.14
O008915,C1620,2025-08-21,87.06
O008916,C1620,2025-09-05,54.49
O008917,C1620,2025-10-04,154.43
O008918,C1620,2025-11-04,199.96
O008919,C1621,2024-06-30,18.35
O008920,C1622,2025-06-25,73.17
O008921,C1622,2025-09-07,144.15
O008922,C1622,2025-10-20,33.55
O008923,C1622,2025-11-28,23.59
O008924,C1622,2025-12-26,325.56
O008925,C1623,2024-01-05,174.93
O008926,C1623,2024-03-10,18.18
O008927,C1623,2024-04-28,139.71
O008928,C1623,2024-06-25,143.43
O008929,C1623,2024-07-24,91.5
O008930,C1623,2024-08-01,15.21
O008931,C1624,2024-05-18,127.07
O008932,C1624,2024-08-08,12.09
O008933,C1624,2024-12-14,43.74
O008934,C1624,2025-01-05,26.52
O008935,C1624,2025-03-27,30.94
O008936,C1624,2025-05-21,10.16
O008937,C1624,2025-09-28,43.46
O008938,C1625,2025-01-07,25.44
O008939,C1625,2025-02-28,73.29
O008940,C1626,2024-04-28,110.96
O008941,C1626,2024-05-22,90.28
O008942,C1626,2024-07-30,46.31
O008943,C1626,2024-11-25,224.58
O008944,C1626,2024-12-15,161.54
O008945,C1626,2024-12-22,81.0
O008946,C1626,2025-01-28,148.84
O008947,C1626,2025-03-24,256.66
O008948,C1626,2025-05-21,294.95
O008949,C1626,2025-06-22,109.76
O008950,C1627,2024-03-04,84.39
O008951,C1627,2024-04-02,94.93
O008952,C1627,2024-07-23,29.09
O008953,C1627,2024-08-03,7.22
O008954,C1627,2024-08-15,36.04
O008955,C1627,2024-10-11,199.12
O008956,C1627,2024-10-26,64.8
O008957,C1627,2024-12-12,30.29
O008958,C1627,2025-01-16,64.88
O008959,C1627,2025-02-05,17.58
O008960,C1627,2025-04-01,49.72
O008961,C1627,2025-04-13,32.09
O008962,C1627,2025-06-23,103.07
O008963,C1628,2024-12-03,86.4
O008964,C1628,2025-02-05,15.46
O008965,C1628,2025-03-16,146.38
O008966,C1629,2024-01-17,136.48
O008967,C1629,2024-04-21,83.19
O008968,C1629,2024-10-08,103.9
O008969,C1629,2025-07-16,35.24
O008970,C1629,2025-10-20,35.82
O008971,C1630,2024-06-22,125.41
O008972,C1631,2024-12-20,86.43
O008973,C1631,2025-05-19,135.06
O008974,C1632,2025-07-03,49.33
O008975,C1632,2025-08-01,226.61
O008976,C1632,2025-09-11,69.07
O008977,C1632,2025-11-11,242.58
O008978,C1633,2025-04-16,64.47
O008979,C1633,2025-05-05,13.16
O008980,C1633,2025-06-16,76.52
O008981,C1633,2025-10-24,21.28
O008982,C1634,2024-03-01,111.1
O008983,C1634,2024-03-23,456.01
O008984,C1634,2024-05-13,70.61
O008985,C1634,2024-05-27,295.69
O008986,C1634,2024-06-09,202.5
O008987,C1634,2024-07-13,60.78
O008988,C1634,2024-08-17,163.24
O008989,C1634,2024-09-27,254.7
O008990,C1634,2024-11-08,68.55
O008991,C1634,2024-12-16,68.06
O008992,C1634,2024-12-29,172.42
O008993,C1634,2025-01-24,122.75
O008994,C1634,2025-03-16,34.53
O008995,C1634,2025-05-01,220.45
O008996,C1634,2025-05-07,385.57
O008997,C1634,2025-06-05,50.63
O008998,C1634,2025-06-22,45.53
O008999,C1634,2025-07-06,155.37
O009000,C1634,2025-08-21,95.91
O009001,C1634,2025-10-09,322.68
O009002,C1634,2025-12-03,72.53
O009003,C1634,2025-12-29,131.73
O009004,C1635,2025-10-17,13.29
O009005,C1635,2025-12-12,53.76
O009006,C1635,2025-12-28,97.77
O009007,C1636,2024-02-19,37.83
O009008,C1636,2024-05-15,78.02
O009009,C1636,2024-10-13,48.9
O009010,C1636,2024-12-19,106.1
O009011,C1636,2025-03-24,94.4
O009012,C1636,2025-07-01,68.26
O009013,C1636,2025-12-01,44.5
O009014,C1637,2025-02-07,18.51
O009015,C1637,2025-03-30,76.13
O009016,C1637,2025-05-20,30.24
O009017,C1637,2025-06-06,79.34
O009018,C1637,2025-11-06,30.6
O009019,C1638,2025-02-16,148.02
O009020,C1638,2025-03-07,45.17
O009021,C1638,2025-05-26,21.61
O009022,C1638,2025-08-03,41.19
O009023,C1638,2025-10-11,36.61
O009024,C1639,2025-03-18,42.63
O009025,C1639,2025-04-26,74.9
O009026,C1639,2025-08-20,12.82
O009027,C1640,2024-06-18,39.03
O009028,C1640,2024-06-24,98.42
O009029,C1640,2024-08-01,13.96
O009030,C1640,2024-08-07,166.56
O009031,C1640,2024-10-14,226.36
O009032,C1640,2024-11-15,86.06
O009033,C1640,2024-12-02,114.24
O009034,C1640,2025-01-30,38.86
O009035,C1640,2025-02-05,189.39
O009036,C1640,2025-02-11,55.64
O009037,C1640,2025-03-07,90.4
O009038,C1640,2025-03-27,170.43
O009039,C1640,2025-04-24,104.39
O009040,C1640,2025-06-01,124.33
O009041,C1640,2025-06-19,47.04
O009042,C1640,2025-07-19,90.87
O009043,C1640,2025-08-16,60.08
O009044,C1640,2025-09-02,162.44
O009045,C1640,2025-09-22,98.14
O009046,C1640,2025-10-07,54.81
O009047,C1640,2025-10-21,66.06
O009048,C1640,2025-10-29,126.5
O009049,C1640,2025-11-29,80.01
O009050,C1640,2025-12-15,49.44
O009051,C1640,2025-12-25,9.59
O009052,C1641,2024-05-17,21.96
O009053,C1641,2024-07-27,36.41
O009054,C1641,2024-09-15,81.29
O009055,C1641,2024-10-16,153.78
O009056,C1641,2024-12-26,58.87
O009057,C1641,2025-01-22,81.02
O009058,C1641,2025-04-19,37.17
O009059,C1641,2025-07-12,79.81
O009060,C1641,2025-09-23,133.4
O009061,C1641,2025-12-16,75.69
O009062,C1642,2025-06-22,86.45
O009063,C1642,2025-07-28,106.58
O009064,C1643,2025-02-09,15.82
O009065,C1643,2025-06-13,152.04
O009066,C1643,2025-08-11,62.34
O009067,C1644,2024-05-08,124.37
O009068,C1644,2024-07-09,178.95
O009069,C1644,2024-10-08,40.2
O009070,C1644,2024-12-03,40.85
O009071,C1644,2025-05-27,259.08
O009072,C1644,2025-06-08,250.68
O009073,C1644,2025-09-10,362.84
O009074,C1645,2024-03-23,47.69
O009075,C1645,2024-07-22,136.4
O009076,C1645,2024-12-03,13.48
O009077,C1645,2025-03-23,47.09
O009078,C1645,2025-08-02,27.18
O009079,C1645,2025-08-26,25.71
O009080,C1646,2024-07-16,43.85
O009081,C1646,2024-11-29,202.32
O009082,C1646,2025-01-26,99.79
O009083,C1646,2025-03-20,54.83
O009084,C1646,2025-06-18,103.78
O009085,C1646,2025-09-10,68.79
O009086,C1646,2025-11-10,360.66
O009087,C1646,2025-12-10,123.63
O009088,C1647,2025-01-09,13.5
O009089,C1647,2025-01-28,78.97
O009090,C1647,2025-02-16,136.77
O009091,C1647,2025-04-22,158.8
O009092,C1647,2025-05-12,173.36
O009093,C1647,2025-06-18,189.52
O009094,C1647,2025-07-30,105.8
O009095,C1647,2025-09-01,30.01
O009096,C1647,2025-09-10,27.3
O009097,C1647,2025-10-07,100.38
O009098,C1647,2025-11-19,37.1
O009099,C1647,2025-11-29,30.92
O009100,C1647,2025-12-05,94.75
O009101,C1648,2024-09-04,86.89
O009102,C1648,2024-10-27,10.67
O009103,C1648,2025-02-08,176.16
O009104,C1648,2025-03-31,161.16
O009105,C1648,2025-04-11,31.67
O009106,C1648,2025-04-17,101.74
O009107,C1648,2025-11-24,56.18
O009108,C1648,2025-12-12,16.12
O009109,C1649,2025-04-13,268.89
O009110,C1649,2025-05-19,327.28
O009111,C1649,2025-06-04,111.39
O009112,C1649,2025-08-13,14.98
O009113,C1649,2025-09-06,159.21
O009114,C1649,2025-12-03,248.03
O009115,C1650,2024-11-18,85.31
O009116,C1650,2024-12-22,86.77
O009117,C1650,2025-06-18,37.88
O009118,C1651,2025-07-01,196.1
O009119,C1651,2025-07-28,131.16
O009120,C1651,2025-08-16,217.59
O009121,C1651,2025-08-30,10.72
O009122,C1651,2025-09-20,260.29
O009123,C1651,2025-10-26,133.53
O009124,C1651,2025-11-23,218.29
O009125,C1651,2025-12-15,18.86
O009126,C1652,2025-05-09,8.98
O009127,C1652,2025-05-18,33.87
O009128,C1652,2025-06-22,54.34
O009129,C1652,2025-08-11,91.65
O009130,C1652,2025-09-01,53.54
O009131,C1652,2025-10-04,79.15
O009132,C1652,2025-10-12,144.4
O009133,C1652,2025-11-04,18.13
O009134,C1652,2025-12-06,61.88
O009135,C1652,2025-12-24,223.77
O009136,C1653,2024-10-11,126.5
O009137,C1653,2024-12-18,49.01
O009138,C1653,2025-01-05,184.48
O009139,C1653,2025-03-13,186.63
O009140,C1654,2025-04-15,24.1
O009141,C1654,2025-06-02,72.58
O009142,C1654,2025-09-30,256.29
O009143,C1655,2024-09-08,16.66
O009144,C1655,2024-11-09,109.07
O009145,C1656,2024-02-04,16.51
O009146,C1656,2024-04-03,36.42
O009147,C1656,2024-12-27,61.44
O009148,C1656,2025-02-06,208.75
O009149,C1656,2025-02-24,245.29
O009150,C1657,2024-06-21,46.43
O009151,C1657,2024-09-16,287.69
O009152,C1657,2024-11-11,172.5
O009153,C1657,2025-02-05,103.81
O009154,C1657,2025-04-18,169.52
O009155,C1657,2025-05-29,32.5
O009156,C1657,2025-06-16,78.06
O009157,C1657,2025-10-14,167.43
O009158,C1657,2025-11-13,175.88
O009159,C1657,2025-11-30,142.12
O009160,C1658,2024-09-17,162.55
O009161,C1658,2024-11-29,88.03
O009162,C1658,2025-03-03,53.19
O009163,C1658,2025-06-28,61.03
O009164,C1658,2025-09-02,72.31
O009165,C1658,2025-11-12,60.98
O009166,C1659,2025-07-08,145.51
O009167,C1659,2025-11-14,78.08
O009168,C1660,2025-04-01,81.28
O009169,C1660,2025-05-20,106.86
O009170,C1660,2025-06-21,188.86
O009171,C1660,2025-07-08,439.88
O009172,C1660,2025-07-23,140.36
O009173,C1660,2025-07-31,52.12
O009174,C1660,2025-08-17,269.55
O009175,C1660,2025-09-22,93.66
O009176,C1660,2025-10-10,299.76
O009177,C1660,2025-12-12,46.93
O009178,C1661,2024-05-09,119.46
O009179,C1661,2024-06-23,245.37
O009180,C1661,2024-06-29,49.29
O009181,C1661,2024-09-29,43.87
O009182,C1662,2024-01-17,178.99
O009183,C1662,2024-01-23,53.11
O009184,C1662,2024-07-17,161.08
O009185,C1662,2024-08-16,260.34
O009186,C1662,2024-10-03,98.56
O009187,C1662,2024-12-14,336.52
O009188,C1662,2025-01-23,199.24
O009189,C1662,2025-02-17,155.97
O009190,C1662,2025-03-03,99.1
O009191,C1662,2025-04-17,121.16
O009192,C1662,2025-04-24,126.68
O009193,C1662,2025-05-16,85.5
O009194,C1662,2025-06-28,160.16
O009195,C1662,2025-09-11,191.82
O009196,C1662,2025-09-26,185.48
O009197,C1662,2025-10-25,162.0
O009198,C1662,2025-11-08,100.37
O009199,C1662,2025-12-25,100.8
O009200,C1663,2024-10-18,195.74
O009201,C1663,2025-05-27,81.9
O009202,C1663,2025-07-16,142.9
O009203,C1663,2025-08-06,22.6
O009204,C1663,2025-12-05,200.52
O009205,C1664,2024-10-30,307.35
O009206,C1664,2024-11-26,55.49
O009207,C1664,2024-12-10,89.01
O009208,C1664,2025-01-21,161.54
O009209,C1664,2025-01-27,126.93
O009210,C1664,2025-02-16,161.75
O009211,C1664,2025-03-15,60.5
O009212,C1664,2025-05-26,58.77
O009213,C1664,2025-07-17,177.09
O009214,C1664,2025-07-23,20.02
O009215,C1664,2025-09-12,155.76
O009216,C1664,2025-10-22,118.13
O009217,C1664,2025-12-27,120.12
O009218,C1666,2025-07-27,175.02
O009219,C1666,2025-09-16,334.16
O009220,C1666,2025-10-03,264.47
O009221,C1666,2025-11-26,64.03
O009222,C1667,2025-03-29,196.89
O009223,C1667,2025-04-04,221.96
O009224,C1667,2025-04-23,119.61
O009225,C1667,2025-05-08,119.13
O009226,C1667,2025-06-14,54.78
O009227,C1667,2025-07-27,65.3
O009228,C1667,2025-09-08,35.71
O009229,C1667,2025-10-14,311.22
O009230,C1667,2025-11-03,220.03
O009231,C1667,2025-11-09,66.16
O009232,C1667,2025-12-22,58.67
O009233,C1668,2024-09-11,90.68
O009234,C1669,2024-07-09,119.38
O009235,C1669,2024-09-12,87.02
O009236,C1669,2024-10-07,36.93
O009237,C1670,2024-08-27,160.4
O009238,C1670,2024-11-29,60.88
O009239,C1670,2025-04-05,75.28
O009240,C1670,2025-05-21,222.4
O009241,C1670,2025-06-25,132.5
O009242,C1670,2025-07-18,137.18
O009243,C1670,2025-10-09,169.35
O009244,C1672,2024-10-01,22.69
O009245,C1672,2024-12-30,45.69
O009246,C1672,2025-02-13,24.24
O009247,C1673,2025-09-20,46.3
O009248,C1674,2025-11-18,92.94
O009249,C1674,2025-12-09,95.34
O009250,C1675,2024-01-23,79.08
O009251,C1675,2024-02-25,147.54
O009252,C1675,2024-03-18,47.55
O009253,C1675,2024-04-06,101.13
O009254,C1675,2024-04-30,211.72
O009255,C1675,2024-05-07,148.81
O009256,C1675,2024-05-23,420.37
O009257,C1675,2024-06-23,210.68
O009258,C1675,2024-07-25,353.38
O009259,C1675,2024-09-02,83.67
O009260,C1675,2024-10-08,28.96
O009261,C1676,2024-11-02,155.07
O009262,C1677,2025-02-20,81.34
O009263,C1677,2025-07-15,12.18
O009264,C1678,2025-06-07,138.49
O009265,C1678,2025-09-03,15.0
O009266,C1678,2025-10-31,102.93
O009267,C1678,2025-11-12,43.72
O009268,C1679,2024-02-16,221.73
O009269,C1679,2024-03-12,107.25
O009270,C1679,2024-04-11,79.43
O009271,C1679,2024-05-01,141.2
O009272,C1679,2024-05-13,231.49
O009273,C1679,2024-08-09,364.62
O009274,C1679,2024-08-21,33.92
O009275,C1679,2024-09-14,197.23
O009276,C1679,2024-12-25,100.72
O009277,C1679,2025-03-30,64.57
O009278,C1679,2025-04-23,28.2
O009279,C1679,2025-06-01,30.92
O009280,C1679,2025-08-09,108.12
O009281,C1680,2025-10-14,174.8
O009282,C1680,2025-12-20,49.14
O009283,C1681,2025-03-18,99.32
O009284,C1681,2025-04-14,75.19
O009285,C1681,2025-06-13,47.81
O009286,C1681,2025-07-06,185.71
O009287,C1681,2025-07-12,101.31
O009288,C1681,2025-08-05,262.56
O009289,C1681,2025-09-09,302.83
O009290,C1681,2025-10-04,72.93
O009291,C1681,2025-10-24,187.35
O009292,C1681,2025-10-31,152.03
O009293,C1681,2025-12-01,27.98
O009294,C1681,2025-12-07,175.49
O009295,C1682,2024-07-29,183.17
O009296,C1682,2024-10-09,111.46
O009297,C1682,2024-10-22,222.26
O009298,C1682,2025-01-30,184.87
O009299,C1684,2024-10-08,18.63
O009300,C1684,2024-10-30,56.24
O009301,C1684,2024-12-07,21.57
O009302,C1684,2025-03-26,98.09
O009303,C1684,2025-05-22,55.85
O009304,C1684,2025-06-17,60.73
O009305,C1684,2025-06-29,43.48
O009306,C1684,2025-10-05,101.32
O009307,C1684,2025-10-29,70.96
O009308,C1685,2025-01-30,23.94
O009309,C1685,2025-04-23,78.27
O009310,C1685,2025-07-30,117.44
O009311,C1685,2025-09-18,111.38
O009312,C1685,2025-10-20,64.25
O009313,C1685,2025-12-07,37.61
O009314,C1686,2025-08-20,48.66
O009315,C1686,2025-09-11,23.94
O009316,C1686,2025-11-11,96.22
O009317,C1686,2025-11-27,45.65
O009318,C1687,2024-04-20,115.33
O009319,C1687,2024-11-22,29.79
O009320,C1688,2025-04-17,133.05
O009321,C1688,2025-07-18,73.69
O009322,C1688,2025-08-21,46.8
O009323,C1688,2025-11-26,29.7
O009324,C1689,2024-04-29,233.72
O009325,C1689,2024-05-18,187.3
O009326,C1689,2024-07-19,266.74
O009327,C1689,2024-08-09,600.28
O009328,C1689,2024-09-19,362.01
O009329,C1689,2024-10-24,359.57
O009330,C1689,2024-11-23,44.09
O009331,C1689,2024-12-23,169.53
O009332,C1689,2024-12-29,295.72
O009333,C1689,2025-01-18,213.41
O009334,C1689,2025-01-27,173.27
O009335,C1689,2025-03-08,87.81
O009336,C1689,2025-03-24,194.68
O009337,C1689,2025-05-24,390.16
O009338,C1689,2025-05-30,229.7
O009339,C1689,2025-07-11,177.63
O009340,C1689,2025-07-20,256.43
O009341,C1689,2025-08-05,68.8
O009342,C1689,2025-09-29,253.36
O009343,C1689,2025-11-19,400.74
O009344,C1689,2025-12-08,244.3
O009345,C1690,2025-07-25,10.66
O009346,C1690,2025-09-03,47.5
O009347,C1690,2025-09-17,39.61
O009348,C1691,2025-05-04,28.08
O009349,C1691,2025-07-21,99.7
O009350,C1691,2025-09-26,51.98
O009351,C1692,2025-07-27,191.95
O009352,C1693,2024-12-07,92.47
O009353,C1693,2025-01-04,87.07
O009354,C1693,2025-02-19,9.22
O009355,C1693,2025-03-20,107.63
O009356,C1693,2025-03-26,14.3
O009357,C1693,2025-04-18,69.83
O009358,C1693,2025-05-26,234.22
O009359,C1693,2025-06-06,144.76
O009360,C1693,2025-07-06,156.75
O009361,C1693,2025-07-20,117.48
O009362,C1693,2025-07-31,62.82
O009363,C1693,2025-08-18,69.76
O009364,C1693,2025-10-02,130.07
O009365,C1693,2025-10-31,81.02
O009366,C1693,2025-12-01,83.79
O009367,C1694,2024-12-02,30.57
O009368,C1694,2025-02-15,57.5
O009369,C1695,2025-08-04,123.86
O009370,C1695,2025-09-28,28.58
O009371,C1695,2025-11-26,16.93
O009372,C1696,2024-12-07,31.77
O009373,C1696,2025-01-31,28.88
O009374,C1696,2025-10-13,65.74
O009375,C1697,2025-09-29,104.16
O009376,C1697,2025-10-20,9.1
O009377,C1697,2025-11-30,62.04
O009378,C1697,2025-12-21,43.97
O009379,C1698,2024-10-13,144.49
O009380,C1698,2024-11-07,90.18
O009381,C1698,2025-01-11,114.68
O009382,C1698,2025-01-23,277.65
O009383,C1698,2025-03-12,121.62
O009384,C1698,2025-04-21,111.26
O009385,C1698,2025-07-07,45.05
O009386,C1698,2025-08-06,17.53
O009387,C1698,2025-09-23,155.45
O009388,C1698,2025-11-10,59.2
O009389,C1698,2025-12-09,106.51
O009390,C1699,2025-01-27,6.78
O009391,C1699,2025-04-27,67.84
O009392,C1699,2025-08-04,13.23
O009393,C1700,2024-11-15,68.5
O009394,C1700,2024-12-04,18.22
O009395,C1700,2024-12-31,63.1
O009396,C1701,2025-07-02,13.51
O009397,C1702,2025-01-04,15.89
O009398,C1702,2025-01-17,183.85
O009399,C1702,2025-03-31,13.59
O009400,C1702,2025-04-21,88.69
O009401,C1702,2025-05-03,86.75
O009402,C1702,2025-05-18,39.38
O009403,C1702,2025-06-17,14.63
O009404,C1702,2025-08-27,7.36
O009405,C1702,2025-10-26,76.67
O009406,C1702,2025-12-07,61.61
O009407,C1704,2025-01-03,12.45
O009408,C1704,2025-01-28,93.09
O009409,C1704,2025-03-07,111.56
O009410,C1704,2025-04-02,113.75
O009411,C1704,2025-04-27,74.27
O009412,C1704,2025-07-26,105.21
O009413,C1704,2025-08-20,39.51
O009414,C1704,2025-09-07,45.81
O009415,C1704,2025-09-28,33.18
O009416,C1704,2025-11-19,143.42
O009417,C1705,2024-05-27,378.27
O009418,C1705,2024-06-28,112.39
O009419,C1705,2024-07-08,313.15
O009420,C1705,2025-02-26,91.36
O009421,C1705,2025-06-07,190.9
O009422,C1705,2025-09-17,211.63
O009423,C1705,2025-12-23,48.83
O009424,C1706,2025-07-09,31.14
O009425,C1706,2025-11-18,281.92
O009426,C1707,2025-04-18,61.19
O009427,C1707,2025-05-24,36.93
O009428,C1707,2025-07-25,227.62
O009429,C1707,2025-09-17,105.39
O009430,C1707,2025-10-06,291.96
O009431,C1708,2024-11-23,290.4
O009432,C1708,2024-12-29,158.27
O009433,C1708,2025-01-04,58.81
O009434,C1708,2025-01-10,219.29
O009435,C1708,2025-03-28,158.56
O009436,C1708,2025-04-29,47.92
O009437,C1708,2025-09-08,601.99
O009438,C1708,2025-09-29,19.27
O009439,C1708,2025-10-14,45.8
O009440,C1708,2025-12-30,135.46
O009441,C1709,2024-01-31,54.62
O009442,C1709,2024-05-01,183.33
O009443,C1709,2024-05-23,235.2
O009444,C1709,2024-06-05,230.64
O009445,C1709,2024-07-28,223.14
O009446,C1709,2024-08-20,53.65
O009447,C1709,2024-09-04,58.06
O009448,C1709,2024-09-18,54.28
O009449,C1709,2024-11-07,281.18
O009450,C1709,2025-01-11,168.54
O009451,C1709,2025-01-26,74.82
O009452,C1709,2025-03-04,18.98
O009453,C1709,2025-03-18,136.06
O009454,C1709,2025-04-24,148.94
O009455,C1709,2025-05-23,275.25
O009456,C1709,2025-06-01,139.81
O009457,C1709,2025-07-28,219.21
O009458,C1709,2025-08-10,16.23
O009459,C1709,2025-09-16,98.2
O009460,C1709,2025-09-29,118.83
O009461,C1709,2025-10-25,49.72
O009462,C1709,2025-11-07,45.37
O009463,C1709,2025-12-05,106.9
O009464,C1709,2025-12-27,442.35
O009465,C1710,2024-07-31,16.78
O009466,C1710,2024-11-20,52.92
O009467,C1710,2025-03-31,52.27
O009468,C1710,2025-04-22,33.16
O009469,C1710,2025-07-09,89.5
O009470,C1711,2025-07-02,156.36
O009471,C1711,2025-07-14,67.97
O009472,C1711,2025-08-03,49.97
O009473,C1711,2025-08-25,31.04
O009474,C1711,2025-10-02,38.6
O009475,C1711,2025-12-20,83.99
O009476,C1712,2024-12-26,28.83
O009477,C1712,2025-03-28,21.62
O009478,C1712,2025-04-19,238.31
O009479,C1712,2025-10-12,281.64
O009480,C1712,2025-12-12,75.13
O009481,C1713,2025-04-25,64.96
O009482,C1713,2025-05-25,62.01
O009483,C1713,2025-08-05,85.49
O009484,C1713,2025-08-22,82.88
O009485,C1713,2025-09-28,92.1
O009486,C1714,2024-11-16,64.29
O009487,C1714,2024-11-24,26.27
O009488,C1714,2025-01-25,148.16
O009489,C1714,2025-10-02,43.23
O009490,C1714,2025-10-27,31.87
O009491,C1715,2024-02-07,206.45
O009492,C1715,2024-04-05,16.81
O009493,C1715,2024-04-29,123.78
O009494,C1715,2024-07-23,41.15
O009495,C1715,2024-08-18,58.49
O009496,C1715,2024-11-30,141.77
O009497,C1715,2025-02-18,26.13
O009498,C1715,2025-03-12,47.78
O009499,C1715,2025-10-26,65.47
O009500,C1716,2024-04-13,126.01
O009501,C1716,2024-05-11,141.45
O009502,C1716,2024-06-06,107.78
O009503,C1716,2024-06-28,264.49
O009504,C1716,2024-07-25,42.97
O009505,C1716,2024-08-31,42.42
O009506,C1716,2024-10-22,219.18
O009507,C1716,2024-12-19,97.01
O009508,C1716,2025-01-18,87.16
O009509,C1716,2025-03-16,98.78
O009510,C1716,2025-05-16,138.16
O009511,C1716,2025-06-04,158.73
O009512,C1716,2025-07-09,167.85
O009513,C1716,2025-07-27,119.42
O009514,C1716,2025-09-17,87.38
O009515,C1716,2025-11-06,52.91
O009516,C1717,2024-02-26,140.31
O009517,C1717,2024-03-19,102.63
O009518,C1717,2024-05-22,254.77
O009519,C1717,2024-06-21,103.57
O009520,C1717,2024-09-13,119.0
O009521,C1717,2024-11-09,148.94
O009522,C1717,2025-02-13,277.66
O009523,C1717,2025-02-24,142.95
O009524,C1717,2025-03-15,70.68
O009525,C1717,2025-03-22,198.16
O009526,C1717,2025-04-24,63.89
O009527,C1717,2025-06-21,44.43
O009528,C1717,2025-07-18,188.01
O009529,C1717,2025-10-03,92.18
O009530,C1717,2025-11-17,40.48
O009531,C1719,2025-03-03,65.17
O009532,C1719,2025-04-26,24.89
O009533,C1719,2025-05-07,14.5
O009534,C1719,2025-07-09,61.14
O009535,C1719,2025-07-26,31.89
O009536,C1719,2025-09-22,29.73
O009537,C1719,2025-12-22,91.9
O009538,C1720,2024-09-07,33.75
O009539,C1720,2024-10-20,23.07
O009540,C1720,2024-11-11,51.57
O009541,C1720,2024-12-13,208.71
O009542,C1720,2024-12-24,155.54
O009543,C1722,2024-12-02,13.1
O009544,C1722,2025-04-13,9.84
O009545,C1722,2025-12-28,60.33
O009546,C1723,2025-02-19,47.48
O009547,C1723,2025-05-15,192.48
O009548,C1723,2025-08-18,11.18
O009549,C1723,2025-09-04,66.36
O009550,C1724,2025-10-26,97.34
O009551,C1724,2025-11-23,150.18
O009552,C1725,2024-10-02,50.25
O009553,C1725,2025-01-12,120.47
O009554,C1725,2025-01-29,31.07
O009555,C1725,2025-02-27,120.92
O009556,C1725,2025-03-27,7.15
O009557,C1725,2025-05-19,57.69
O009558,C1725,2025-06-29,52.3
O009559,C1725,2025-10-29,116.07
O009560,C1725,2025-11-21,82.55
O009561,C1726,2024-12-28,64.78
O009562,C1726,2025-02-08,74.15
O009563,C1726,2025-04-18,68.8
O009564,C1726,2025-05-18,170.45
O009565,C1726,2025-05-28,167.03
O009566,C1726,2025-06-15,88.74
O009567,C1726,2025-07-19,69.57
O009568,C1726,2025-08-11,78.03
O009569,C1726,2025-09-16,144.75
O009570,C1726,2025-10-25,113.01
O009571,C1727,2024-08-13,69.3
O009572,C1727,2025-01-02,82.34
O009573,C1727,2025-07-05,7.71
O009574,C1727,2025-09-08,28.66
O009575,C1727,2025-10-02,60.66
O009576,C1727,2025-12-09,140.75
O009577,C1728,2025-02-22,166.21
O009578,C1728,2025-04-03,104.51
O009579,C1728,2025-05-12,101.67
O009580,C1728,2025-07-28,99.4
O009581,C1728,2025-09-17,144.96
O009582,C1728,2025-12-27,95.07
O009583,C1729,2025-05-18,130.42
O009584,C1729,2025-05-31,125.91
O009585,C1729,2025-07-11,54.69
O009586,C1730,2024-05-01,14.34
O009587,C1730,2024-05-25,23.01
O009588,C1730,2024-06-19,78.53
O009589,C1730,2024-06-30,31.69
O009590,C1731,2025-01-09,108.77
O009591,C1731,2025-02-01,109.45
O009592,C1731,2025-02-20,53.08
O009593,C1731,2025-04-23,48.35
O009594,C1731,2025-08-17,34.75
O009595,C1731,2025-10-10,25.46
O009596,C1731,2025-11-19,64.3
O009597,C1732,2024-03-09,68.92
O009598,C1732,2024-05-07,47.34
O009599,C1732,2024-06-17,126.68
O009600,C1732,2024-07-14,19.2
O009601,C1732,2024-07-26,50.62
O009602,C1733,2025-08-28,14.24
O009603,C1734,2025-01-07,107.31
O009604,C1734,2025-02-28,16.83
O009605,C1734,2025-05-19,26.16
O009606,C1734,2025-08-10,36.11
O009607,C1735,2024-06-25,92.77
O009608,C1735,2024-07-05,48.2
O009609,C1735,2024-07-26,22.71
O009610,C1736,2024-05-17,69.15
O009611,C1736,2024-07-10,123.37
O009612,C1736,2024-08-22,152.55
O009613,C1737,2025-08-25,21.07
O009614,C1738,2024-04-16,62.73
O009615,C1738,2024-05-27,117.61
O009616,C1738,2024-09-02,57.19
O009617,C1738,2024-10-15,12.74
O009618,C1738,2024-11-08,52.8
O009619,C1738,2025-01-19,108.7
O009620,C1738,2025-04-03,133.31
O009621,C1738,2025-06-05,10.29
O009622,C1738,2025-07-28,80.14
O009623,C1738,2025-09-16,17.26
O009624,C1738,2025-11-01,65.49
O009625,C1739,2025-01-14,132.9
O009626,C1739,2025-03-04,29.86
O009627,C1739,2025-03-25,14.77
O009628,C1739,2025-05-10,18.16
O009629,C1739,2025-06-30,127.83
O009630,C1739,2025-09-16,40.26
O009631,C1739,2025-09-28,55.74
O009632,C1739,2025-10-20,42.35
O009633,C1739,2025-12-06,27.26
O009634,C1740,2024-04-14,32.46
O009635,C1741,2024-07-25,207.98
O009636,C1741,2024-11-18,191.08
O009637,C1741,2024-12-17,22.42
O009638,C1741,2025-04-30,28.36
O009639,C1742,2024-07-28,80.77
O009640,C1742,2024-09-02,229.63
O009641,C1742,2024-09-16,70.14
O009642,C1742,2024-11-22,89.41
O009643,C1742,2025-01-08,37.34
O009644,C1742,2025-03-13,18.1
O009645,C1742,2025-07-26,209.59
O009646,C1742,2025-08-30,143.16
O009647,C1742,2025-10-21,18.67
O009648,C1742,2025-11-17,19.72
O009649,C1742,2025-11-27,40.89
O009650,C1743,2025-07-19,182.43
O009651,C1744,2025-06-30,52.58
O009652,C1744,2025-08-03,295.08
O009653,C1744,2025-08-27,29.66
O009654,C1744,2025-09-12,188.39
O009655,C1744,2025-10-17,89.83
O009656,C1744,2025-11-22,182.07
O009657,C1744,2025-12-06,251.05
O009658,C1744,2025-12-23,210.53
O009659,C1745,2025-06-29,51.38
O009660,C1745,2025-07-11,13.6
O009661,C1745,2025-07-27,15.51
O009662,C1745,2025-09-23,49.88
O009663,C1745,2025-10-24,29.06
O009664,C1745,2025-12-31,35.58
O009665,C1746,2024-04-08,115.42
O009666,C1746,2024-05-10,241.0
O009667,C1746,2024-07-24,107.66
O009668,C1746,2024-08-13,76.12
O009669,C1746,2024-08-19,199.23
O009670,C1746,2024-10-12,313.64
O009671,C1746,2024-11-22,79.99
O009672,C1746,2025-01-10,478.68
O009673,C1746,2025-03-17,125.67
O009674,C1746,2025-04-06,92.24
O009675,C1746,2025-05-28,32.23
O009676,C1746,2025-11-05,66.74
O009677,C1746,2025-12-06,64.34
O009678,C1746,2025-12-14,167.12
O009679,C1747,2025-02-10,288.14
O009680,C1747,2025-03-16,48.64
O009681,C1747,2025-03-26,252.79
O009682,C1747,2025-05-10,61.15
O009683,C1747,2025-06-22,200.22
O009684,C1747,2025-07-10,179.97
O009685,C1747,2025-07-25,367.27
O009686,C1747,2025-09-08,94.73
O009687,C1747,2025-10-09,76.69
O009688,C1747,2025-11-10,73.91
O009689,C1747,2025-12-09,327.16
O009690,C1747,2025-12-25,104.12
O009691,C1748,2024-06-14,74.91
O009692,C1748,2024-07-09,312.41
O009693,C1748,2024-07-26,141.27
O009694,C1748,2024-08-15,201.51
O009695,C1748,2024-09-19,24.77
O009696,C1748,2024-10-15,253.04
O009697,C1748,2024-11-04,337.17
O009698,C1748,2024-12-02,114.16
O009699,C1748,2025-01-10,62.4
O009700,C1749,2025-01-15,77.79
O009701,C1749,2025-04-01,256.35
O009702,C1749,2025-05-09,148.06
O009703,C1749,2025-06-07,161.34
O009704,C1749,2025-07-13,140.2
O009705,C1749,2025-08-19,363.07
O009706,C1749,2025-11-02,58.67
O009707,C1750,2025-05-28,91.79
O009708,C1750,2025-07-30,39.92
O009709,C1750,2025-08-08,20.09
O009710,C1750,2025-08-30,89.97
O009711,C1750,2025-11-04,42.3
O009712,C1750,2025-11-28,50.36
O009713,C1750,2025-12-28,27.62
O009714,C1751,2024-04-06,69.72
O009715,C1751,2024-05-02,42.39
O009716,C1751,2024-07-14,146.53
O009717,C1751,2024-09-29,75.71
O009718,C1751,2024-10-16,221.06
O009719,C1751,2024-11-20,134.02
O009720,C1751,2024-12-15,179.01
O009721,C1751,2025-01-03,42.43
O009722,C1751,2025-02-20,148.4
O009723,C1751,2025-03-11,68.39
O009724,C1751,2025-03-25,58.01
O009725,C1751,2025-05-02,259.4
O009726,C1751,2025-05-08,66.17
O009727,C1751,2025-05-19,75.01
O009728,C1751,2025-06-27,134.32
O009729,C1751,2025-07-27,104.62
O009730,C1751,2025-08-02,29.91
O009731,C1751,2025-08-25,204.5
O009732,C1751,2025-10-20,63.74
O009733,C1751,2025-11-11,21.91
O009734,C1751,2025-12-05,137.82
O009735,C1752,2025-06-24,59.31
O009736,C1752,2025-08-25,318.04
O009737,C1752,2025-09-16,44.07
O009738,C1753,2024-02-25,74.32
O009739,C1753,2024-04-18,89.48
O009740,C1753,2024-05-24,42.56
O009741,C1753,2024-06-05,66.98
O009742,C1753,2024-06-30,168.98
O009743,C1753,2024-11-08,82.62
O009744,C1754,2024-05-10,64.75
O009745,C1754,2024-05-31,26.18
O009746,C1754,2024-06-24,117.32
O009747,C1755,2024-10-14,94.26
O009748,C1755,2024-12-22,51.91
O009749,C1755,2025-02-12,17.98
O009750,C1755,2025-03-21,31.26
O009751,C1755,2025-05-20,80.21
O009752,C1755,2025-06-27,150.21
O009753,C1755,2025-09-02,82.67
O009754,C1756,2025-04-28,58.24
O009755,C1756,2025-05-27,14.18
O009756,C1756,2025-09-03,60.37
O009757,C1756,2025-10-08,37.17
O009758,C1756,2025-10-22,132.39
O009759,C1756,2025-11-16,20.42
O009760,C1756,2025-11-30,50.98
O009761,C1757,2024-11-02,82.36
O009762,C1757,2024-12-16,317.08
O009763,C1757,2025-02-01,32.49
O009764,C1757,2025-03-25,68.69
O009765,C1757,2025-04-10,43.06
O009766,C1757,2025-08-10,98.01
O009767,C1757,2025-09-10,23.48
O009768,C1757,2025-11-11,97.92
O009769,C1758,2024-03-27,109.24
O009770,C1758,2024-05-05,102.65
O009771,C1758,2024-06-05,104.41
O009772,C1758,2024-07-11,167.93
O009773,C1758,2024-10-12,68.21
O009774,C1758,2024-10-18,137.41
O009775,C1758,2024-10-31,100.82
O009776,C1758,2025-01-01,140.31
O009777,C1758,2025-02-11,252.36
O009778,C1758,2025-03-12,211.38
O009779,C1758,2025-03-26,51.66
O009780,C1758,2025-04-24,235.44
O009781,C1758,2025-06-21,97.34
O009782,C1758,2025-07-11,215.11
O009783,C1758,2025-07-29,141.81
O009784,C1758,2025-08-14,55.39
O009785,C1758,2025-09-03,202.69
O009786,C1758,2025-09-18,162.65
O009787,C1758,2025-11-04,57.57
O009788,C1758,2025-12-31,108.08
O009789,C1759,2024-05-17,72.02
O009790,C1759,2024-06-01,73.35
O009791,C1759,2024-06-13,10.59
O009792,C1759,2024-06-27,136.58
O009793,C1759,2024-08-07,191.23
O009794,C1759,2024-09-07,114.35
O009795,C1759,2024-09-28,112.78
O009796,C1759,2024-10-21,62.86
O009797,C1759,2024-11-16,165.18
O009798,C1759,2024-12-12,140.64
O009799,C1759,2024-12-25,31.1
O009800,C1759,2025-02-21,138.61
O009801,C1759,2025-03-22,127.7
O009802,C1759,2025-05-08,109.39
O009803,C1759,2025-06-24,158.92
O009804,C1759,2025-07-26,121.71
O009805,C1759,2025-08-14,35.24
O009806,C1759,2025-09-24,189.36
O009807,C1759,2025-10-10,49.71
O009808,C1759,2025-10-20,57.88
O009809,C1759,2025-11-14,67.75
O009810,C1759,2025-12-20,133.71
O009811,C1760,2025-02-24,9.76
O009812,C1760,2025-06-10,161.15
O009813,C1760,2025-07-24,171.77
O009814,C1760,2025-08-19,52.4
O009815,C1760,2025-10-07,94.01
O009816,C1760,2025-10-19,81.59
O009817,C1760,2025-12-22,105.69
O009818,C1762,2025-06-09,65.47
O009819,C1762,2025-09-03,12.81
O009820,C1762,2025-12-03,78.96
O009821,C1763,2025-09-02,98.2
O009822,C1763,2025-12-05,46.6
O009823,C1764,2024-08-17,62.97
O009824,C1764,2024-12-08,31.66
O009825,C1764,2025-06-19,101.23
O009826,C1764,2025-08-19,74.39
O009827,C1765,2024-01-24,134.95
O009828,C1765,2024-04-01,154.5
O009829,C1765,2024-06-17,74.94
O009830,C1765,2024-10-07,44.76
O009831,C1766,2024-07-12,83.56
O009832,C1766,2024-09-19,257.91
O009833,C1766,2024-12-13,153.96
O009834,C1766,2024-12-19,86.21
O009835,C1766,2025-02-07,24.75
O009836,C1766,2025-03-24,39.21
O009837,C1766,2025-04-12,134.02
O009838,C1766,2025-08-21,66.86
O009839,C1766,2025-08-31,156.09
O009840,C1766,2025-09-27,71.14
O009841,C1766,2025-10-15,15.18
O009842,C1766,2025-11-18,162.62
O009843,C1768,2025-02-03,106.0
O009844,C1768,2025-02-17,91.49
O009845,C1768,2025-04-11,91.78
O009846,C1769,2024-03-01,53.66
O009847,C1769,2024-06-08,113.67
O009848,C1769,2024-08-07,94.46
O009849,C1769,2024-09-01,198.74
O009850,C1769,2024-11-06,76.23
O009851,C1769,2024-12-15,139.21
O009852,C1769,2024-12-30,71.02
O009853,C1770,2025-06-09,104.33
O009854,C1770,2025-07-31,286.89
O009855,C1770,2025-08-22,60.31
O009856,C1770,2025-12-12,73.41
O009857,C1771,2024-07-27,20.08
O009858,C1771,2025-02-19,46.5
O009859,C1771,2025-03-02,29.34
O009860,C1771,2025-04-28,56.91
O009861,C1771,2025-07-21,13.98
O009862,C1771,2025-10-25,12.29
O009863,C1771,2025-12-28,111.07
O009864,C1772,2024-09-14,20.02
O009865,C1773,2024-09-28,22.06
O009866,C1774,2025-01-28,32.87
O009867,C1774,2025-08-20,104.84
O009868,C1774,2025-10-04,246.55
O009869,C1775,2025-07-06,196.35
O009870,C1775,2025-08-07,35.93
O009871,C1775,2025-12-14,202.16
O009872,C1776,2024-02-11,221.87
O009873,C1776,2024-03-31,81.84
O009874,C1776,2024-04-15,167.56
O009875,C1776,2024-04-23,123.21
O009876,C1776,2024-05-26,42.17
O009877,C1776,2024-06-17,537.71
O009878,C1776,2024-07-05,172.65
O009879,C1776,2024-09-15,170.65
O009880,C1776,2024-10-20,134.68
O009881,C1776,2024-11-30,122.06
O009882,C1776,2025-01-07,134.59
O009883,C1776,2025-02-13,44.77
O009884,C1776,2025-02-22,390.68
O009885,C1776,2025-03-19,488.02
O009886,C1776,2025-06-05,319.59
O009887,C1776,2025-07-07,173.98
O009888,C1776,2025-08-06,170.12
O009889,C1776,2025-10-14,41.08
O009890,C1777,2025-10-08,73.58
O009891,C1779,2024-04-10,150.21
O009892,C1779,2024-05-14,293.56
O009893,C1779,2024-06-01,126.0
O009894,C1779,2024-06-30,162.92
O009895,C1779,2024-07-30,109.97
O009896,C1779,2024-08-16,49.54
O009897,C1779,2024-10-18,179.13
O009898,C1779,2025-01-21,272.52
O009899,C1779,2025-01-30,171.27
O009900,C1779,2025-03-05,610.88
O009901,C1779,2025-04-04,140.89
O009902,C1779,2025-05-23,80.77
O009903,C1779,2025-07-06,152.01
O009904,C1779,2025-09-03,174.56
O009905,C1779,2025-09-25,323.13
O009906,C1779,2025-10-08,461.19
O009907,C1779,2025-11-17,424.86
O009908,C1779,2025-11-23,79.37
O009909,C1780,2024-09-28,251.04
O009910,C1780,2025-02-18,41.99
O009911,C1780,2025-06-06,14.35
O009912,C1780,2025-09-25,32.94
O009913,C1781,2024-12-12,244.61
O009914,C1781,2025-01-10,148.59
O009915,C1781,2025-02-20,155.18
O009916,C1781,2025-03-10,99.51
O009917,C1781,2025-03-23,129.53
O009918,C1781,2025-04-23,197.31
O009919,C1781,2025-05-25,452.28
O009920,C1781,2025-06-21,80.4
O009921,C1781,2025-07-04,202.53
O009922,C1781,2025-07-28,275.5
O009923,C1781,2025-09-08,361.64
O009924,C1781,2025-09-27,242.66
O009925,C1781,2025-10-19,92.51
O009926,C1781,2025-12-09,208.44
O009927,C1782,2024-05-24,105.02
O009928,C1782,2024-07-08,170.17
O009929,C1782,2024-09-05,74.39
O009930,C1782,2024-11-01,85.82
O009931,C1782,2024-12-19,115.19
O009932,C1782,2025-02-02,79.05
O009933,C1782,2025-05-14,261.82
O009934,C1784,2024-05-06,78.09
O009935,C1784,2024-08-17,92.62
O009936,C1784,2024-12-21,108.45
O009937,C1784,2025-01-07,51.88
O009938,C1784,2025-08-30,81.91
O009939,C1784,2025-10-28,16.19
O009940,C1786,2024-07-17,272.41
O009941,C1786,2024-07-28,95.26
O009942,C1786,2024-09-18,202.66
O009943,C1786,2024-10-21,206.1
O009944,C1786,2024-11-03,235.34
O009945,C1786,2024-11-09,150.07
O009946,C1786,2024-11-25,54.91
O009947,C1786,2024-12-01,93.34
O009948,C1786,2025-01-09,84.77
O009949,C1786,2025-02-16,89.04
O009950,C1786,2025-03-01,52.17
O009951,C1786,2025-03-18,66.69
O009952,C1786,2025-04-17,67.34
O009953,C1786,2025-04-27,104.38
O009954,C1786,2025-05-21,106.91
O009955,C1786,2025-05-30,83.95
O009956,C1786,2025-07-05,29.85
O009957,C1786,2025-07-17,94.06
O009958,C1786,2025-08-09,267.82
O009959,C1786,2025-09-02,220.84
O009960,C1786,2025-09-16,111.96
O009961,C1786,2025-09-29,88.78
O009962,C1786,2025-10-05,285.99
O009963,C1786,2025-10-22,60.31
O009964,C1786,2025-11-30,161.85
O009965,C1786,2025-12-20,115.45
O009966,C1787,2025-01-04,189.59
O009967,C1787,2025-01-15,269.15
O009968,C1787,2025-03-04,160.25
O009969,C1787,2025-06-15,144.85
O009970,C1787,2025-08-04,234.12
O009971,C1787,2025-11-02,288.9
O009972,C1787,2025-12-29,106.65
O009973,C1788,2024-04-30,31.09
O009974,C1789,2024-02-25,303.27
O009975,C1789,2024-04-02,146.43
O009976,C1789,2024-04-18,34.92
O009977,C1789,2024-06-26,129.15
O009978,C1789,2024-07-11,158.76
O009979,C1789,2024-08-04,75.18
O009980,C1789,2024-08-30,52.2
O009981,C1789,2024-09-17,126.45
O009982,C1789,2024-10-07,138.38
O009983,C1789,2024-12-06,169.31
O009984,C1789,2025-01-12,177.92
O009985,C1789,2025-02-10,55.68
O009986,C1789,2025-02-27,167.31
O009987,C1789,2025-03-05,73.91
O009988,C1789,2025-03-19,174.8
O009989,C1789,2025-05-12,150.11
O009990,C1789,2025-05-26,99.08
O009991,C1789,2025-06-30,165.42
O009992,C1789,2025-07-07,61.1
O009993,C1789,2025-08-13,118.42
O009994,C1789,2025-09-04,35.94
O009995,C1789,2025-09-22,50.36
O009996,C1789,2025-10-02,139.73
O009997,C1789,2025-10-12,99.84
O009998,C1789,2025-11-01,136.99
O009999,C1789,2025-12-03,108.93
O010000,C1789,2025-12-19,248.3
O010001,C1789,2025-12-31,244.58
O010002,C1790,2024-10-16,54.88
O010003,C1790,2025-02-15,20.29
O010004,C1790,2025-06-20,64.75
O010005,C1790,2025-08-23,120.4
O010006,C1791,2025-04-23,70.15
O010007,C1791,2025-07-22,28.18
O010008,C1791,2025-10-01,220.15
O010009,C1791,2025-10-27,153.0
O010010,C1791,2025-11-29,108.27
O010011,C1792,2025-01-05,13.26
O010012,C1792,2025-02-09,12.48
O010013,C1792,2025-05-24,97.31
O010014,C1792,2025-12-08,20.89
O010015,C1793,2025-03-19,41.29
O010016,C1793,2025-04-08,56.64
O010017,C1794,2024-09-09,237.74
O010018,C1794,2024-10-26,43.89
O010019,C1794,2024-11-01,123.26
O010020,C1794,2025-02-18,232.68
O010021,C1794,2025-04-01,114.92
O010022,C1795,2024-03-29,14.22
O010023,C1795,2024-07-08,151.84
O010024,C1795,2024-10-10,14.32
O010025,C1795,2024-11-10,108.29
O010026,C1796,2025-08-19,97.19
O010027,C1796,2025-08-29,112.17
O010028,C1796,2025-10-11,143.06
O010029,C1797,2025-07-25,37.55
O010030,C1797,2025-11-06,51.14
O010031,C1798,2025-03-15,134.26
O010032,C1798,2025-06-17,39.72
O010033,C1798,2025-07-21,122.89
O010034,C1798,2025-10-26,91.29
O010035,C1799,2025-02-06,15.98
O010036,C1799,2025-06-26,106.79
O010037,C1799,2025-08-07,21.23
O010038,C1799,2025-12-18,21.39
O010039,C1800,2024-07-04,281.11
O010040,C1800,2025-02-01,47.33
O010041,C1800,2025-06-29,71.99
O010042,C1801,2024-11-29,166.5
O010043,C1801,2025-01-13,57.46
O010044,C1801,2025-01-24,139.78
O010045,C1801,2025-08-11,23.32
O010046,C1801,2025-10-12,122.77
O010047,C1801,2025-11-07,38.96
O010048,C1801,2025-12-27,202.71
O010049,C1802,2025-01-09,72.33
O010050,C1802,2025-06-23,34.92
O010051,C1802,2025-09-30,26.84
O010052,C1803,2025-01-23,85.35
O010053,C1803,2025-03-13,98.0
O010054,C1803,2025-04-14,178.11
O010055,C1803,2025-05-22,104.08
O010056,C1803,2025-07-09,64.91
O010057,C1804,2025-05-05,51.93
O010058,C1804,2025-06-08,92.63
O010059,C1804,2025-07-09,200.91
O010060,C1804,2025-09-03,40.88
O010061,C1804,2025-12-07,179.05
O010062,C1805,2025-02-18,137.03
O010063,C1806,2024-06-03,125.16
O010064,C1806,2025-01-06,34.77
O010065,C1806,2025-06-18,240.0
O010066,C1807,2024-05-24,37.18
O010067,C1807,2024-08-05,61.13
O010068,C1807,2024-08-22,129.86
O010069,C1807,2024-10-09,177.3
O010070,C1808,2024-12-17,18.74
O010071,C1808,2025-01-23,95.81
O010072,C1809,2025-11-17,47.29
O010073,C1809,2025-11-29,120.91
O010074,C1811,2025-09-22,24.1
O010075,C1812,2024-10-27,19.88
O010076,C1812,2025-01-11,11.57
O010077,C1813,2025-04-01,18.1
O010078,C1813,2025-04-28,129.59
O010079,C1813,2025-05-25,98.09
O010080,C1813,2025-08-16,56.74
O010081,C1813,2025-09-11,24.06
O010082,C1813,2025-09-21,45.57
O010083,C1813,2025-11-24,44.85
O010084,C1813,2025-12-04,157.8
O010085,C1814,2025-07-24,52.67
O010086,C1814,2025-10-25,18.6
O010087,C1815,2024-01-30,30.92
O010088,C1815,2024-03-01,257.73
O010089,C1815,2024-05-21,87.8
O010090,C1815,2024-08-02,103.57
O010091,C1815,2024-08-20,210.59
O010092,C1815,2024-10-18,24.71
O010093,C1815,2024-11-24,419.01
O010094,C1815,2024-12-21,202.13
O010095,C1815,2025-02-04,74.47
O010096,C1815,2025-04-17,143.32
O010097,C1815,2025-06-28,120.42
O010098,C1815,2025-08-15,400.8
O010099,C1815,2025-09-07,140.59
O010100,C1815,2025-10-19,507.86
O010101,C1815,2025-11-03,122.9
O010102,C1815,2025-11-09,318.42
O010103,C1815,2025-11-27,218.63
O010104,C1816,2024-07-11,243.44
O010105,C1817,2024-07-28,169.89
O010106,C1817,2024-12-29,34.68
O010107,C1817,2025-02-03,60.66
O010108,C1817,2025-02-14,25.05
O010109,C1817,2025-04-23,25.65
O010110,C1817,2025-08-13,58.9
O010111,C1817,2025-10-24,112.2
O010112,C1818,2024-11-21,90.91
O010113,C1818,2025-01-04,201.26
O010114,C1818,2025-05-20,74.15
O010115,C1818,2025-06-26,166.33
O010116,C1818,2025-09-01,136.72
O010117,C1818,2025-12-19,32.12
O010118,C1819,2025-07-28,11.6
O010119,C1819,2025-09-18,29.41
O010120,C1819,2025-11-06,40.1
O010121,C1820,2024-06-29,313.3
O010122,C1820,2024-07-13,179.06
O010123,C1820,2024-08-25,290.44
O010124,C1820,2024-08-31,221.97
O010125,C1820,2024-09-24,132.02
O010126,C1820,2024-10-10,453.81
O010127,C1820,2025-01-19,213.52
O010128,C1820,2025-01-31,59.39
O010129,C1820,2025-02-07,278.29
O010130,C1820,2025-03-06,510.64
O010131,C1820,2025-04-22,237.96
O010132,C1820,2025-05-29,326.53
O010133,C1820,2025-06-17,341.94
O010134,C1820,2025-06-28,71.6
O010135,C1820,2025-08-05,87.16
O010136,C1820,2025-08-22,294.53
O010137,C1820,2025-09-09,81.77
O010138,C1820,2025-10-31,199.07
O010139,C1821,2024-02-21,56.57
O010140,C1821,2024-04-16,11.32
O010141,C1821,2024-11-05,31.56
O010142,C1821,2025-03-24,52.74
O010143,C1821,2025-09-29,12.42
O010144,C1821,2025-11-01,39.31
O010145,C1822,2024-02-13,30.25
O010146,C1822,2024-03-08,163.83
O010147,C1822,2024-03-26,40.0
O010148,C1822,2024-05-08,76.1
O010149,C1822,2024-07-06,31.89
O010150,C1822,2024-08-08,47.34
O010151,C1822,2024-08-23,102.67
O010152,C1823,2024-09-09,156.94
O010153,C1823,2024-10-07,65.59
O010154,C1823,2024-11-06,65.59
O010155,C1823,2024-12-26,240.66
O010156,C1823,2025-01-06,134.21
O010157,C1823,2025-03-08,76.15
O010158,C1823,2025-04-04,172.92
O010159,C1823,2025-05-10,43.12
O010160,C1823,2025-06-18,47.82
O010161,C1823,2025-07-13,101.45
O010162,C1823,2025-08-27,89.03
O010163,C1823,2025-09-05,126.87
O010164,C1823,2025-11-02,70.95
O010165,C1824,2025-08-22,12.6
O010166,C1824,2025-12-31,12.67
O010167,C1825,2024-06-11,33.2
O010168,C1825,2024-06-29,130.47
O010169,C1825,2024-08-16,125.24
O010170,C1825,2024-09-10,92.14
O010171,C1825,2024-10-01,169.02
O010172,C1826,2024-05-17,74.66
O010173,C1826,2024-06-15,74.9
O010174,C1826,2024-08-20,50.65
O010175,C1826,2024-09-02,134.6
O010176,C1826,2024-10-05,39.28
O010177,C1826,2025-01-21,175.69
O010178,C1826,2025-01-31,91.16
O010179,C1826,2025-02-26,8.66
O010180,C1826,2025-05-14,170.48
O010181,C1826,2025-06-09,108.96
O010182,C1826,2025-07-19,82.71
O010183,C1826,2025-08-10,48.54
O010184,C1826,2025-08-19,60.54
O010185,C1826,2025-10-01,203.07
O010186,C1826,2025-10-12,85.95
O010187,C1826,2025-11-21,102.33
O010188,C1826,2025-12-05,197.68
O010189,C1826,2025-12-17,32.42
O010190,C1826,2025-12-23,190.87
O010191,C1827,2024-06-09,165.76
O010192,C1827,2024-10-16,96.62
O010193,C1827,2025-01-15,238.3
O010194,C1827,2025-03-30,52.28
O010195,C1827,2025-06-13,270.62
O010196,C1827,2025-12-08,180.65
O010197,C1828,2025-07-16,145.5
O010198,C1828,2025-11-17,145.05
O010199,C1829,2025-01-24,12.36
O010200,C1829,2025-06-14,33.28
O010201,C1829,2025-06-26,25.03
O010202,C1829,2025-12-04,104.83
O010203,C1830,2025-01-01,154.61
O010204,C1830,2025-01-16,29.99
O010205,C1830,2025-02-02,161.15
O010206,C1830,2025-02-25,189.19
O010207,C1830,2025-03-23,42.73
O010208,C1830,2025-04-20,276.97
O010209,C1830,2025-05-01,47.97
O010210,C1830,2025-06-15,38.46
O010211,C1830,2025-07-13,13.41
O010212,C1830,2025-08-03,164.28
O010213,C1830,2025-09-12,41.56
O010214,C1830,2025-11-03,67.44
O010215,C1831,2025-07-13,39.04
O010216,C1831,2025-09-28,109.23
O010217,C1831,2025-12-19,143.06
O010218,C1832,2025-12-23,71.61
O010219,C1833,2024-04-26,48.34
O010220,C1833,2024-10-03,92.14
O010221,C1833,2024-10-29,19.95
O010222,C1833,2024-12-08,38.85
O010223,C1833,2024-12-22,57.84
O010224,C1833,2025-01-01,187.28
O010225,C1833,2025-01-14,35.68
O010226,C1833,2025-05-10,192.94
O010227,C1833,2025-08-17,11.22
O010228,C1833,2025-11-09,214.79
O010229,C1834,2025-07-07,66.31
O010230,C1834,2025-08-22,88.61
O010231,C1834,2025-11-23,128.87
O010232,C1834,2025-12-29,56.32
O010233,C1835,2025-06-29,20.12
O010234,C1837,2025-05-12,112.62
O010235,C1837,2025-08-05,94.6
O010236,C1837,2025-11-09,12.19
O010237,C1838,2025-07-04,71.58
O010238,C1838,2025-09-04,296.2
O010239,C1838,2025-10-02,85.83
O010240,C1839,2024-11-17,324.08
O010241,C1839,2024-12-19,119.53
O010242,C1839,2025-01-24,149.06
O010243,C1839,2025-02-20,170.92
O010244,C1839,2025-03-12,265.57
O010245,C1839,2025-03-19,155.62
O010246,C1839,2025-04-20,233.14
O010247,C1839,2025-04-26,217.1
O010248,C1839,2025-05-09,168.74
O010249,C1839,2025-06-18,289.55
O010250,C1839,2025-06-30,367.18
O010251,C1839,2025-07-27,113.89
O010252,C1839,2025-09-02,122.78
O010253,C1839,2025-09-08,70.1
O010254,C1839,2025-09-22,69.88
O010255,C1839,2025-09-28,163.56
O010256,C1839,2025-11-12,142.82
O010257,C1840,2025-10-13,76.02
O010258,C1840,2025-12-31,45.68
O010259,C1841,2024-12-20,61.77
O010260,C1841,2025-02-05,58.85
O010261,C1841,2025-06-11,13.04
O010262,C1841,2025-09-23,12.84
O010263,C1841,2025-11-02,24.2
O010264,C1842,2024-10-26,26.06
O010265,C1842,2024-11-27,73.28
O010266,C1842,2025-02-07,123.84
O010267,C1843,2024-08-11,67.5
O010268,C1844,2025-10-13,57.46
O010269,C1844,2025-10-31,43.49
O010270,C1844,2025-11-18,21.6
O010271,C1845,2024-06-01,41.19
O010272,C1845,2024-06-10,454.91
O010273,C1845,2024-07-04,198.09
O010274,C1845,2024-08-11,348.14
O010275,C1845,2024-09-05,13.1
O010276,C1845,2024-10-12,32.74
O010277,C1845,2024-10-18,77.97
O010278,C1845,2024-11-09,383.35
O010279,C1845,2024-11-26,53.73
O010280,C1845,2024-12-28,46.9
O010281,C1845,2025-02-09,213.09
O010282,C1845,2025-03-23,164.33
O010283,C1845,2025-04-01,87.36
O010284,C1845,2025-05-08,77.45
O010285,C1845,2025-06-18,185.75
O010286,C1845,2025-07-08,176.75
O010287,C1845,2025-08-07,245.88
O010288,C1845,2025-10-06,291.25
O010289,C1845,2025-11-03,121.11
O010290,C1845,2025-12-05,260.24
O010291,C1846,2024-04-23,510.27
O010292,C1846,2024-05-24,201.82
O010293,C1846,2024-05-30,159.75
O010294,C1846,2024-06-13,172.5
O010295,C1846,2024-07-26,150.79
O010296,C1846,2024-09-29,140.78
O010297,C1846,2024-10-20,172.74
O010298,C1846,2024-11-10,169.04
O010299,C1846,2024-12-06,277.6
O010300,C1846,2024-12-31,63.12
O010301,C1846,2025-03-09,75.82
O010302,C1846,2025-03-27,110.26
O010303,C1846,2025-06-11,87.91
O010304,C1846,2025-07-11,211.81
O010305,C1846,2025-08-07,88.76
O010306,C1846,2025-09-06,214.55
O010307,C1846,2025-09-18,105.79
O010308,C1846,2025-10-26,60.8
O010309,C1846,2025-11-07,59.05
O010310,C1846,2025-11-14,59.61
O010311,C1846,2025-12-12,69.51
O010312,C1847,2025-08-02,59.49
O010313,C1847,2025-08-14,70.75
O010314,C1847,2025-10-17,29.9
O010315,C1847,2025-11-04,124.18
O010316,C1847,2025-12-13,86.39
O010317,C1848,2025-06-10,49.44
O010318,C1848,2025-08-06,24.44
O010319,C1848,2025-09-04,234.48
O010320,C1848,2025-12-30,74.05
O010321,C1849,2025-05-27,73.59
O010322,C1849,2025-07-06,83.35
O010323,C1849,2025-09-06,26.12
O010324,C1849,2025-09-28,26.21
O010325,C1849,2025-11-05,11.2
O010326,C1849,2025-12-26,18.07
O010327,C1850,2024-05-31,52.39
O010328,C1850,2024-08-10,19.91
O010329,C1850,2024-11-08,56.5
O010330,C1851,2025-04-15,39.0
O010331,C1851,2025-06-12,91.02
O010332,C1851,2025-12-21,21.35
O010333,C1852,2024-10-06,14.11
O010334,C1852,2025-02-05,47.63
O010335,C1852,2025-05-31,84.15
O010336,C1852,2025-08-25,168.96
O010337,C1853,2024-07-22,135.29
O010338,C1853,2024-11-10,20.55
O010339,C1853,2024-12-21,45.58
O010340,C1853,2025-04-05,81.51
O010341,C1853,2025-05-06,125.07
O010342,C1853,2025-06-03,112.2
O010343,C1853,2025-06-15,44.85
O010344,C1853,2025-07-07,27.65
O010345,C1853,2025-08-24,92.3
O010346,C1853,2025-09-30,123.3
O010347,C1853,2025-10-23,36.04
O010348,C1853,2025-11-07,34.24
O010349,C1853,2025-11-22,70.42
O010350,C1854,2025-07-20,18.08
O010351,C1854,2025-10-17,55.58
O010352,C1854,2025-11-19,137.29
O010353,C1855,2025-03-25,13.21
O010354,C1855,2025-06-02,180.5
O010355,C1855,2025-08-08,233.41
O010356,C1855,2025-10-26,86.16
O010357,C1855,2025-12-16,105.47
O010358,C1856,2024-10-11,83.78
O010359,C1856,2025-01-07,39.9
O010360,C1856,2025-03-02,114.74
O010361,C1857,2024-09-12,188.8
O010362,C1857,2024-10-11,21.33
O010363,C1857,2024-11-11,160.53
O010364,C1857,2024-12-02,69.41
O010365,C1857,2024-12-16,120.66
O010366,C1857,2025-01-18,103.99
O010367,C1857,2025-02-11,170.42
O010368,C1857,2025-06-14,290.84
O010369,C1857,2025-07-09,42.22
O010370,C1857,2025-07-29,150.87
O010371,C1857,2025-09-06,190.67
O010372,C1857,2025-09-12,213.66
O010373,C1857,2025-10-09,97.0
O010374,C1857,2025-11-09,34.7
O010375,C1857,2025-11-26,117.5
O010376,C1857,2025-12-13,40.52
O010377,C1857,2025-12-26,33.91
O010378,C1858,2025-01-02,73.72
O010379,C1858,2025-03-06,73.37
O010380,C1858,2025-04-22,134.12
O010381,C1858,2025-05-11,115.66
O010382,C1858,2025-06-01,226.78
O010383,C1858,2025-06-17,93.58
O010384,C1858,2025-08-10,58.14
O010385,C1858,2025-09-08,30.66
O010386,C1858,2025-11-11,110.96
O010387,C1859,2025-04-26,32.66
O010388,C1859,2025-08-01,33.62
O010389,C1859,2025-08-24,80.13
O010390,C1859,2025-11-25,61.71
O010391,C1859,2025-12-15,18.65
O010392,C1860,2025-01-02,140.19
O010393,C1860,2025-04-06,177.37
O010394,C1860,2025-06-08,73.27
O010395,C1860,2025-06-16,82.95
O010396,C1860,2025-08-22,57.99
O010397,C1860,2025-09-08,107.34
O010398,C1860,2025-09-21,91.59
O010399,C1860,2025-11-20,33.58
O010400,C1861,2024-09-27,100.14
O010401,C1861,2024-12-25,44.01
O010402,C1861,2025-03-21,26.04
O010403,C1861,2025-04-03,14.15
O010404,C1862,2025-05-07,131.22
O010405,C1862,2025-07-06,68.97
O010406,C1862,2025-07-30,147.68
O010407,C1862,2025-10-14,68.39
O010408,C1862,2025-11-09,45.97
O010409,C1863,2025-11-12,40.13
O010410,C1863,2025-12-03,14.28
O010411,C1863,2025-12-23,95.62
O010412,C1865,2024-03-02,184.76
O010413,C1865,2024-05-27,18.97
O010414,C1865,2024-07-09,87.02
O010415,C1865,2024-11-01,27.08
O010416,C1865,2024-12-07,158.41
O010417,C1865,2024-12-14,16.52
O010418,C1866,2025-05-15,14.9
O010419,C1866,2025-11-06,128.76
O010420,C1866,2025-11-19,47.88
O010421,C1866,2025-12-07,12.98
O010422,C1867,2024-04-24,57.66
O010423,C1867,2024-05-18,38.07
O010424,C1867,2024-06-12,32.17
O010425,C1867,2024-06-26,15.74
O010426,C1867,2024-10-13,85.56
O010427,C1867,2024-12-07,50.69
O010428,C1867,2024-12-27,223.98
O010429,C1867,2025-03-17,64.73
O010430,C1867,2025-04-03,79.03
O010431,C1867,2025-07-14,34.9
O010432,C1867,2025-07-20,95.9
O010433,C1867,2025-08-19,99.47
O010434,C1867,2025-09-07,56.34
O010435,C1867,2025-10-02,136.88
O010436,C1867,2025-11-12,170.19
O010437,C1868,2024-12-20,229.47
O010438,C1868,2025-01-01,113.16
O010439,C1868,2025-05-26,193.53
O010440,C1868,2025-06-14,45.2
O010441,C1868,2025-07-05,128.43
O010442,C1868,2025-08-21,98.38
O010443,C1868,2025-10-02,342.71
O010444,C1868,2025-12-28,62.64
O010445,C1869,2025-01-29,42.65
O010446,C1869,2025-06-18,23.18
O010447,C1869,2025-10-23,32.6
O010448,C1870,2024-04-24,101.82
O010449,C1870,2024-08-10,65.82
O010450,C1870,2024-10-02,61.65
O010451,C1870,2024-11-02,112.25
O010452,C1870,2024-12-13,111.35
O010453,C1870,2025-03-28,357.62
O010454,C1870,2025-07-30,83.79
O010455,C1870,2025-09-10,72.7
O010456,C1870,2025-10-09,71.08
O010457,C1870,2025-11-06,82.28
O010458,C1870,2025-11-30,69.47
O010459,C1871,2024-01-14,73.81
O010460,C1871,2024-02-10,81.95
O010461,C1871,2024-03-30,56.77
O010462,C1871,2024-04-27,123.82
O010463,C1871,2024-05-05,186.3
O010464,C1871,2024-06-02,220.15
O010465,C1871,2024-06-28,92.07
O010466,C1871,2024-07-31,31.07
O010467,C1871,2024-08-11,135.21
O010468,C1871,2024-09-09,356.97
O010469,C1871,2024-09-16,197.38
O010470,C1871,2024-10-24,9.18
O010471,C1871,2024-11-11,151.69
O010472,C1871,2024-11-23,61.65
O010473,C1871,2024-12-20,184.99
O010474,C1871,2025-01-14,33.45
O010475,C1871,2025-02-22,552.14
O010476,C1871,2025-04-29,178.14
O010477,C1871,2025-06-03,31.08
O010478,C1871,2025-06-13,220.95
O010479,C1871,2025-06-24,148.59
O010480,C1872,2025-06-06,142.84
O010481,C1872,2025-07-01,31.06
O010482,C1872,2025-07-16,64.55
O010483,C1872,2025-07-23,290.25
O010484,C1872,2025-09-24,73.36
O010485,C1872,2025-12-09,92.66
O010486,C1873,2025-05-11,248.57
O010487,C1873,2025-05-27,161.44
O010488,C1873,2025-09-01,90.47
O010489,C1873,2025-09-23,191.89
O010490,C1873,2025-11-10,111.81
O010491,C1874,2024-05-07,100.71
O010492,C1874,2024-05-18,42.39
O010493,C1874,2024-07-09,7.18
O010494,C1874,2024-09-24,167.21
O010495,C1874,2024-12-28,63.41
O010496,C1874,2025-04-19,40.59
O010497,C1874,2025-05-12,18.21
O010498,C1874,2025-05-30,118.8
O010499,C1874,2025-08-27,81.14
O010500,C1874,2025-09-28,34.9
O010501,C1874,2025-10-30,131.26
O010502,C1874,2025-11-19,92.36
O010503,C1874,2025-11-30,76.44
O010504,C1874,2025-12-10,193.33
O010505,C1874,2025-12-16,33.4
O010506,C1875,2024-11-29,62.28
O010507,C1875,2024-12-27,37.29
O010508,C1875,2025-02-22,71.74
O010509,C1875,2025-04-06,31.87
O010510,C1875,2025-05-03,138.22
O010511,C1875,2025-06-10,193.65
O010512,C1875,2025-08-21,98.05
O010513,C1875,2025-10-07,113.44
O010514,C1875,2025-11-03,103.37
O010515,C1876,2024-03-24,16.06
O010516,C1876,2024-05-20,78.77
O010517,C1876,2024-08-23,57.47
O010518,C1876,2024-10-07,14.08
O010519,C1876,2024-11-12,99.43
O010520,C1876,2024-11-28,45.23
O010521,C1876,2025-02-09,106.6
O010522,C1876,2025-04-06,84.35
O010523,C1876,2025-04-19,55.49
O010524,C1876,2025-05-21,131.05
O010525,C1876,2025-07-04,60.31
O010526,C1876,2025-08-24,65.37
O010527,C1876,2025-09-26,27.47
O010528,C1876,2025-10-15,35.1
O010529,C1876,2025-12-19,58.88
O010530,C1876,2025-12-28,53.37
O010531,C1877,2024-12-29,34.46
O010532,C1877,2025-04-28,24.02
O010533,C1877,2025-12-21,120.33
O010534,C1878,2024-06-30,30.98
O010535,C1878,2024-08-09,52.55
O010536,C1878,2024-08-26,81.85
O010537,C1878,2025-01-14,223.21
O010538,C1878,2025-03-05,81.56
O010539,C1878,2025-04-24,46.84
O010540,C1878,2025-07-05,90.73
O010541,C1878,2025-08-18,90.9
O010542,C1878,2025-10-16,79.09
O010543,C1878,2025-12-24,109.49
O010544,C1879,2025-02-21,256.99
O010545,C1879,2025-04-14,45.39
O010546,C1879,2025-04-24,293.57
O010547,C1879,2025-05-29,32.27
O010548,C1879,2025-08-01,72.11
O010549,C1879,2025-09-28,43.87
O010550,C1879,2025-10-09,8.38
O010551,C1879,2025-12-06,211.5
O010552,C1880,2025-01-20,87.39
O010553,C1880,2025-04-08,47.06
O010554,C1880,2025-09-17,114.62
O010555,C1880,2025-12-09,50.1
O010556,C1881,2024-10-03,23.02
O010557,C1881,2024-11-13,143.56
O010558,C1881,2024-11-19,94.14
O010559,C1881,2025-02-03,100.58
O010560,C1881,2025-04-16,123.49
O010561,C1881,2025-05-20,69.08
O010562,C1882,2025-01-14,29.52
O010563,C1882,2025-01-21,59.48
O010564,C1882,2025-04-06,47.85
O010565,C1882,2025-07-02,73.05
O010566,C1882,2025-11-04,34.38
O010567,C1882,2025-12-27,63.55
O010568,C1883,2024-10-02,268.96
O010569,C1883,2024-12-22,14.06
O010570,C1883,2025-05-14,125.62
O010571,C1883,2025-07-28,51.32
O010572,C1883,2025-11-02,10.12
O010573,C1884,2025-06-09,227.77
O010574,C1884,2025-07-23,19.84
O010575,C1884,2025-10-24,92.28
O010576,C1884,2025-12-25,149.02
O010577,C1885,2024-12-02,89.09
O010578,C1885,2025-04-25,70.55
O010579,C1885,2025-10-06,109.82
O010580,C1885,2025-11-19,45.6
O010581,C1886,2025-11-05,92.43
O010582,C1888,2024-04-16,87.95
O010583,C1888,2024-05-24,188.44
O010584,C1888,2024-06-18,164.47
O010585,C1888,2024-07-08,361.5
O010586,C1888,2024-07-24,164.22
O010587,C1888,2024-08-22,13.32
O010588,C1888,2024-09-06,39.86
O010589,C1888,2024-11-01,189.98
O010590,C1888,2024-11-18,361.75
O010591,C1888,2024-12-19,116.73
O010592,C1888,2025-01-28,91.15
O010593,C1888,2025-02-22,175.33
O010594,C1888,2025-03-03,180.59
O010595,C1888,2025-04-23,160.08
O010596,C1888,2025-05-15,148.45
O010597,C1888,2025-05-21,202.61
O010598,C1888,2025-06-08,199.86
O010599,C1888,2025-07-05,228.31
O010600,C1888,2025-07-20,271.17
O010601,C1888,2025-08-29,56.22
O010602,C1888,2025-10-02,264.32
O010603,C1888,2025-10-17,70.94
O010604,C1888,2025-11-12,176.21
O010605,C1888,2025-12-23,209.17
O010606,C1888,2025-12-29,14.62
O010607,C1889,2024-01-08,20.22
O010608,C1889,2024-02-16,19.1
O010609,C1889,2024-04-24,65.07
O010610,C1889,2024-06-04,71.15
O010611,C1889,2024-07-01,21.43
O010612,C1889,2024-12-03,38.94
O010613,C1889,2025-02-02,6.61
O010614,C1889,2025-05-08,40.72
O010615,C1889,2025-07-05,93.49
O010616,C1890,2024-06-25,161.75
O010617,C1891,2025-10-20,24.0
O010618,C1892,2024-07-04,9.42
O010619,C1892,2024-10-10,56.24
O010620,C1892,2024-12-17,38.54
O010621,C1892,2025-02-09,47.74
O010622,C1892,2025-03-17,27.3
O010623,C1892,2025-10-07,58.83
O010624,C1892,2025-11-19,185.97
O010625,C1893,2025-06-15,38.08
O010626,C1893,2025-07-23,206.94
O010627,C1893,2025-08-07,214.97
O010628,C1893,2025-09-04,103.19
O010629,C1893,2025-09-28,194.48
O010630,C1893,2025-10-07,151.51
O010631,C1893,2025-10-28,199.45
O010632,C1893,2025-12-11,351.25
O010633,C1894,2024-08-07,35.44
O010634,C1894,2025-03-09,30.46
O010635,C1894,2025-08-09,32.64
O010636,C1895,2024-09-21,42.14
O010637,C1895,2025-02-11,21.37
O010638,C1895,2025-03-08,94.04
O010639,C1895,2025-03-14,40.65
O010640,C1895,2025-04-15,66.16
O010641,C1895,2025-05-09,23.5
O010642,C1895,2025-06-11,118.44
O010643,C1895,2025-07-10,41.32
O010644,C1895,2025-08-22,344.73
O010645,C1895,2025-09-24,185.1
O010646,C1895,2025-10-21,157.88
O010647,C1895,2025-11-24,45.62
O010648,C1895,2025-12-14,114.33
O010649,C1896,2025-02-26,79.75
O010650,C1897,2024-12-17,31.77
O010651,C1897,2025-03-28,132.0
O010652,C1897,2025-05-09,26.11
O010653,C1897,2025-12-12,48.38
O010654,C1897,2025-12-30,115.81
O010655,C1898,2024-01-27,213.95
O010656,C1898,2024-03-09,81.99
O010657,C1898,2024-07-04,30.53
O010658,C1898,2024-08-29,183.85
O010659,C1899,2024-02-22,99.5
O010660,C1899,2024-06-14,126.81
O010661,C1900,2024-05-18,54.85
O010662,C1900,2024-05-27,40.85
O010663,C1900,2024-07-13,99.3
O010664,C1900,2024-08-14,47.1
O010665,C1900,2024-09-03,36.8
O010666,C1900,2024-12-23,75.36
O010667,C1900,2025-02-18,35.26
O010668,C1900,2025-11-09,27.18
O010669,C1900,2025-12-23,22.11
O010670,C1901,2025-04-27,20.42
O010671,C1902,2024-01-30,93.82
O010672,C1903,2024-02-17,154.19
O010673,C1903,2024-04-02,91.37
O010674,C1903,2024-05-16,342.42
O010675,C1903,2024-08-27,26.77
O010676,C1903,2024-09-21,70.32
O010677,C1903,2024-10-27,39.86
O010678,C1904,2025-03-05,81.25
O010679,C1905,2024-12-11,148.07
O010680,C1905,2024-12-21,117.89
O010681,C1905,2025-01-16,41.46
O010682,C1905,2025-02-04,86.24
O010683,C1905,2025-02-18,566.08
O010684,C1905,2025-02-24,165.84
O010685,C1905,2025-03-23,191.87
O010686,C1905,2025-04-12,101.38
O010687,C1905,2025-05-12,171.3
O010688,C1905,2025-05-21,183.03
O010689,C1905,2025-06-02,280.99
O010690,C1905,2025-06-20,59.14
O010691,C1905,2025-08-02,92.66
O010692,C1905,2025-08-08,136.49
O010693,C1905,2025-09-23,265.96
O010694,C1905,2025-10-27,164.39
O010695,C1905,2025-11-25,182.69
O010696,C1905,2025-12-27,123.44
O010697,C1906,2025-06-29,70.23
O010698,C1906,2025-09-13,42.18
O010699,C1906,2025-12-14,139.25
O010700,C1907,2024-06-01,336.73
O010701,C1907,2024-09-05,455.3
O010702,C1907,2024-11-21,479.69
O010703,C1907,2025-01-27,143.86
O010704,C1907,2025-03-05,205.38
O010705,C1907,2025-03-22,185.36
O010706,C1907,2025-05-23,353.61
O010707,C1907,2025-09-26,188.0
O010708,C1909,2024-03-29,13.2
O010709,C1909,2024-10-09,11.32
O010710,C1910,2024-11-22,139.79
O010711,C1910,2025-03-11,42.26
O010712,C1910,2025-08-13,39.62
O010713,C1910,2025-10-14,195.51
O010714,C1911,2024-03-15,61.06
O010715,C1911,2024-05-17,15.95
O010716,C1911,2024-07-22,62.94
O010717,C1911,2024-08-01,82.4
O010718,C1912,2025-05-29,88.62
O010719,C1912,2025-10-05,81.33
O010720,C1912,2025-10-30,26.36
O010721,C1912,2025-11-15,402.84
O010722,C1913,2024-08-22,200.58
O010723,C1913,2024-10-20,60.14
O010724,C1913,2024-12-06,19.64
O010725,C1913,2025-02-15,50.05
O010726,C1914,2024-06-07,196.48
O010727,C1914,2024-07-01,58.63
O010728,C1914,2024-07-23,111.95
O010729,C1914,2024-10-24,159.4
O010730,C1914,2024-11-20,62.75
O010731,C1914,2025-03-13,121.23
O010732,C1914,2025-03-27,38.69
O010733,C1914,2025-04-08,108.6
O010734,C1914,2025-06-04,42.47
O010735,C1914,2025-07-01,55.44
O010736,C1914,2025-08-22,33.4
O010737,C1915,2025-06-24,130.41
O010738,C1915,2025-07-12,156.83
O010739,C1915,2025-08-04,396.19
O010740,C1915,2025-08-20,18.41
O010741,C1915,2025-09-04,187.48
O010742,C1915,2025-10-02,54.92
O010743,C1915,2025-11-11,157.67
O010744,C1915,2025-11-27,78.95
O010745,C1915,2025-12-13,75.26
O010746,C1915,2025-12-27,65.85
O010747,C1916,2025-06-22,97.6
O010748,C1916,2025-07-17,21.16
O010749,C1916,2025-08-26,213.04
O010750,C1916,2025-09-28,27.53
O010751,C1916,2025-12-08,95.22
O010752,C1918,2024-10-13,46.15
O010753,C1918,2024-10-20,61.36
O010754,C1918,2024-11-26,14.36
O010755,C1918,2025-02-06,28.08
O010756,C1918,2025-04-23,42.07
O010757,C1918,2025-07-11,133.2
O010758,C1918,2025-08-26,21.75
O010759,C1918,2025-09-01,38.01
O010760,C1918,2025-10-22,14.46
O010761,C1919,2025-01-12,44.25
O010762,C1919,2025-03-10,28.94
O010763,C1919,2025-03-25,39.57
O010764,C1919,2025-05-07,14.63
O010765,C1919,2025-05-30,55.39
O010766,C1919,2025-06-20,238.15
O010767,C1919,2025-09-30,47.21
O010768,C1919,2025-11-03,167.0
O010769,C1919,2025-12-16,27.28
O010770,C1920,2025-07-23,52.25
O010771,C1920,2025-12-25,39.35
O010772,C1922,2024-10-20,85.26
O010773,C1922,2025-01-04,85.78
O010774,C1922,2025-01-26,96.86
O010775,C1922,2025-06-04,31.72
O010776,C1922,2025-07-11,106.1
O010777,C1922,2025-09-04,80.07
O010778,C1922,2025-10-13,51.74
O010779,C1922,2025-12-28,57.3
O010780,C1923,2024-08-22,21.9
O010781,C1923,2024-09-02,245.07
O010782,C1923,2024-11-30,172.95
O010783,C1923,2025-01-15,74.41
O010784,C1923,2025-02-14,213.46
O010785,C1923,2025-10-05,274.11
O010786,C1923,2025-12-23,19.58
O010787,C1924,2024-09-16,105.77
O010788,C1924,2024-11-23,33.64
O010789,C1924,2025-01-06,83.2
O010790,C1924,2025-02-06,122.46
O010791,C1924,2025-05-20,98.12
O010792,C1924,2025-10-05,171.96
O010793,C1925,2024-07-03,158.36
O010794,C1925,2024-09-18,401.73
O010795,C1925,2024-10-13,84.6
O010796,C1925,2024-12-08,186.83
O010797,C1925,2024-12-31,180.62
O010798,C1925,2025-02-01,150.35
O010799,C1925,2025-03-10,114.79
O010800,C1925,2025-04-16,198.46
O010801,C1925,2025-06-23,196.32
O010802,C1925,2025-07-22,52.11
O010803,C1925,2025-08-18,219.68
O010804,C1925,2025-09-08,270.9
O010805,C1925,2025-10-07,187.46
O010806,C1925,2025-10-21,335.31
O010807,C1925,2025-11-05,126.65
O010808,C1925,2025-11-11,102.88
O010809,C1925,2025-12-25,235.44
O010810,C1926,2024-06-27,77.5
O010811,C1926,2024-07-30,42.78
O010812,C1926,2024-11-12,164.5
O010813,C1926,2025-01-22,76.9
O010814,C1926,2025-03-28,64.16
O010815,C1926,2025-06-06,133.1
O010816,C1927,2024-03-21,187.22
O010817,C1927,2024-03-28,102.1
O010818,C1927,2024-08-23,318.56
O010819,C1927,2024-08-29,503.82
O010820,C1927,2024-10-31,109.52
O010821,C1927,2024-12-03,283.38
O010822,C1927,2025-02-07,103.32
O010823,C1927,2025-02-16,519.32
O010824,C1927,2025-02-22,60.86
O010825,C1927,2025-03-22,154.29
O010826,C1927,2025-04-30,341.21
O010827,C1927,2025-06-09,47.0
O010828,C1927,2025-07-09,211.16
O010829,C1927,2025-10-13,258.41
O010830,C1927,2025-11-05,80.1
O010831,C1927,2025-11-11,70.01
O010832,C1927,2025-11-27,483.12
O010833,C1927,2025-12-20,320.14
O010834,C1928,2024-10-09,83.41
O010835,C1928,2024-10-22,198.17
O010836,C1928,2024-11-12,105.57
O010837,C1928,2025-01-03,55.17
O010838,C1928,2025-01-12,119.0
O010839,C1928,2025-04-07,348.62
O010840,C1928,2025-06-21,107.83
O010841,C1928,2025-07-06,35.08
O010842,C1928,2025-08-24,47.4
O010843,C1928,2025-10-13,207.08
O010844,C1928,2025-10-25,78.27
O010845,C1928,2025-11-11,230.01
O010846,C1928,2025-11-29,19.86
O010847,C1928,2025-12-15,100.82
O010848,C1929,2024-09-21,64.27
O010849,C1930,2025-08-30,163.99
O010850,C1930,2025-09-25,52.54
O010851,C1930,2025-10-21,166.8
O010852,C1930,2025-12-05,85.48
O010853,C1930,2025-12-25,86.35
O010854,C1932,2024-03-03,79.2
O010855,C1932,2024-05-18,56.68
O010856,C1932,2024-10-01,15.91
O010857,C1933,2025-06-27,13.71
O010858,C1933,2025-12-02,37.8
O010859,C1934,2025-05-05,41.56
O010860,C1934,2025-06-30,95.68
O010861,C1934,2025-08-16,312.61
O010862,C1934,2025-11-04,56.49
O010863,C1934,2025-11-10,30.27
O010864,C1935,2024-01-23,37.92
O010865,C1935,2024-02-10,132.09
O010866,C1935,2024-03-29,128.02
O010867,C1935,2024-04-12,25.95
O010868,C1935,2024-05-14,311.55
O010869,C1935,2024-06-28,289.24
O010870,C1935,2024-07-16,334.19
O010871,C1935,2024-09-04,120.64
O010872,C1935,2024-10-09,228.48
O010873,C1935,2024-12-03,93.27
O010874,C1935,2025-02-10,160.19
O010875,C1935,2025-04-01,261.85
O010876,C1935,2025-04-28,217.24
O010877,C1935,2025-07-17,99.14
O010878,C1935,2025-09-06,60.35
O010879,C1935,2025-11-03,146.2
O010880,C1936,2025-03-24,90.21
O010881,C1937,2024-04-30,184.74
O010882,C1937,2024-09-12,21.54
O010883,C1937,2024-10-24,53.09
O010884,C1937,2024-12-25,100.88
O010885,C1937,2025-07-17,70.26
O010886,C1938,2024-03-18,49.91
O010887,C1938,2024-07-03,72.34
O010888,C1938,2024-11-15,84.41
O010889,C1938,2025-09-15,13.13
O010890,C1938,2025-11-10,90.55
O010891,C1939,2025-11-03,36.91
O010892,C1939,2025-12-04,153.19
O010893,C1940,2025-06-25,13.36
O010894,C1940,2025-08-02,61.22
O010895,C1940,2025-09-22,97.54
O010896,C1940,2025-10-25,22.8
O010897,C1941,2024-06-13,242.62
O010898,C1941,2024-07-03,155.2
O010899,C1941,2024-09-21,87.17
O010900,C1941,2024-10-27,165.93
O010901,C1941,2024-11-27,38.86
O010902,C1941,2024-12-20,162.0
O010903,C1941,2025-01-10,95.83
O010904,C1941,2025-01-28,106.81
O010905,C1941,2025-02-24,198.25
O010906,C1941,2025-03-13,355.9
O010907,C1941,2025-05-03,225.16
O010908,C1941,2025-05-12,116.24
O010909,C1941,2025-07-16,196.62
O010910,C1941,2025-08-28,130.48
O010911,C1941,2025-09-13,205.8
O010912,C1941,2025-10-21,192.92
O010913,C1941,2025-12-04,190.91
O010914,C1941,2025-12-24,97.34
O010915,C1942,2024-02-28,98.4
O010916,C1942,2024-05-11,70.4
O010917,C1942,2024-08-08,119.0
O010918,C1942,2024-09-18,71.02
O010919,C1942,2025-01-30,29.93
O010920,C1942,2025-03-30,15.17
O010921,C1942,2025-05-29,230.17
O010922,C1942,2025-06-07,106.27
O010923,C1942,2025-08-06,19.78
O010924,C1942,2025-10-22,109.49
O010925,C1942,2025-12-06,91.19
O010926,C1943,2024-03-29,61.92
O010927,C1943,2024-06-05,15.14
O010928,C1943,2024-09-20,81.31
O010929,C1943,2024-09-28,41.03
O010930,C1943,2024-10-07,41.29
O010931,C1943,2024-10-16,67.28
O010932,C1943,2024-11-14,44.79
O010933,C1943,2024-12-04,51.32
O010934,C1943,2024-12-27,17.26
O010935,C1943,2025-01-17,125.92
O010936,C1943,2025-04-01,63.54
O010937,C1943,2025-05-10,115.06
O010938,C1943,2025-08-30,245.56
O010939,C1943,2025-09-27,94.29
O010940,C1943,2025-10-19,193.94
O010941,C1944,2024-02-11,31.39
O010942,C1944,2024-03-29,42.66
O010943,C1944,2024-04-08,50.65
O010944,C1944,2024-04-26,45.99
O010945,C1944,2024-05-12,29.66
O010946,C1944,2024-05-24,78.82
O010947,C1944,2024-09-09,16.21
O010948,C1944,2024-10-02,107.06
O010949,C1944,2024-12-18,15.18
O010950,C1944,2025-03-04,132.68
O010951,C1944,2025-04-24,91.5
O010952,C1944,2025-05-16,159.69
O010953,C1944,2025-07-01,71.05
O010954,C1944,2025-07-28,63.35
O010955,C1944,2025-09-08,78.54
O010956,C1944,2025-10-25,112.52
O010957,C1944,2025-12-03,107.78
O010958,C1945,2025-04-23,175.17
O010959,C1945,2025-06-30,199.23
O010960,C1945,2025-08-18,193.4
O010961,C1945,2025-09-19,224.39
O010962,C1945,2025-10-14,150.97
O010963,C1945,2025-11-27,25.64
O010964,C1946,2024-02-12,29.41
O010965,C1946,2024-04-01,20.82
O010966,C1947,2025-02-26,143.74
O010967,C1948,2024-04-08,48.87
O010968,C1948,2024-11-26,81.21
O010969,C1948,2025-01-18,10.09
O010970,C1948,2025-03-12,53.56
O010971,C1948,2025-12-14,42.65
O010972,C1949,2025-11-15,62.4
O010973,C1950,2025-04-24,197.09
O010974,C1950,2025-05-28,62.24
O010975,C1950,2025-06-19,127.39
O010976,C1950,2025-09-15,339.52
O010977,C1950,2025-10-20,356.02
O010978,C1950,2025-12-09,275.43
O010979,C1950,2025-12-16,289.48
O010980,C1950,2025-12-30,111.45
O010981,C1951,2024-12-15,277.75
O010982,C1951,2025-01-11,256.12
O010983,C1951,2025-02-10,729.13
O010984,C1951,2025-03-09,88.44
O010985,C1951,2025-05-02,302.25
O010986,C1951,2025-06-30,227.93
O010987,C1951,2025-07-13,154.43
O010988,C1951,2025-09-09,49.98
O010989,C1951,2025-10-18,112.32
O010990,C1951,2025-11-10,91.56
O010991,C1951,2025-12-11,301.59
O010992,C1951,2025-12-30,389.39
O010993,C1952,2025-04-09,12.59
O010994,C1952,2025-06-25,57.56
O010995,C1952,2025-10-11,144.54
O010996,C1953,2024-06-24,71.73
O010997,C1953,2024-07-16,130.46
O010998,C1953,2024-08-22,208.96
O010999,C1953,2024-11-26,111.4
O011000,C1953,2024-12-17,138.81
O011001,C1953,2025-01-20,117.82
O011002,C1953,2025-02-13,318.06
O011003,C1953,2025-03-01,138.98
O011004,C1953,2025-03-08,32.51
O011005,C1953,2025-05-27,113.88
O011006,C1953,2025-08-12,74.8
O011007,C1953,2025-08-28,270.94
O011008,C1953,2025-10-10,305.21
O011009,C1953,2025-12-10,73.01
O011010,C1953,2025-12-25,230.57
O011011,C1954,2025-03-13,148.26
O011012,C1954,2025-04-13,32.9
O011013,C1954,2025-05-18,52.54
O011014,C1954,2025-07-09,51.32
O011015,C1954,2025-07-23,178.97
O011016,C1954,2025-09-24,219.84
O011017,C1955,2025-07-28,12.68
O011018,C1955,2025-10-21,137.78
O011019,C1956,2024-12-26,66.25
O011020,C1956,2025-02-24,283.52
O011021,C1956,2025-08-06,101.54
O011022,C1956,2025-09-22,99.23
O011023,C1956,2025-10-31,68.53
O011024,C1956,2025-12-13,252.86
O011025,C1957,2025-06-12,58.89
O011026,C1957,2025-08-15,22.29
O011027,C1957,2025-09-02,250.5
O011028,C1957,2025-11-26,84.39
O011029,C1958,2025-02-10,40.07
O011030,C1958,2025-10-14,178.25
O011031,C1958,2025-12-13,34.24
O011032,C1959,2024-06-04,16.42
O011033,C1959,2024-09-12,53.58
O011034,C1959,2024-12-25,28.76
O011035,C1959,2025-03-01,33.32
O011036,C1959,2025-10-19,48.57
O011037,C1959,2025-11-07,85.24
O011038,C1960,2025-03-05,9.72
O011039,C1960,2025-05-28,39.19
O011040,C1960,2025-12-19,80.34
O011041,C1961,2025-05-04,71.13
O011042,C1961,2025-07-03,128.72
O011043,C1961,2025-08-22,51.42
O011044,C1961,2025-10-22,44.93
O011045,C1961,2025-12-01,103.39
O011046,C1961,2025-12-29,226.97
O011047,C1963,2025-03-03,103.02
O011048,C1963,2025-04-11,195.56
O011049,C1963,2025-05-20,54.33
O011050,C1963,2025-06-27,19.72
O011051,C1964,2025-02-24,49.18
O011052,C1964,2025-07-29,32.79
O011053,C1964,2025-12-22,62.6
O011054,C1965,2025-03-15,208.94
O011055,C1965,2025-03-21,21.09
O011056,C1966,2025-02-11,55.7
O011057,C1966,2025-04-04,88.98
O011058,C1967,2024-03-22,32.77
O011059,C1967,2024-04-02,14.63
O011060,C1967,2024-04-27,95.59
O011061,C1967,2024-05-12,42.42
O011062,C1967,2024-07-10,23.53
O011063,C1967,2024-07-23,37.28
O011064,C1967,2024-08-27,13.84
O011065,C1967,2024-11-01,30.94
O011066,C1967,2024-12-13,7.36
O011067,C1967,2024-12-23,16.29
O011068,C1967,2025-02-07,8.92
O011069,C1967,2025-03-19,26.24
O011070,C1967,2025-04-12,61.93
O011071,C1967,2025-05-18,196.42
O011072,C1967,2025-06-30,41.47
O011073,C1967,2025-10-05,47.09
O011074,C1967,2025-11-22,24.75
O011075,C1968,2025-05-23,32.58
O011076,C1968,2025-10-11,81.01
O011077,C1968,2025-10-23,186.72
O011078,C1968,2025-11-29,142.74
O011079,C1969,2024-04-24,75.09
O011080,C1969,2024-07-19,168.45
O011081,C1969,2024-08-26,123.36
O011082,C1969,2024-09-01,366.98
O011083,C1969,2024-09-12,179.16
O011084,C1969,2024-10-06,251.52
O011085,C1969,2024-10-20,171.99
O011086,C1969,2024-12-04,226.95
O011087,C1969,2025-01-20,151.29
O011088,C1970,2024-11-14,216.12
O011089,C1970,2024-12-26,325.19
O011090,C1970,2025-03-07,214.75
O011091,C1970,2025-04-24,91.02
O011092,C1970,2025-05-18,153.25
O011093,C1970,2025-09-10,62.96
O011094,C1970,2025-09-22,22.77
O011095,C1970,2025-12-10,230.03
O011096,C1971,2024-07-06,166.63
O011097,C1971,2024-07-12,136.88
O011098,C1971,2024-08-09,231.94
O011099,C1971,2024-09-09,404.35
O011100,C1971,2024-11-09,151.07
O011101,C1971,2025-01-11,176.9
O011102,C1971,2025-01-19,441.59
O011103,C1971,2025-03-18,223.7
O011104,C1971,2025-04-28,287.05
O011105,C1971,2025-05-27,55.64
O011106,C1971,2025-06-04,63.65
O011107,C1971,2025-06-27,116.23
O011108,C1971,2025-07-24,144.1
O011109,C1971,2025-09-27,164.95
O011110,C1971,2025-10-27,141.73
O011111,C1971,2025-11-16,151.5
O011112,C1971,2025-12-28,140.18
O011113,C1972,2024-05-01,13.51
O011114,C1972,2024-05-25,34.67
O011115,C1972,2024-07-25,93.11
O011116,C1972,2024-09-19,44.25
O011117,C1973,2024-06-10,46.07
O011118,C1973,2024-08-21,14.95
O011119,C1973,2024-09-10,168.15
O011120,C1973,2024-12-27,47.31
O011121,C1973,2025-02-19,162.67
O011122,C1973,2025-05-27,84.54
O011123,C1973,2025-09-12,131.06
O011124,C1973,2025-11-22,150.71
O011125,C1974,2024-03-05,51.46
O011126,C1974,2024-05-26,32.51
O011127,C1974,2024-06-14,42.16
O011128,C1974,2024-10-08,67.28
O011129,C1974,2024-11-11,101.81
O011130,C1974,2024-12-19,66.3
O011131,C1974,2025-03-05,178.52
O011132,C1975,2024-09-07,268.63
O011133,C1975,2024-11-18,71.27
O011134,C1975,2024-11-24,50.47
O011135,C1975,2024-12-14,96.2
O011136,C1975,2025-01-20,192.32
O011137,C1975,2025-02-06,213.93
O011138,C1975,2025-03-12,251.94
O011139,C1975,2025-04-22,104.93
O011140,C1975,2025-05-15,52.47
O011141,C1975,2025-06-21,225.27
O011142,C1975,2025-07-06,183.41
O011143,C1975,2025-07-17,103.19
O011144,C1975,2025-07-23,177.06
O011145,C1975,2025-08-01,161.27
O011146,C1976,2024-09-27,63.96
O011147,C1977,2024-08-22,139.04
O011148,C1977,2024-10-17,155.93
O011149,C1977,2024-11-02,157.7
O011150,C1978,2024-02-28,98.44
O011151,C1978,2024-05-01,196.57
O011152,C1978,2024-05-19,137.11
O011153,C1978,2024-06-11,158.35
O011154,C1978,2024-07-03,401.27
O011155,C1978,2024-08-12,256.71
O011156,C1978,2024-08-20,137.14
O011157,C1978,2024-09-24,225.09
O011158,C1978,2024-10-18,225.45
O011159,C1978,2024-12-07,191.32
O011160,C1978,2024-12-16,187.9
O011161,C1978,2025-02-06,276.41
O011162,C1978,2025-02-16,16.95
O011163,C1978,2025-03-15,280.35
O011164,C1978,2025-04-09,148.92
O011165,C1978,2025-05-07,224.7
O011166,C1978,2025-05-20,79.15
O011167,C1978,2025-07-16,300.48
O011168,C1978,2025-10-15,168.31
O011169,C1978,2025-11-17,317.48
O011170,C1979,2024-12-15,130.52
O011171,C1979,2025-01-30,358.46
O011172,C1979,2025-05-08,180.03
O011173,C1979,2025-05-20,52.06
O011174,C1979,2025-06-07,216.12
O011175,C1979,2025-07-13,45.8
O011176,C1979,2025-09-07,149.67
O011177,C1979,2025-10-08,299.27
O011178,C1980,2024-04-04,129.64
O011179,C1980,2024-04-20,259.88
O011180,C1980,2024-05-10,242.94
O011181,C1980,2024-05-24,410.38
O011182,C1980,2024-06-16,346.54
O011183,C1980,2024-06-29,168.44
O011184,C1980,2024-09-01,161.79
O011185,C1980,2024-09-21,471.69
O011186,C1980,2024-10-09,182.99
O011187,C1980,2024-11-18,291.56
O011188,C1980,2024-11-24,244.84
O011189,C1980,2024-12-02,39.94
O011190,C1980,2024-12-21,48.54
O011191,C1980,2025-01-08,98.47
O011192,C1980,2025-01-26,158.77
O011193,C1980,2025-02-05,95.04
O011194,C1980,2025-04-09,310.72
O011195,C1980,2025-05-02,97.85
O011196,C1980,2025-06-01,214.42
O011197,C1980,2025-06-10,551.82
O011198,C1980,2025-07-08,129.14
O011199,C1980,2025-07-17,410.09
O011200,C1980,2025-08-24,425.95
O011201,C1980,2025-09-22,45.32
O011202,C1980,2025-10-17,579.79
O011203,C1982,2024-01-16,162.19
O011204,C1982,2024-03-04,50.21
O011205,C1982,2024-04-21,155.69
O011206,C1982,2024-05-24,107.82
O011207,C1982,2024-06-25,32.73
O011208,C1982,2024-07-02,67.13
O011209,C1982,2024-07-27,41.34
O011210,C1982,2024-09-05,146.45
O011211,C1982,2024-09-27,21.48
O011212,C1982,2024-12-17,84.7
O011213,C1982,2025-01-02,16.08
O011214,C1982,2025-02-08,38.31
O011215,C1982,2025-02-20,267.87
O011216,C1982,2025-05-24,44.66
O011217,C1982,2025-05-31,100.08
O011218,C1982,2025-06-16,55.14
O011219,C1982,2025-08-22,54.01
O011220,C1982,2025-11-15,35.57
O011221,C1982,2025-12-18,12.93
O011222,C1983,2024-03-13,197.69
O011223,C1983,2024-05-18,35.71
O011224,C1983,2024-07-11,41.49
O011225,C1984,2024-07-06,164.92
O011226,C1984,2024-11-25,38.18
O011227,C1984,2025-02-12,82.41
O011228,C1984,2025-05-26,108.83
O011229,C1984,2025-07-13,12.58
O011230,C1984,2025-10-12,12.87
O011231,C1985,2024-08-23,22.68
O011232,C1985,2024-10-14,116.95
O011233,C1985,2024-12-16,17.1
O011234,C1986,2025-06-18,43.97
O011235,C1986,2025-08-24,12.68
O011236,C1986,2025-09-11,10.69
O011237,C1987,2024-10-28,39.77
O011238,C1987,2025-02-14,65.79
O011239,C1987,2025-07-06,122.18
O011240,C1987,2025-09-18,12.16
O011241,C1987,2025-10-22,31.3
O011242,C1988,2025-09-18,37.71
O011243,C1988,2025-09-24,103.56
O011244,C1988,2025-10-22,39.7
O011245,C1988,2025-11-05,99.03
O011246,C1989,2025-04-17,183.42
O011247,C1989,2025-07-15,188.15
O011248,C1989,2025-08-11,193.7
O011249,C1989,2025-10-23,10.91
O011250,C1989,2025-12-22,27.54
O011251,C1990,2024-05-15,94.95
O011252,C1990,2024-07-29,128.94
O011253,C1991,2025-05-08,39.93
O011254,C1991,2025-05-28,458.0
O011255,C1991,2025-06-19,166.76
O011256,C1991,2025-07-08,288.84
O011257,C1991,2025-08-12,94.8
O011258,C1991,2025-08-26,220.02
O011259,C1991,2025-09-04,344.57
O011260,C1991,2025-10-27,232.85
O011261,C1991,2025-12-21,274.17
O011262,C1991,2025-12-27,157.76
O011263,C1992,2024-09-10,61.42
O011264,C1992,2025-03-30,73.18
O011265,C1992,2025-05-14,23.51
O011266,C1992,2025-09-06,264.07
O011267,C1992,2025-11-04,34.3
O011268,C1993,2025-08-30,47.55
O011269,C1993,2025-10-05,53.77
O011270,C1993,2025-12-05,22.67
O011271,C1994,2024-07-06,62.68
O011272,C1994,2024-07-12,84.85
O011273,C1994,2024-07-31,277.62
O011274,C1995,2024-02-21,127.61
O011275,C1995,2024-11-08,36.43
O011276,C1995,2025-02-18,61.87
O011277,C1995,2025-06-03,30.51
O011278,C1995,2025-11-18,39.1
O011279,C1996,2025-01-05,21.56
O011280,C1996,2025-02-03,178.83
O011281,C1996,2025-02-21,79.35
O011282,C1996,2025-04-04,90.08
O011283,C1997,2024-12-04,34.26
O011284,C1997,2025-04-18,118.42
O011285,C1997,2025-08-29,102.33
O011286,C1997,2025-11-28,32.45
O011287,C1997,2025-12-11,10.49
O011288,C1998,2024-12-18,53.06
O011289,C1999,2025-01-16,209.14
O011290,C2000,2024-03-25,11.64
O011291,C2000,2024-06-10,59.9
O011292,C2000,2024-08-10,46.76
O011293,C2000,2024-11-25,31.8
O011294,C2000,2025-03-20,68.56
O011295,C2000,2025-04-21,39.35
O011296,C2000,2025-06-17,94.35
O011297,C2000,2025-09-08,26.5
O011298,C2000,2025-12-20,142.27
O011299,C2001,2025-05-10,25.04
O011300,C2001,2025-10-25,11.0
O011301,C2002,2024-10-22,11.24
O011302,C2002,2025-04-04,182.23
O011303,C2002,2025-06-18,106.33
O011304,C2002,2025-08-01,14.51
O011305,C2002,2025-09-18,102.94
O011306,C2002,2025-12-02,26.84
O011307,C2002,2025-12-08,25.1
O011308,C2003,2025-01-18,129.34
O011309,C2003,2025-02-27,25.23
O011310,C2003,2025-05-06,14.55
O011311,C2003,2025-08-06,74.07
O011312,C2003,2025-09-12,11.61
O011313,C2003,2025-12-09,50.13
O011314,C2004,2024-01-24,186.99
O011315,C2004,2024-04-04,49.09
O011316,C2004,2024-06-14,124.18
O011317,C2004,2024-07-10,60.66
O011318,C2004,2025-01-03,91.46
O011319,C2004,2025-04-21,42.34
O011320,C2004,2025-05-04,44.64
O011321,C2004,2025-08-04,7.44
O011322,C2004,2025-09-05,13.06
O011323,C2005,2025-02-26,136.99
O011324,C2005,2025-05-30,77.46
O011325,C2005,2025-07-08,137.91
O011326,C2005,2025-08-15,141.68
O011327,C2005,2025-11-02,97.86
O011328,C2006,2025-01-13,239.68
O011329,C2006,2025-01-28,287.29
O011330,C2007,2024-07-30,58.9
O011331,C2007,2025-02-09,133.46
O011332,C2007,2025-06-14,33.14
O011333,C2008,2025-06-02,38.35
O011334,C2008,2025-07-09,22.48
O011335,C2008,2025-10-03,39.19
O011336,C2008,2025-11-08,113.2
O011337,C2009,2025-02-15,72.56
O011338,C2011,2025-04-25,68.05
O011339,C2011,2025-06-16,44.14
O011340,C2011,2025-09-11,24.8
O011341,C2011,2025-10-21,38.48
O011342,C2012,2024-05-02,292.16
O011343,C2012,2024-07-28,206.7
O011344,C2012,2024-09-10,33.49
O011345,C2012,2024-10-08,54.75
O011346,C2012,2024-11-12,8.03
O011347,C2012,2025-01-27,252.97
O011348,C2012,2025-04-04,272.99
O011349,C2012,2025-06-09,476.91
O011350,C2012,2025-06-24,97.41
O011351,C2012,2025-08-01,124.73
O011352,C2012,2025-10-10,84.35
O011353,C2013,2025-07-06,282.56
O011354,C2013,2025-07-31,94.15
O011355,C2013,2025-09-04,131.42
O011356,C2013,2025-10-19,273.95
O011357,C2013,2025-11-27,83.2
O011358,C2013,2025-12-06,345.73
O011359,C2013,2025-12-31,112.26
O011360,C2014,2025-03-14,163.31
O011361,C2014,2025-03-28,140.25
O011362,C2014,2025-05-01,291.06
O011363,C2014,2025-07-10,89.92
O011364,C2014,2025-08-01,201.12
O011365,C2014,2025-08-07,163.25
O011366,C2014,2025-08-17,61.81
O011367,C2015,2024-04-20,22.28
O011368,C2015,2024-05-17,21.28
O011369,C2015,2024-07-23,12.84
O011370,C2015,2024-10-13,52.31
O011371,C2015,2024-11-05,13.24
O011372,C2015,2025-02-14,105.52
O011373,C2016,2025-11-07,42.06
O011374,C2017,2024-08-24,314.06
O011375,C2017,2024-10-18,396.96
O011376,C2017,2024-10-31,111.48
O011377,C2017,2024-11-29,67.0
O011378,C2017,2024-12-30,126.98
O011379,C2017,2025-02-12,108.29
O011380,C2017,2025-02-25,134.77
O011381,C2017,2025-03-19,198.51
O011382,C2017,2025-05-17,243.2
O011383,C2017,2025-05-25,301.22
O011384,C2017,2025-06-21,444.83
O011385,C2017,2025-07-04,80.65
O011386,C2017,2025-07-24,137.55
O011387,C2017,2025-09-16,30.77
O011388,C2017,2025-09-25,176.97
O011389,C2017,2025-11-04,386.31
O011390,C2017,2025-12-09,244.12
O011391,C2019,2024-04-20,161.52
O011392,C2019,2024-05-15,33.19
O011393,C2019,2024-05-21,382.02
O011394,C2020,2024-06-06,91.08
O011395,C2020,2024-12-12,208.63
O011396,C2020,2025-01-09,79.91
O011397,C2020,2025-07-26,73.26
O011398,C2020,2025-09-20,161.66
O011399,C2021,2024-07-30,43.27
O011400,C2021,2024-10-19,83.3
O011401,C2021,2024-11-28,79.28
O011402,C2021,2025-02-20,7.2
O011403,C2021,2025-04-11,57.84
O011404,C2022,2024-09-24,31.09
O011405,C2022,2024-11-29,22.75
O011406,C2022,2025-02-07,62.56
O011407,C2022,2025-04-26,112.21
O011408,C2022,2025-06-09,294.92
O011409,C2022,2025-08-07,417.62
O011410,C2022,2025-08-16,112.26
O011411,C2022,2025-09-16,167.07
O011412,C2022,2025-09-24,95.42
O011413,C2022,2025-11-16,159.3
O011414,C2022,2025-12-07,169.56
O011415,C2022,2025-12-25,260.6
O011416,C2023,2024-12-19,149.42
O011417,C2023,2025-01-25,92.09
O011418,C2023,2025-03-05,57.26
O011419,C2023,2025-04-09,333.25
O011420,C2024,2024-05-05,95.4
O011421,C2024,2025-02-01,83.67
O011422,C2025,2025-10-13,103.98
O011423,C2026,2024-02-11,56.0
O011424,C2026,2024-04-24,120.62
O011425,C2026,2024-05-26,132.12
O011426,C2026,2024-07-05,14.14
O011427,C2026,2024-09-04,202.35
O011428,C2026,2024-10-08,166.32
O011429,C2026,2025-01-25,63.56
O011430,C2026,2025-03-20,67.82
O011431,C2026,2025-05-18,24.57
O011432,C2026,2025-08-03,58.44
O011433,C2026,2025-09-16,84.78
O011434,C2026,2025-10-14,7.42
O011435,C2026,2025-11-01,58.74
O011436,C2026,2025-11-20,156.18
O011437,C2026,2025-12-20,102.81
O011438,C2027,2024-07-07,20.9
O011439,C2027,2024-08-05,117.15
O011440,C2027,2024-08-28,168.58
O011441,C2027,2024-09-16,166.05
O011442,C2027,2024-10-14,87.03
O011443,C2027,2024-11-14,25.07
O011444,C2027,2025-03-28,22.35
O011445,C2027,2025-04-29,94.92
O011446,C2027,2025-06-30,57.28
O011447,C2027,2025-07-29,40.9
O011448,C2027,2025-08-19,145.14
O011449,C2027,2025-11-15,103.6
O011450,C2028,2024-12-29,12.28
O011451,C2028,2025-01-15,203.22
O011452,C2028,2025-02-04,15.5
O011453,C2028,2025-05-14,239.97
O011454,C2028,2025-07-07,174.74
O011455,C2028,2025-07-25,7.58
O011456,C2028,2025-07-31,258.21
O011457,C2028,2025-09-20,369.46
O011458,C2028,2025-10-11,100.96
O011459,C2029,2024-08-22,104.36
O011460,C2029,2025-01-08,259.11
O011461,C2029,2025-05-05,50.95
O011462,C2029,2025-10-31,78.89
O011463,C2030,2024-09-18,135.71
O011464,C2030,2025-01-21,48.91
O011465,C2030,2025-04-05,84.97
O011466,C2030,2025-05-05,141.72
O011467,C2030,2025-07-07,104.4
O011468,C2030,2025-08-09,22.87
O011469,C2032,2024-05-27,67.66
O011470,C2032,2024-07-24,51.96
O011471,C2032,2024-09-20,73.94
O011472,C2033,2025-11-27,44.11
O011473,C2035,2025-07-04,102.63
O011474,C2035,2025-08-13,93.38
O011475,C2035,2025-11-10,61.38
O011476,C2035,2025-12-05,11.86
O011477,C2036,2024-11-10,62.51
O011478,C2036,2025-03-12,13.45
O011479,C2036,2025-06-13,40.7
O011480,C2036,2025-07-30,13.91
O011481,C2037,2024-07-15,24.45
O011482,C2037,2024-11-13,31.26
O011483,C2037,2025-01-24,49.79
O011484,C2037,2025-02-26,74.27
O011485,C2037,2025-04-11,84.76
O011486,C2037,2025-04-25,109.09
O011487,C2037,2025-05-17,67.39
O011488,C2037,2025-06-21,97.11
O011489,C2037,2025-07-15,45.84
O011490,C2037,2025-09-23,84.83
O011491,C2037,2025-10-17,81.91
O011492,C2037,2025-12-22,182.55
O011493,C2038,2025-07-20,77.43
O011494,C2038,2025-08-21,312.9
O011495,C2038,2025-10-06,219.75
O011496,C2038,2025-11-03,87.91
O011497,C2039,2025-10-12,39.66
O011498,C2039,2025-11-02,90.45
O011499,C2040,2025-04-02,53.44
O011500,C2041,2025-07-18,65.31
O011501,C2042,2025-05-13,83.15
O011502,C2043,2024-11-05,168.0
O011503,C2043,2024-12-28,9.9
O011504,C2043,2025-02-01,133.57
O011505,C2043,2025-03-31,25.68
O011506,C2044,2025-04-02,34.69
O011507,C2044,2025-06-11,81.92
O011508,C2044,2025-12-12,105.28
O011509,C2045,2025-03-29,28.54
O011510,C2046,2024-03-02,50.22
O011511,C2046,2024-03-21,65.65
O011512,C2046,2024-04-17,34.97
O011513,C2046,2024-12-09,36.87
O011514,C2046,2024-12-16,13.72
O011515,C2046,2025-02-08,105.3
O011516,C2046,2025-03-01,43.33
O011517,C2046,2025-04-22,50.93
O011518,C2046,2025-05-29,67.75
O011519,C2046,2025-08-02,33.73
O011520,C2046,2025-09-19,65.18
O011521,C2046,2025-11-05,13.86
O011522,C2046,2025-12-19,33.66
O011523,C2047,2024-02-29,122.27
O011524,C2047,2024-06-10,89.8
O011525,C2047,2024-10-01,26.74
O011526,C2048,2024-02-13,29.37
O011527,C2048,2024-03-18,68.51
O011528,C2048,2024-04-28,473.49
O011529,C2048,2024-05-10,174.73
O011530,C2048,2024-07-08,250.27
O011531,C2048,2024-08-09,72.73
O011532,C2048,2024-08-31,169.89
O011533,C2048,2024-09-06,371.47
O011534,C2048,2024-10-19,138.44
O011535,C2048,2024-12-15,215.94
O011536,C2048,2024-12-21,244.19
O011537,C2048,2025-01-09,156.47
O011538,C2048,2025-02-01,119.57
O011539,C2048,2025-03-19,229.74
O011540,C2048,2025-06-08,246.29
O011541,C2048,2025-06-21,106.14
O011542,C2048,2025-08-20,206.36
O011543,C2048,2025-09-09,51.72
O011544,C2048,2025-09-26,193.67
O011545,C2048,2025-10-02,89.32
O011546,C2048,2025-11-21,32.39
O011547,C2048,2025-12-14,47.59
O011548,C2048,2025-12-28,36.53
O011549,C2049,2025-10-21,295.85
O011550,C2049,2025-11-07,343.71
O011551,C2050,2025-06-09,154.86
O011552,C2050,2025-08-29,47.45
O011553,C2050,2025-10-05,61.96
O011554,C2051,2024-02-05,203.72
O011555,C2051,2024-04-06,292.72
O011556,C2051,2024-04-30,106.67
O011557,C2051,2024-06-08,8.63
O011558,C2051,2024-08-09,364.51
O011559,C2051,2024-08-24,118.16
O011560,C2051,2024-09-09,297.49
O011561,C2051,2024-09-25,15.28
O011562,C2051,2025-01-08,234.73
O011563,C2052,2024-03-26,45.53
O011564,C2052,2024-04-28,90.1
O011565,C2053,2024-09-26,173.08
O011566,C2053,2024-10-13,204.79
O011567,C2053,2024-10-22,453.61
O011568,C2053,2024-11-12,332.03
O011569,C2053,2024-12-25,113.65
O011570,C2053,2025-01-08,230.19
O011571,C2053,2025-01-27,398.69
O011572,C2053,2025-03-07,285.39
O011573,C2053,2025-04-09,390.5
O011574,C2053,2025-04-25,160.33
O011575,C2053,2025-05-03,258.91
O011576,C2053,2025-05-25,144.96
O011577,C2053,2025-06-22,209.6
O011578,C2053,2025-08-03,376.38
O011579,C2053,2025-09-02,70.16
O011580,C2053,2025-09-26,606.77
O011581,C2053,2025-11-11,79.98
O011582,C2053,2025-11-23,250.53
O011583,C2054,2025-08-16,94.5
O011584,C2054,2025-10-22,101.15
O011585,C2054,2025-11-21,75.04
O011586,C2055,2024-03-16,26.37
O011587,C2055,2024-06-14,97.54
O011588,C2055,2024-07-05,106.19
O011589,C2055,2024-07-21,12.48
O011590,C2055,2024-09-03,46.05
O011591,C2055,2024-10-29,33.82
O011592,C2055,2025-02-16,52.41
O011593,C2056,2024-12-04,66.68
O011594,C2056,2024-12-23,26.25
O011595,C2056,2025-02-10,37.15
O011596,C2056,2025-06-03,85.57
O011597,C2056,2025-07-14,157.93
O011598,C2056,2025-08-15,70.56
O011599,C2056,2025-09-28,69.86
O011600,C2056,2025-10-06,63.18
O011601,C2056,2025-11-04,190.14
O011602,C2057,2025-05-18,98.86
O011603,C2057,2025-07-13,84.11
O011604,C2057,2025-09-02,190.2
O011605,C2058,2024-05-18,113.28
O011606,C2058,2024-09-18,61.25
O011607,C2058,2024-12-06,32.89
O011608,C2058,2025-06-14,44.84
O011609,C2058,2025-10-25,128.38
O011610,C2059,2024-01-18,69.82
O011611,C2059,2024-06-02,33.67
O011612,C2059,2024-09-26,44.75
O011613,C2059,2024-10-20,43.34
O011614,C2059,2024-12-13,55.72
O011615,C2060,2024-05-09,51.77
O011616,C2060,2024-05-23,125.01
O011617,C2060,2024-09-17,33.29
O011618,C2060,2024-10-15,83.13
O011619,C2060,2024-11-17,59.25
O011620,C2061,2024-04-17,119.08
O011621,C2061,2024-05-28,126.64
O011622,C2061,2024-09-28,101.21
O011623,C2062,2024-09-26,61.97
O011624,C2062,2025-01-03,170.58
O011625,C2062,2025-04-21,10.8
O011626,C2062,2025-11-05,33.38
O011627,C2063,2024-03-06,322.35
O011628,C2063,2024-04-24,18.44
O011629,C2063,2024-06-27,73.7
O011630,C2063,2024-08-01,135.25
O011631,C2063,2024-09-17,45.34
O011632,C2063,2024-11-20,151.46
O011633,C2063,2025-02-11,35.91
O011634,C2063,2025-03-17,99.13
O011635,C2063,2025-04-09,42.99
O011636,C2063,2025-07-02,76.41
O011637,C2063,2025-08-08,346.81
O011638,C2063,2025-09-10,104.08
O011639,C2063,2025-10-07,118.36
O011640,C2064,2024-08-04,19.59
O011641,C2064,2024-10-21,18.96
O011642,C2064,2024-12-30,26.58
O011643,C2064,2025-03-18,44.76
O011644,C2064,2025-11-22,56.65
O011645,C2065,2025-07-17,182.8
O011646,C2066,2025-02-04,77.39
O011647,C2067,2024-11-20,39.35
O011648,C2067,2025-04-28,121.69
O011649,C2067,2025-08-10,24.68
O011650,C2067,2025-10-08,43.72
O011651,C2068,2024-02-29,25.44
O011652,C2068,2024-05-07,35.21
O011653,C2068,2025-01-27,39.64
O011654,C2068,2025-02-22,35.21
O011655,C2069,2024-02-14,40.78
O011656,C2069,2024-03-31,126.01
O011657,C2069,2024-07-03,269.39
O011658,C2070,2025-09-03,81.26
O011659,C2070,2025-09-11,22.85
O011660,C2070,2025-10-21,12.12
O011661,C2071,2024-11-22,118.47
O011662,C2071,2025-01-15,236.99
O011663,C2071,2025-02-02,117.96
O011664,C2071,2025-03-31,8.71
O011665,C2071,2025-04-23,94.98
O011666,C2071,2025-06-28,133.49
O011667,C2071,2025-08-07,77.09
O011668,C2071,2025-11-03,62.6
O011669,C2071,2025-12-30,161.91
O011670,C2072,2024-04-13,122.64
O011671,C2072,2024-06-03,103.91
O011672,C2072,2024-06-27,55.76
O011673,C2072,2024-08-31,30.5
O011674,C2072,2024-10-11,102.29
O011675,C2072,2024-10-28,63.48
O011676,C2072,2024-12-16,28.21
O011677,C2072,2025-01-11,118.48
O011678,C2072,2025-03-06,145.05
O011679,C2072,2025-04-02,34.56
O011680,C2072,2025-04-22,69.4
O011681,C2072,2025-06-02,28.48
O011682,C2072,2025-06-15,58.23
O011683,C2072,2025-07-03,65.02
O011684,C2072,2025-09-12,57.59
O011685,C2072,2025-09-24,131.61
O011686,C2073,2024-07-17,68.95
O011687,C2073,2024-09-14,233.96
O011688,C2073,2024-11-24,105.01
O011689,C2073,2025-03-03,52.77
O011690,C2073,2025-06-04,231.17
O011691,C2074,2025-01-09,44.76
O011692,C2075,2024-09-22,26.14
O011693,C2075,2025-04-21,21.25
O011694,C2075,2025-08-09,12.54
O011695,C2075,2025-10-21,55.95
O011696,C2076,2024-03-10,46.37
O011697,C2076,2024-03-19,136.3
O011698,C2076,2024-04-21,196.73
O011699,C2076,2024-05-02,177.36
O011700,C2076,2024-06-03,184.98
O011701,C2076,2024-07-13,62.19
O011702,C2076,2024-08-08,204.11
O011703,C2076,2024-08-22,69.79
O011704,C2076,2024-08-28,184.02
O011705,C2076,2024-09-22,264.18
O011706,C2076,2024-11-20,121.87
O011707,C2077,2024-09-01,69.36
O011708,C2077,2024-10-20,136.22
O011709,C2077,2025-05-29,209.69
O011710,C2077,2025-08-23,73.97
O011711,C2078,2024-06-14,86.92
O011712,C2078,2024-09-02,48.16
O011713,C2078,2024-10-30,30.56
O011714,C2078,2025-03-13,58.81
O011715,C2078,2025-06-15,60.54
O011716,C2078,2025-09-08,11.53
O011717,C2079,2025-06-05,90.66
O011718,C2079,2025-06-27,156.85
O011719,C2079,2025-10-09,12.73
O011720,C2080,2025-03-28,19.95
O011721,C2080,2025-05-26,65.57
O011722,C2080,2025-12-08,8.27
O011723,C2081,2024-07-05,22.19
O011724,C2082,2024-07-24,100.12
O011725,C2082,2025-02-28,147.54
O011726,C2082,2025-04-04,33.0
O011727,C2082,2025-06-16,100.84
O011728,C2082,2025-09-13,175.0
O011729,C2082,2025-11-08,78.27
O011730,C2083,2024-03-25,61.0
O011731,C2083,2024-05-17,109.01
O011732,C2083,2024-07-21,62.41
O011733,C2083,2024-08-16,127.08
O011734,C2083,2024-09-17,111.84
O011735,C2083,2024-10-07,58.96
O011736,C2083,2024-11-11,171.64
O011737,C2084,2025-03-20,153.85
O011738,C2085,2025-06-07,6.84
O011739,C2085,2025-09-02,32.47
O011740,C2086,2024-06-27,87.49
O011741,C2086,2024-08-25,158.29
O011742,C2086,2024-11-03,21.12
O011743,C2086,2025-01-13,84.03
O011744,C2086,2025-05-24,30.93
O011745,C2086,2025-08-22,57.45
O011746,C2087,2024-12-17,747.01
O011747,C2087,2025-01-22,1292.48
O011748,C2087,2025-02-22,53.2
O011749,C2087,2025-04-21,28.55
O011750,C2087,2025-06-11,231.17
O011751,C2087,2025-07-02,319.53
O011752,C2087,2025-08-30,91.68
O011753,C2087,2025-09-19,44.3
O011754,C2087,2025-10-24,718.12
O011755,C2087,2025-12-23,268.37
O011756,C2088,2024-05-12,101.28
O011757,C2088,2024-06-14,156.79
O011758,C2088,2024-08-13,156.0
O011759,C2088,2024-09-22,111.18
O011760,C2088,2024-11-12,71.52
O011761,C2088,2025-01-08,230.64
O011762,C2088,2025-03-05,11.89
O011763,C2088,2025-04-21,112.22
O011764,C2088,2025-09-01,274.23
O011765,C2088,2025-10-26,54.69
O011766,C2088,2025-11-17,201.55
O011767,C2089,2025-06-07,31.11
O011768,C2090,2024-06-26,61.88
O011769,C2090,2024-10-01,127.47
O011770,C2090,2024-10-15,47.18
O011771,C2091,2024-03-28,107.41
O011772,C2091,2024-04-13,102.59
O011773,C2091,2024-08-13,302.95
O011774,C2091,2025-01-07,58.79
O011775,C2091,2025-08-27,51.34
O011776,C2091,2025-10-25,57.17
O011777,C2092,2025-05-20,133.58
O011778,C2092,2025-06-04,139.75
O011779,C2092,2025-06-22,327.0
O011780,C2092,2025-07-14,261.34
O011781,C2092,2025-07-31,193.96
O011782,C2092,2025-09-07,41.01
O011783,C2092,2025-09-16,46.72
O011784,C2092,2025-10-08,37.06
O011785,C2092,2025-11-01,112.7
O011786,C2092,2025-11-09,34.75
O011787,C2092,2025-12-07,100.07
O011788,C2092,2025-12-22,51.15
O011789,C2092,2025-12-30,830.65
O011790,C2093,2025-07-17,67.17
O011791,C2093,2025-09-01,112.93
O011792,C2093,2025-10-29,100.87
O011793,C2093,2025-12-04,37.24
O011794,C2094,2024-08-29,258.44
O011795,C2094,2024-10-08,37.74
O011796,C2094,2024-10-31,102.38
O011797,C2094,2024-12-01,197.21
O011798,C2094,2025-03-10,48.24
O011799,C2094,2025-04-15,179.18
O011800,C2094,2025-04-30,25.78
O011801,C2094,2025-05-26,315.16
O011802,C2094,2025-09-16,349.07
O011803,C2094,2025-11-14,156.08
O011804,C2096,2024-05-29,157.12
O011805,C2096,2024-07-04,105.94
O011806,C2096,2024-08-17,69.17
O011807,C2096,2024-08-27,89.34
O011808,C2096,2024-11-11,100.1
O011809,C2096,2024-12-30,83.54
O011810,C2097,2024-06-04,23.77
O011811,C2097,2024-08-29,20.07
O011812,C2097,2024-12-27,195.64
O011813,C2097,2025-06-08,154.38
O011814,C2097,2025-10-27,95.87
O011815,C2098,2024-10-25,225.59
O011816,C2098,2024-11-04,122.77
O011817,C2098,2025-02-21,186.9
O011818,C2098,2025-09-18,65.23
O011819,C2099,2024-12-06,130.88
O011820,C2099,2025-05-21,96.83
O011821,C2099,2025-07-23,111.99
O011822,C2099,2025-09-09,155.55
O011823,C2099,2025-10-12,49.11
O011824,C2099,2025-12-07,217.27
O011825,C2100,2024-08-27,113.7
O011826,C2103,2024-04-15,28.17
O011827,C2103,2024-06-13,26.48
O011828,C2103,2024-09-28,38.74
O011829,C2103,2024-12-19,15.29
O011830,C2103,2025-03-21,31.72
O011831,C2103,2025-10-23,58.87
O011832,C2103,2025-12-15,42.56
O011833,C2104,2025-07-08,38.92
O011834,C2104,2025-08-05,93.11
O011835,C2104,2025-08-29,12.49
O011836,C2104,2025-10-10,153.97
O011837,C2104,2025-12-03,30.0
O011838,C2105,2024-04-12,181.54
O011839,C2105,2024-05-24,181.01
O011840,C2105,2024-06-11,209.53
O011841,C2105,2024-07-01,129.54
O011842,C2105,2024-08-12,179.49
O011843,C2105,2024-10-12,151.53
O011844,C2105,2024-10-30,142.18
O011845,C2105,2024-12-20,130.61
O011846,C2105,2025-02-20,168.12
O011847,C2105,2025-04-01,216.05
O011848,C2105,2025-04-07,101.31
O011849,C2105,2025-05-05,65.46
O011850,C2105,2025-05-31,169.42
O011851,C2105,2025-06-22,77.39
O011852,C2105,2025-09-22,193.21
O011853,C2105,2025-10-04,146.01
O011854,C2105,2025-10-22,110.04
O011855,C2105,2025-11-06,325.59
O011856,C2105,2025-11-29,217.36
O011857,C2105,2025-12-25,242.45
O011858,C2106,2024-10-19,201.72
O011859,C2106,2025-03-18,239.0
O011860,C2106,2025-03-31,112.41
O011861,C2106,2025-06-01,44.24
O011862,C2106,2025-08-17,77.81
O011863,C2106,2025-10-06,76.32
O011864,C2106,2025-11-06,246.13
O011865,C2106,2025-12-13,81.95
O011866,C2107,2024-09-05,226.89
O011867,C2107,2024-11-15,287.76
O011868,C2107,2024-12-14,20.05
O011869,C2107,2025-04-03,33.35
O011870,C2107,2025-05-04,63.29
O011871,C2107,2025-06-27,48.46
O011872,C2107,2025-11-23,144.06
O011873,C2108,2024-09-08,290.65
O011874,C2108,2024-11-11,40.64
O011875,C2108,2024-12-18,271.23
O011876,C2108,2025-01-19,388.77
O011877,C2108,2025-03-15,202.31
O011878,C2108,2025-03-24,57.73
O011879,C2108,2025-05-07,98.85
O011880,C2108,2025-07-10,67.15
O011881,C2108,2025-08-08,443.3
O011882,C2108,2025-08-20,260.25
O011883,C2108,2025-10-26,87.62
O011884,C2108,2025-12-06,213.19
O011885,C2109,2025-07-12,133.37
O011886,C2109,2025-07-25,43.44
O011887,C2109,2025-09-07,66.61
O011888,C2109,2025-10-21,241.67
O011889,C2110,2024-07-27,132.82
O011890,C2110,2024-10-01,64.05
O011891,C2111,2024-01-27,186.57
O011892,C2111,2024-02-08,299.15
O011893,C2111,2024-04-09,21.44
O011894,C2111,2024-06-22,134.41
O011895,C2111,2024-10-02,51.48
O011896,C2111,2024-10-09,122.06
O011897,C2111,2024-11-26,45.96
O011898,C2111,2025-01-18,283.66
O011899,C2111,2025-03-15,16.94
O011900,C2111,2025-03-31,26.44
O011901,C2112,2025-06-20,57.78
O011902,C2112,2025-08-20,222.7
O011903,C2112,2025-10-01,25.31
O011904,C2112,2025-10-07,1097.65
O011905,C2112,2025-11-17,270.9
O011906,C2112,2025-11-25,85.47
O011907,C2113,2024-04-09,78.21
O011908,C2113,2024-05-02,75.84
O011909,C2113,2024-08-24,439.69
O011910,C2113,2024-09-14,72.76
O011911,C2113,2024-12-17,103.36
O011912,C2113,2025-03-27,40.69
O011913,C2113,2025-04-09,221.79
O011914,C2113,2025-04-15,106.38
O011915,C2113,2025-06-08,73.13
O011916,C2113,2025-09-10,99.81
O011917,C2113,2025-10-04,89.98
O011918,C2113,2025-10-20,83.72
O011919,C2113,2025-11-20,98.51
O011920,C2114,2024-10-11,35.9
O011921,C2114,2025-02-14,115.04
O011922,C2115,2024-05-08,179.84
O011923,C2115,2024-06-29,129.14
O011924,C2115,2024-07-16,63.2
O011925,C2115,2024-08-24,202.68
O011926,C2115,2024-11-15,14.46
O011927,C2115,2025-01-02,157.78
O011928,C2115,2025-02-17,72.62
O011929,C2115,2025-04-11,24.06
O011930,C2115,2025-06-11,109.2
O011931,C2115,2025-08-14,136.11
O011932,C2115,2025-10-17,67.18
O011933,C2116,2024-04-22,17.77
O011934,C2117,2024-08-18,105.01
O011935,C2117,2024-10-23,174.18
O011936,C2117,2024-11-10,41.47
O011937,C2118,2025-06-17,41.59
O011938,C2118,2025-08-02,181.61
O011939,C2119,2024-10-30,46.45
O011940,C2119,2025-03-13,46.03
O011941,C2119,2025-07-03,105.42
O011942,C2119,2025-10-13,45.67
O011943,C2119,2025-12-25,50.45
O011944,C2120,2025-11-26,38.62
O011945,C2121,2025-05-28,60.81
O011946,C2121,2025-08-12,36.16
O011947,C2121,2025-10-10,133.05
O011948,C2121,2025-11-09,186.92
O011949,C2122,2024-08-28,314.84
O011950,C2122,2024-09-14,14.8
O011951,C2122,2024-11-02,133.3
O011952,C2122,2024-12-01,212.14
O011953,C2122,2024-12-16,303.38
O011954,C2122,2025-01-04,141.02
O011955,C2122,2025-01-19,97.9
O011956,C2122,2025-02-13,17.16
O011957,C2122,2025-02-28,122.08
O011958,C2122,2025-03-17,80.75
O011959,C2122,2025-03-26,277.21
O011960,C2122,2025-04-08,105.33
O011961,C2122,2025-06-04,113.46
O011962,C2122,2025-06-14,109.0
O011963,C2122,2025-07-18,156.53
O011964,C2122,2025-07-26,95.87
O011965,C2122,2025-09-06,247.39
O011966,C2122,2025-10-15,121.73
O011967,C2122,2025-10-23,129.64
O011968,C2123,2025-11-11,49.53
O011969,C2124,2025-09-01,14.85
O011970,C2124,2025-12-11,95.24
O011971,C2125,2024-11-18,251.47
O011972,C2125,2024-12-16,222.52
O011973,C2125,2025-01-04,27.5
O011974,C2125,2025-07-07,53.53
O011975,C2125,2025-09-04,55.53
O011976,C2126,2025-01-31,57.14
O011977,C2126,2025-04-10,181.17
O011978,C2126,2025-08-11,86.29
O011979,C2126,2025-10-21,71.85
O011980,C2126,2025-12-05,127.0
O011981,C2127,2024-11-28,124.86
O011982,C2127,2024-12-23,344.8
O011983,C2127,2025-01-15,95.12
O011984,C2127,2025-02-20,224.16
O011985,C2127,2025-07-09,120.32
O011986,C2127,2025-09-03,47.08
O011987,C2127,2025-09-17,198.47
O011988,C2127,2025-10-06,13.0
O011989,C2127,2025-12-04,90.52
O011990,C2128,2025-04-13,12.39
O011991,C2129,2024-04-10,48.9
O011992,C2129,2024-05-15,84.0
O011993,C2129,2024-09-08,62.04
O011994,C2129,2025-02-13,35.58
O011995,C2129,2025-04-12,35.54
O011996,C2129,2025-05-24,118.13
O011997,C2129,2025-07-10,56.87
O011998,C2130,2024-10-06,185.17
O011999,C2130,2024-10-25,40.99
O012000,C2130,2024-11-14,152.02
O012001,C2130,2024-11-27,58.24
O012002,C2130,2024-12-27,75.7
O012003,C2130,2025-01-02,135.0
O012004,C2130,2025-02-07,194.61
O012005,C2130,2025-03-08,194.78
O012006,C2130,2025-03-21,169.17
O012007,C2130,2025-03-31,322.58
O012008,C2130,2025-04-22,122.14
O012009,C2130,2025-05-05,160.87
O012010,C2130,2025-06-12,75.14
O012011,C2130,2025-07-17,44.71
O012012,C2130,2025-08-19,135.45
O012013,C2130,2025-09-27,287.43
O012014,C2130,2025-11-16,67.76
O012015,C2130,2025-12-08,265.72
O012016,C2131,2025-03-06,36.04
O012017,C2131,2025-07-26,33.11
O012018,C2131,2025-08-03,172.54
O012019,C2132,2025-08-14,46.12
O012020,C2132,2025-10-24,81.65
O012021,C2132,2025-12-27,79.41
O012022,C2134,2024-06-18,47.69
O012023,C2134,2024-07-06,74.8
O012024,C2134,2024-08-18,10.51
O012025,C2134,2024-10-20,29.65
O012026,C2134,2025-02-24,80.05
O012027,C2134,2025-04-01,102.02
O012028,C2134,2025-06-09,65.54
O012029,C2134,2025-08-10,90.42
O012030,C2134,2025-10-15,83.64
O012031,C2134,2025-12-19,56.77
O012032,C2135,2024-06-18,29.37
O012033,C2135,2024-07-13,100.72
O012034,C2135,2024-07-27,133.01
O012035,C2135,2024-09-04,16.58
O012036,C2135,2024-10-01,118.25
O012037,C2135,2024-10-25,44.27
O012038,C2135,2024-11-25,100.76
O012039,C2135,2024-12-05,59.79
O012040,C2135,2025-01-02,63.43
O012041,C2135,2025-02-17,45.92
O012042,C2135,2025-03-05,28.32
O012043,C2135,2025-05-09,174.47
O012044,C2135,2025-06-30,49.0
O012045,C2135,2025-08-12,145.04
O012046,C2135,2025-08-20,91.94
O012047,C2135,2025-09-30,18.56
O012048,C2136,2025-08-14,17.4
O012049,C2136,2025-10-13,107.94
O012050,C2136,2025-12-18,80.52
O012051,C2137,2025-11-10,192.02
O012052,C2137,2025-12-16,88.62
O012053,C2138,2024-03-17,65.86
O012054,C2138,2024-06-04,115.65
O012055,C2138,2024-07-31,60.48
O012056,C2138,2024-08-28,312.86
O012057,C2138,2024-09-20,326.71
O012058,C2138,2024-12-02,76.99
O012059,C2138,2025-05-25,13.66
O012060,C2138,2025-09-08,16.79
O012061,C2138,2025-11-18,97.73
O012062,C2139,2024-05-31,124.52
O012063,C2139,2024-09-23,34.94
O012064,C2139,2024-11-07,37.21
O012065,C2139,2025-01-14,16.49
O012066,C2139,2025-03-12,197.58
O012067,C2139,2025-06-07,57.66
O012068,C2139,2025-06-29,11.98
O012069,C2140,2025-04-16,81.18
O012070,C2140,2025-07-03,78.36
O012071,C2140,2025-10-23,129.48
O012072,C2140,2025-10-31,12.84
O012073,C2141,2024-06-10,20.11
O012074,C2141,2024-11-09,18.41
O012075,C2141,2025-04-15,66.5
O012076,C2141,2025-09-04,34.56
O012077,C2141,2025-11-08,66.76
O012078,C2142,2024-03-02,45.62
O012079,C2142,2024-04-09,83.24
O012080,C2142,2024-05-16,62.11
O012081,C2142,2024-06-04,101.35
O012082,C2142,2024-07-06,126.87
O012083,C2142,2024-08-23,74.34
O012084,C2142,2024-09-04,135.67
O012085,C2142,2024-10-27,290.63
O012086,C2142,2024-11-20,172.39
O012087,C2142,2024-12-15,113.74
O012088,C2142,2025-01-19,141.22
O012089,C2142,2025-02-11,28.72
O012090,C2142,2025-02-24,99.69
O012091,C2142,2025-03-14,71.94
O012092,C2142,2025-05-02,59.45
O012093,C2142,2025-05-15,87.66
O012094,C2142,2025-05-29,342.25
O012095,C2142,2025-06-13,65.41
O012096,C2142,2025-06-28,23.93
O012097,C2142,2025-07-19,75.43
O012098,C2142,2025-08-15,108.76
O012099,C2142,2025-08-27,77.92
O012100,C2142,2025-10-03,73.06
O012101,C2142,2025-11-29,66.64
O012102,C2142,2025-12-21,46.06
O012103,C2143,2024-06-07,122.28
O012104,C2144,2024-08-09,143.67
O012105,C2144,2024-09-04,107.04
O012106,C2144,2024-10-05,137.01
O012107,C2144,2024-11-17,49.46
O012108,C2144,2025-02-15,198.5
O012109,C2144,2025-03-22,57.92
O012110,C2144,2025-04-29,67.62
O012111,C2144,2025-06-18,226.77
O012112,C2144,2025-10-08,126.09
O012113,C2144,2025-12-02,90.76
O012114,C2145,2024-01-25,71.28
O012115,C2145,2024-02-12,88.03
O012116,C2145,2024-04-20,170.83
O012117,C2145,2024-10-01,102.64
O012118,C2146,2025-04-03,48.37
O012119,C2146,2025-05-20,57.71
O012120,C2146,2025-05-27,62.62
O012121,C2146,2025-08-01,36.8
O012122,C2146,2025-10-23,64.91
O012123,C2146,2025-12-26,35.9
O012124,C2147,2024-04-04,58.31
O012125,C2147,2024-04-30,112.98
O012126,C2147,2024-06-20,208.99
O012127,C2147,2024-09-11,146.69
O012128,C2147,2024-09-17,30.16
O012129,C2147,2024-11-26,68.65
O012130,C2147,2025-01-27,34.12
O012131,C2147,2025-02-13,64.43
O012132,C2147,2025-04-23,190.61
O012133,C2147,2025-08-17,200.23
O012134,C2147,2025-10-13,249.02
O012135,C2147,2025-12-14,65.92
O012136,C2148,2024-09-04,30.27
O012137,C2148,2024-09-18,13.31
O012138,C2148,2024-11-11,44.22
O012139,C2148,2024-12-04,22.41
O012140,C2148,2025-03-08,37.35
O012141,C2148,2025-06-05,25.12
O012142,C2148,2025-08-21,73.63
O012143,C2148,2025-10-21,14.38
O012144,C2149,2024-05-04,175.61
O012145,C2149,2024-05-27,86.34
O012146,C2149,2024-07-15,125.49
O012147,C2149,2024-08-10,22.34
O012148,C2149,2024-10-27,58.38
O012149,C2149,2025-03-08,59.98
O012150,C2149,2025-04-19,187.97
O012151,C2149,2025-09-06,141.11
O012152,C2149,2025-10-24,55.16
O012153,C2150,2024-06-16,165.69
O012154,C2150,2024-09-11,59.24
O012155,C2150,2024-09-24,30.68
O012156,C2150,2024-11-21,111.2
O012157,C2150,2025-01-16,151.26
O012158,C2150,2025-02-15,137.46
O012159,C2150,2025-03-26,137.08
O012160,C2150,2025-04-26,159.98
O012161,C2150,2025-07-29,158.34
O012162,C2150,2025-09-08,52.0
O012163,C2150,2025-10-31,61.31
O012164,C2151,2024-02-25,55.86
O012165,C2151,2024-03-10,27.89
O012166,C2151,2024-09-19,162.33
O012167,C2151,2024-11-14,36.25
O012168,C2151,2024-12-18,59.77
O012169,C2151,2025-11-11,22.01
O012170,C2151,2025-12-06,19.85
O012171,C2151,2025-12-28,22.3
O012172,C2152,2025-06-21,8.49
O012173,C2152,2025-09-04,167.09
O012174,C2152,2025-09-23,182.58
O012175,C2152,2025-11-12,111.25
O012176,C2153,2025-06-15,46.6
O012177,C2154,2025-07-16,29.25
O012178,C2154,2025-08-15,16.5
O012179,C2154,2025-09-10,90.98
O012180,C2155,2024-04-26,146.8
O012181,C2155,2024-05-19,96.86
O012182,C2155,2024-09-27,80.82
O012183,C2155,2024-11-25,306.86
O012184,C2155,2024-12-12,83.26
O012185,C2156,2025-11-16,146.9
O012186,C2157,2025-09-08,152.91
O012187,C2157,2025-11-02,134.47
O012188,C2157,2025-11-28,74.73
O012189,C2157,2025-12-30,13.12
O012190,C2158,2024-02-14,16.97
O012191,C2158,2024-04-01,100.41
O012192,C2158,2024-04-16,147.37
O012193,C2158,2024-07-05,224.47
O012194,C2158,2024-08-11,93.29
O012195,C2159,2024-03-31,143.74
O012196,C2159,2024-08-08,105.48
O012197,C2160,2024-08-21,21.36
O012198,C2160,2025-04-20,50.19
O012199,C2160,2025-07-13,99.77
O012200,C2161,2024-12-05,60.4
O012201,C2161,2025-06-28,144.12
O012202,C2161,2025-07-28,34.46
O012203,C2161,2025-12-13,28.5
O012204,C2162,2024-12-28,188.1
O012205,C2162,2025-04-02,119.12
O012206,C2162,2025-06-01,86.22
O012207,C2162,2025-09-30,138.35
O012208,C2162,2025-11-09,14.79
O012209,C2163,2024-03-28,251.15
O012210,C2163,2024-05-27,74.14
O012211,C2163,2024-07-22,74.0
O012212,C2164,2025-08-09,61.04
O012213,C2164,2025-08-21,92.89
O012214,C2164,2025-10-08,41.39
O012215,C2164,2025-11-27,66.78
O012216,C2164,2025-12-20,101.25
O012217,C2165,2024-06-16,82.37
O012218,C2165,2024-11-09,402.25
O012219,C2165,2025-03-07,149.37
O012220,C2165,2025-04-24,49.82
O012221,C2165,2025-05-20,76.74
O012222,C2165,2025-09-01,214.72
O012223,C2166,2024-10-25,12.82
O012224,C2167,2024-07-02,98.05
O012225,C2167,2024-07-15,131.83
O012226,C2167,2024-07-21,32.04
O012227,C2167,2024-09-08,41.92
O012228,C2167,2024-09-25,284.99
O012229,C2167,2024-11-18,62.92
O012230,C2167,2024-11-24,103.26
O012231,C2167,2024-12-11,73.21
O012232,C2167,2025-01-12,185.73
O012233,C2167,2025-04-30,221.91
O012234,C2167,2025-07-07,21.16
O012235,C2167,2025-09-23,243.04
O012236,C2168,2024-05-04,53.97
O012237,C2168,2024-05-29,423.59
O012238,C2168,2024-08-22,201.13
O012239,C2168,2024-09-18,215.77
O012240,C2168,2024-10-06,186.96
O012241,C2168,2024-11-23,202.35
O012242,C2168,2025-01-05,292.76
O012243,C2168,2025-02-07,141.18
O012244,C2168,2025-03-05,107.18
O012245,C2168,2025-04-14,192.75
O012246,C2168,2025-05-14,279.84
O012247,C2168,2025-06-14,336.15
O012248,C2169,2025-04-22,11.26
O012249,C2169,2025-12-23,20.15
O012250,C2170,2024-11-09,38.64
O012251,C2170,2025-03-08,58.71
O012252,C2170,2025-04-20,21.14
O012253,C2170,2025-09-15,85.21
O012254,C2171,2024-09-19,113.05
O012255,C2172,2024-03-22,13.5
O012256,C2172,2024-04-07,259.69
O012257,C2172,2024-05-17,66.82
O012258,C2172,2024-07-26,297.06
O012259,C2172,2024-09-28,459.28
O012260,C2172,2024-10-23,73.28
O012261,C2172,2024-12-18,7.58
O012262,C2172,2025-03-24,356.13
O012263,C2173,2024-02-18,22.52
O012264,C2173,2024-02-28,36.18
O012265,C2173,2024-04-18,82.38
O012266,C2173,2024-04-30,67.71
O012267,C2173,2024-05-22,42.5
O012268,C2173,2024-07-05,288.71
O012269,C2173,2024-09-16,237.88
O012270,C2173,2024-10-23,105.13
O012271,C2173,2024-11-22,24.33
O012272,C2173,2025-02-01,181.06
O012273,C2173,2025-07-02,187.41
O012274,C2173,2025-08-16,59.93
O012275,C2173,2025-10-09,30.29
O012276,C2173,2025-11-13,141.5
O012277,C2174,2025-03-25,11.07
O012278,C2175,2025-06-20,83.11
O012279,C2175,2025-10-06,241.13
O012280,C2175,2025-12-01,59.15
O012281,C2176,2025-09-29,35.86
O012282,C2176,2025-12-07,11.13
O012283,C2177,2024-02-06,78.3
O012284,C2177,2024-07-25,22.4
O012285,C2177,2024-09-08,155.58
O012286,C2177,2024-10-18,63.92
O012287,C2177,2024-11-21,180.63
O012288,C2177,2024-12-24,132.69
O012289,C2177,2025-02-06,213.54
O012290,C2177,2025-03-05,21.88
O012291,C2177,2025-03-25,111.13
O012292,C2177,2025-04-30,81.1
O012293,C2177,2025-05-13,41.47
O012294,C2177,2025-07-11,61.15
O012295,C2177,2025-08-28,29.27
O012296,C2177,2025-10-11,86.08
O012297,C2177,2025-11-24,127.33
O012298,C2178,2024-11-06,51.84
O012299,C2178,2024-11-28,49.57
O012300,C2178,2024-12-30,35.54
O012301,C2178,2025-02-03,18.52
O012302,C2178,2025-03-06,39.01
O012303,C2178,2025-06-03,47.68
O012304,C2178,2025-08-23,98.42
O012305,C2178,2025-10-28,28.26
O012306,C2178,2025-11-19,10.93
O012307,C2178,2025-12-08,91.55
O012308,C2178,2025-12-31,16.44
O012309,C2179,2024-06-15,148.14
O012310,C2179,2024-08-03,154.16
O012311,C2179,2024-11-12,98.69
O012312,C2179,2024-12-03,52.25
O012313,C2179,2024-12-28,24.42
O012314,C2179,2025-01-28,170.16
O012315,C2179,2025-02-26,66.26
O012316,C2179,2025-03-10,132.43
O012317,C2179,2025-04-23,31.67
O012318,C2179,2025-08-26,70.07
O012319,C2179,2025-10-26,13.74
O012320,C2179,2025-11-11,87.09
O012321,C2179,2025-12-13,57.75
O012322,C2180,2024-03-15,33.86
O012323,C2180,2024-08-05,17.11
O012324,C2180,2024-10-27,41.22
O012325,C2180,2025-01-22,25.86
O012326,C2180,2025-06-12,24.45
O012327,C2180,2025-10-31,7.5
O012328,C2181,2024-04-01,37.62
O012329,C2181,2024-09-20,25.99
O012330,C2181,2024-11-24,50.58
O012331,C2181,2025-01-15,77.7
O012332,C2182,2024-10-09,38.2
O012333,C2182,2025-03-21,68.87
O012334,C2182,2025-12-06,45.21
O012335,C2183,2025-08-30,87.86
O012336,C2183,2025-09-15,17.87
O012337,C2183,2025-11-07,89.57
O012338,C2184,2024-11-22,42.96
O012339,C2184,2025-01-10,184.23
O012340,C2185,2025-02-15,20.56
O012341,C2185,2025-05-05,76.24
O012342,C2186,2024-05-27,58.98
O012343,C2186,2024-06-09,264.44
O012344,C2186,2024-06-15,198.41
O012345,C2186,2024-07-17,346.63
O012346,C2186,2024-08-19,122.26
O012347,C2186,2024-09-20,210.76
O012348,C2186,2024-09-26,189.48
O012349,C2186,2024-11-01,496.57
O012350,C2186,2024-11-12,191.78
O012351,C2186,2024-11-25,96.39
O012352,C2186,2024-12-28,743.01
O012353,C2186,2025-02-09,234.22
O012354,C2186,2025-04-04,145.04
O012355,C2186,2025-05-08,334.73
O012356,C2186,2025-05-16,66.13
O012357,C2186,2025-06-01,229.47
O012358,C2186,2025-06-09,373.79
O012359,C2186,2025-07-25,323.23
O012360,C2186,2025-08-19,273.87
O012361,C2186,2025-09-21,336.96
O012362,C2186,2025-11-25,58.89
O012363,C2186,2025-12-23,349.33
O012364,C2187,2024-06-18,139.01
O012365,C2187,2024-07-24,115.44
O012366,C2188,2025-01-27,349.7
O012367,C2188,2025-03-27,21.51
O012368,C2188,2025-07-09,13.25
O012369,C2188,2025-12-06,33.05
O012370,C2189,2024-04-18,218.82
O012371,C2189,2024-05-31,68.61
O012372,C2189,2024-06-29,55.18
O012373,C2189,2024-07-16,99.49
O012374,C2189,2024-08-09,115.45
O012375,C2189,2024-08-18,88.45
O012376,C2189,2024-09-06,136.26
O012377,C2189,2024-09-16,23.84
O012378,C2189,2024-10-26,198.57
O012379,C2189,2024-11-09,103.21
O012380,C2189,2024-11-26,8.12
O012381,C2190,2024-03-10,111.32
O012382,C2190,2024-05-28,37.77
O012383,C2190,2024-09-09,85.1
O012384,C2190,2024-09-29,100.2
O012385,C2190,2025-01-10,95.88
O012386,C2190,2025-01-22,32.38
O012387,C2191,2025-04-26,12.72
O012388,C2191,2025-08-03,32.6
O012389,C2191,2025-09-09,38.31
O012390,C2192,2024-05-03,44.57
O012391,C2192,2024-08-17,84.7
O012392,C2192,2024-08-29,36.05
O012393,C2192,2024-12-26,17.84
O012394,C2193,2024-03-08,24.14
O012395,C2193,2024-05-11,289.68
O012396,C2193,2024-07-05,81.31
O012397,C2193,2024-10-06,231.49
O012398,C2193,2024-11-16,131.72
O012399,C2193,2024-11-29,23.54
O012400,C2193,2025-04-17,62.78
O012401,C2193,2025-07-01,120.2
O012402,C2193,2025-08-07,182.32
O012403,C2193,2025-12-24,84.16
O012404,C2194,2025-02-09,43.54
O012405,C2195,2024-12-09,28.69
O012406,C2195,2025-03-16,106.9
O012407,C2195,2025-07-10,32.46
O012408,C2196,2024-03-26,99.58
O012409,C2196,2024-04-10,92.3
O012410,C2196,2024-06-02,93.15
O012411,C2196,2024-07-07,58.34
O012412,C2196,2024-07-25,52.74
O012413,C2196,2024-08-19,195.26
O012414,C2196,2024-09-16,55.22
O012415,C2196,2024-09-29,47.37
O012416,C2196,2024-10-25,160.45
O012417,C2196,2024-11-05,150.8
O012418,C2196,2024-12-30,47.81
O012419,C2196,2025-03-08,19.34
O012420,C2196,2025-03-18,40.35
O012421,C2196,2025-05-26,22.29
O012422,C2196,2025-06-13,158.94
O012423,C2196,2025-07-05,79.16
O012424,C2196,2025-09-15,65.82
O012425,C2196,2025-10-03,30.37
O012426,C2196,2025-10-29,33.74
O012427,C2197,2025-04-15,15.69
O012428,C2197,2025-06-12,22.19
O012429,C2197,2025-07-27,122.61
O012430,C2197,2025-10-16,197.85
O012431,C2197,2025-11-19,15.5
O012432,C2198,2024-06-01,95.61
O012433,C2198,2024-08-22,145.79
O012434,C2198,2024-09-15,98.87
O012435,C2199,2025-10-09,14.66
O012436,C2200,2024-12-23,27.01
O012437,C2200,2025-01-25,485.77
O012438,C2200,2025-02-04,177.2
O012439,C2200,2025-03-13,92.35
O012440,C2200,2025-03-21,120.06
O012441,C2200,2025-05-12,209.56
O012442,C2200,2025-05-21,14.71
O012443,C2200,2025-06-18,112.35
O012444,C2200,2025-07-04,128.93
O012445,C2200,2025-07-10,88.95
O012446,C2200,2025-08-29,69.64
O012447,C2200,2025-09-26,117.71
O012448,C2200,2025-10-18,24.83
O012449,C2200,2025-10-30,127.57
O012450,C2200,2025-11-07,102.71
O012451,C2200,2025-11-18,98.83
O012452,C2200,2025-11-29,69.48
O012453,C2201,2025-04-01,47.81
O012454,C2202,2025-02-18,24.41
O012455,C2203,2025-01-30,104.38
O012456,C2204,2024-02-28,66.89
O012457,C2204,2024-04-18,166.9
O012458,C2204,2025-01-24,42.19
O012459,C2204,2025-03-29,20.61
O012460,C2204,2025-08-28,64.85
O012461,C2205,2025-07-08,126.0
O012462,C2205,2025-10-30,61.64
O012463,C2206,2024-03-21,78.57
O012464,C2206,2024-06-10,14.53
O012465,C2206,2024-12-21,22.85
O012466,C2206,2025-02-17,11.41
O012467,C2206,2025-04-17,18.75
O012468,C2206,2025-07-25,36.03
O012469,C2206,2025-09-04,9.05
O012470,C2207,2024-05-26,164.43
O012471,C2207,2024-10-29,7.96
O012472,C2207,2024-11-29,69.71
O012473,C2208,2024-09-03,181.74
O012474,C2208,2024-10-18,238.03
O012475,C2208,2025-02-04,663.15
O012476,C2208,2025-03-17,95.23
O012477,C2208,2025-04-06,13.6
O012478,C2208,2025-05-04,419.99
O012479,C2208,2025-08-10,99.87
O012480,C2208,2025-08-19,358.62
O012481,C2208,2025-10-02,70.13
O012482,C2208,2025-11-21,30.95
O012483,C2208,2025-12-09,152.38
O012484,C2209,2025-08-04,29.83
O012485,C2209,2025-11-30,129.71
O012486,C2210,2024-11-21,298.22
O012487,C2210,2024-11-27,116.49
O012488,C2210,2024-12-25,253.7
O012489,C2210,2025-02-01,133.65
O012490,C2210,2025-03-22,202.56
O012491,C2210,2025-04-19,151.08
O012492,C2210,2025-04-25,36.0
O012493,C2210,2025-06-13,30.76
O012494,C2210,2025-06-30,215.27
O012495,C2210,2025-07-07,123.23
O012496,C2210,2025-07-25,78.49
O012497,C2210,2025-08-10,100.75
O012498,C2210,2025-08-27,340.22
O012499,C2210,2025-09-02,34.39
O012500,C2210,2025-09-20,18.66
O012501,C2210,2025-10-18,226.4
O012502,C2211,2024-02-01,226.09
O012503,C2211,2024-04-22,223.24
O012504,C2211,2024-06-03,200.39
O012505,C2211,2024-07-30,71.32
O012506,C2212,2024-09-25,440.39
O012507,C2212,2024-10-19,215.54
O012508,C2212,2024-11-14,191.35
O012509,C2212,2024-12-22,225.08
O012510,C2212,2024-12-29,87.38
O012511,C2212,2025-02-14,155.43
O012512,C2212,2025-02-27,250.97
O012513,C2212,2025-03-06,242.91
O012514,C2212,2025-03-29,185.07
O012515,C2212,2025-05-03,141.73
O012516,C2212,2025-05-14,715.28
O012517,C2212,2025-05-26,66.45
O012518,C2212,2025-06-19,420.35
O012519,C2212,2025-09-09,154.94
O012520,C2212,2025-10-09,133.13
O012521,C2212,2025-12-27,309.16
O012522,C2213,2024-07-19,232.4
O012523,C2213,2024-10-12,142.57
O012524,C2213,2024-10-27,119.68
O012525,C2213,2024-12-21,92.87
O012526,C2213,2025-01-04,68.49
O012527,C2213,2025-04-05,39.26
O012528,C2213,2025-06-17,110.31
O012529,C2213,2025-09-01,21.04
O012530,C2213,2025-10-18,214.07
O012531,C2213,2025-11-04,130.37
O012532,C2213,2025-12-22,12.26
O012533,C2214,2024-12-20,505.02
O012534,C2214,2024-12-26,51.43
O012535,C2214,2025-01-28,132.84
O012536,C2214,2025-02-24,76.63
O012537,C2214,2025-03-24,72.21
O012538,C2214,2025-05-02,77.51
O012539,C2214,2025-05-12,157.89
O012540,C2214,2025-06-14,83.41
O012541,C2214,2025-07-09,192.7
O012542,C2214,2025-07-26,10.67
O012543,C2214,2025-08-15,169.79
O012544,C2214,2025-11-30,319.87
O012545,C2214,2025-12-28,208.47
O012546,C2215,2024-11-30,53.48
O012547,C2215,2025-01-25,22.44
O012548,C2215,2025-02-21,20.36
O012549,C2215,2025-07-04,47.32
O012550,C2215,2025-09-12,59.3
O012551,C2216,2025-02-23,103.76
O012552,C2216,2025-04-25,31.66
O012553,C2216,2025-05-28,84.04
O012554,C2216,2025-12-13,85.68
O012555,C2217,2024-04-10,510.58
O012556,C2217,2024-05-07,137.07
O012557,C2217,2024-06-12,201.29
O012558,C2217,2024-08-04,169.68
O012559,C2217,2024-09-03,105.35
O012560,C2217,2024-10-26,45.87
O012561,C2217,2024-12-16,73.62
O012562,C2217,2025-01-27,444.96
O012563,C2217,2025-03-05,166.18
O012564,C2217,2025-04-18,254.11
O012565,C2217,2025-06-05,97.44
O012566,C2217,2025-09-14,111.88
O012567,C2217,2025-10-25,395.84
O012568,C2218,2025-09-13,56.02
O012569,C2219,2024-08-26,32.75
O012570,C2220,2024-07-26,51.96
O012571,C2221,2025-09-07,145.51
O012572,C2221,2025-10-06,165.58
O012573,C2221,2025-11-07,287.39
O012574,C2221,2025-12-04,219.46
O012575,C2222,2024-04-09,139.09
O012576,C2222,2024-05-30,71.25
O012577,C2222,2024-10-04,121.19
O012578,C2222,2025-01-01,278.08
O012579,C2222,2025-06-18,30.08
O012580,C2223,2025-04-04,144.32
O012581,C2223,2025-05-19,120.92
O012582,C2223,2025-06-08,55.15
O012583,C2223,2025-07-06,13.05
O012584,C2224,2024-06-16,147.57
O012585,C2224,2024-07-07,83.28
O012586,C2224,2024-07-28,115.53
O012587,C2224,2024-08-28,29.95
O012588,C2225,2025-11-21,31.79
O012589,C2225,2025-12-10,77.81
O012590,C2226,2024-03-23,221.74
O012591,C2226,2024-04-10,127.62
O012592,C2226,2024-05-03,104.6
O012593,C2226,2024-06-11,212.28
O012594,C2226,2024-06-25,85.79
O012595,C2226,2024-07-05,182.5
O012596,C2226,2024-07-18,47.11
O012597,C2226,2024-09-01,232.32
O012598,C2226,2024-09-07,170.38
O012599,C2226,2024-09-13,433.83
O012600,C2226,2024-10-20,105.52
O012601,C2226,2024-12-18,8.43
O012602,C2226,2025-01-14,192.87
O012603,C2226,2025-01-21,198.69
O012604,C2226,2025-03-05,164.78
O012605,C2226,2025-03-11,424.43
O012606,C2226,2025-03-28,247.15
O012607,C2226,2025-04-13,222.93
O012608,C2226,2025-05-28,273.06
O012609,C2226,2025-06-04,78.1
O012610,C2226,2025-08-08,119.48
O012611,C2227,2025-05-21,246.12
O012612,C2227,2025-08-02,83.38
O012613,C2228,2025-08-15,84.43
O012614,C2228,2025-09-09,100.33
O012615,C2228,2025-11-24,40.9
O012616,C2229,2025-09-28,44.77
O012617,C2230,2025-05-16,29.05
O012618,C2231,2024-03-24,19.92
O012619,C2231,2024-05-30,26.97
O012620,C2231,2024-11-23,40.55
O012621,C2232,2024-07-18,31.29
O012622,C2232,2024-08-31,169.78
O012623,C2232,2024-12-22,32.14
O012624,C2234,2024-04-29,128.38
O012625,C2234,2024-05-23,118.21
O012626,C2234,2024-07-17,65.44
O012627,C2234,2024-07-29,155.31
O012628,C2234,2024-09-04,262.82
O012629,C2234,2024-09-13,18.73
O012630,C2234,2024-10-21,175.49
O012631,C2234,2024-11-20,219.65
O012632,C2234,2024-11-28,100.76
O012633,C2234,2024-12-21,223.82
O012634,C2234,2025-01-07,120.38
O012635,C2234,2025-01-31,169.48
O012636,C2234,2025-02-09,117.94
O012637,C2234,2025-04-05,72.01
O012638,C2234,2025-04-17,143.57
O012639,C2234,2025-04-30,98.19
O012640,C2234,2025-09-05,85.02
O012641,C2234,2025-10-05,79.48
O012642,C2234,2025-11-17,61.06
O012643,C2234,2025-12-23,328.85
O012644,C2235,2024-03-10,107.94
O012645,C2235,2024-04-22,65.04
O012646,C2235,2024-05-08,207.02
O012647,C2235,2024-06-13,171.76
O012648,C2235,2024-10-24,86.26
O012649,C2235,2024-12-05,35.32
O012650,C2235,2025-01-15,449.23
O012651,C2235,2025-04-13,136.03
O012652,C2235,2025-08-11,182.48
O012653,C2235,2025-09-17,344.09
O012654,C2235,2025-11-05,105.74
O012655,C2235,2025-12-15,168.2
O012656,C2236,2024-10-15,95.03
O012657,C2236,2024-11-04,55.75
O012658,C2236,2025-01-24,13.5
O012659,C2236,2025-04-25,105.27
O012660,C2236,2025-07-12,14.32
O012661,C2237,2024-02-18,13.84
O012662,C2237,2024-05-05,90.4
O012663,C2237,2024-10-24,222.25
O012664,C2237,2024-12-07,51.24
O012665,C2237,2025-01-21,24.6
O012666,C2237,2025-02-07,102.55
O012667,C2237,2025-04-02,104.14
O012668,C2237,2025-04-08,76.13
O012669,C2237,2025-05-02,48.09
O012670,C2237,2025-06-27,21.36
O012671,C2237,2025-08-29,267.06
O012672,C2237,2025-10-22,572.09
O012673,C2237,2025-12-10,71.19
O012674,C2238,2025-08-11,42.42
O012675,C2239,2025-05-21,293.23
O012676,C2239,2025-08-26,187.51
O012677,C2239,2025-10-19,65.82
O012678,C2239,2025-12-25,99.31
O012679,C2240,2025-07-19,29.64
O012680,C2240,2025-10-11,95.48
O012681,C2240,2025-12-21,15.37
O012682,C2240,2025-12-27,31.05
O012683,C2241,2024-04-27,99.2
O012684,C2241,2024-05-26,175.58
O012685,C2241,2024-07-16,81.68
O012686,C2241,2024-08-31,138.48
O012687,C2241,2024-10-09,38.18
O012688,C2241,2024-11-09,48.97
O012689,C2241,2025-02-09,67.47
O012690,C2241,2025-04-06,49.32
O012691,C2242,2025-03-14,31.73
O012692,C2242,2025-08-15,58.58
O012693,C2243,2024-10-21,43.75
O012694,C2244,2025-04-03,95.88
O012695,C2244,2025-05-06,238.03
O012696,C2244,2025-05-31,95.45
O012697,C2244,2025-06-24,72.98
O012698,C2244,2025-07-18,53.43
O012699,C2244,2025-10-12,57.43
O012700,C2245,2025-07-15,178.32
O012701,C2245,2025-10-28,88.3
O012702,C2246,2024-08-30,111.18
O012703,C2246,2024-09-29,88.36
O012704,C2246,2024-11-04,134.14
O012705,C2246,2025-02-02,67.47
O012706,C2246,2025-03-02,57.97
O012707,C2246,2025-03-25,25.2
O012708,C2246,2025-06-04,14.97
O012709,C2246,2025-09-17,17.43
O012710,C2246,2025-10-14,53.82
O012711,C2247,2024-05-19,247.72
O012712,C2247,2024-09-16,60.25
O012713,C2247,2024-11-05,42.16
O012714,C2247,2024-11-14,145.2
O012715,C2247,2024-11-23,190.83
O012716,C2248,2024-12-25,149.04
O012717,C2248,2025-02-20,327.33
O012718,C2249,2025-09-25,77.61
O012719,C2249,2025-11-26,224.72
O012720,C2250,2024-08-31,11.87
O012721,C2250,2024-09-15,65.84
O012722,C2250,2024-11-06,17.38
O012723,C2250,2025-01-25,74.6
O012724,C2251,2025-07-26,130.27
O012725,C2251,2025-09-21,108.76
O012726,C2251,2025-11-07,63.45
O012727,C2251,2025-12-05,100.72
O012728,C2252,2024-05-24,36.21
O012729,C2252,2024-05-30,37.16
O012730,C2252,2024-07-28,36.16
O012731,C2252,2024-08-03,42.76
O012732,C2252,2024-08-09,90.34
O012733,C2252,2024-11-01,40.82
O012734,C2252,2024-12-15,92.49
O012735,C2252,2025-03-08,99.61
O012736,C2252,2025-05-08,151.24
O012737,C2252,2025-06-07,42.8
O012738,C2252,2025-06-26,146.75
O012739,C2252,2025-09-12,143.43
O012740,C2252,2025-11-05,255.9
O012741,C2253,2025-09-13,56.08
O012742,C2253,2025-10-12,116.36
O012743,C2253,2025-12-22,42.87
O012744,C2254,2024-09-07,12.96
O012745,C2255,2024-09-22,89.3
O012746,C2255,2024-11-02,6.55
O012747,C2255,2024-12-05,13.2
O012748,C2255,2025-02-21,22.02
O012749,C2255,2025-08-31,116.47
O012750,C2255,2025-12-14,20.91
O012751,C2256,2024-03-26,13.26
O012752,C2256,2024-09-09,13.35
O012753,C2256,2024-09-18,54.22
O012754,C2257,2025-05-05,36.38
O012755,C2257,2025-05-27,51.53
O012756,C2257,2025-06-08,80.67
O012757,C2257,2025-07-12,14.57
O012758,C2257,2025-07-24,152.87
O012759,C2257,2025-10-31,59.71
O012760,C2258,2025-02-16,94.61
O012761,C2258,2025-04-01,25.25
O012762,C2258,2025-05-11,144.18
O012763,C2258,2025-06-01,93.68
O012764,C2258,2025-07-29,145.37
O012765,C2258,2025-09-09,30.06
O012766,C2258,2025-12-17,72.1
O012767,C2259,2025-05-25,102.04
O012768,C2259,2025-07-07,254.82
O012769,C2259,2025-09-16,162.64
O012770,C2259,2025-10-28,234.25
O012771,C2259,2025-11-08,218.87
O012772,C2260,2025-04-13,186.44
O012773,C2260,2025-04-30,80.43
O012774,C2260,2025-06-13,189.86
O012775,C2260,2025-08-08,284.02
O012776,C2260,2025-09-15,151.72
O012777,C2260,2025-10-30,170.22
O012778,C2260,2025-12-13,429.64
O012779,C2261,2024-12-21,12.02
O012780,C2261,2025-05-24,65.2
O012781,C2261,2025-07-07,54.99
O012782,C2261,2025-12-03,78.97
O012783,C2262,2025-07-31,36.66
O012784,C2262,2025-11-29,49.55
O012785,C2263,2025-01-17,43.37
O012786,C2263,2025-09-19,47.16
O012787,C2263,2025-10-14,94.99
O012788,C2264,2025-01-27,19.7
O012789,C2264,2025-02-22,324.24
O012790,C2264,2025-05-24,182.44
O012791,C2264,2025-07-14,199.62
O012792,C2265,2025-05-24,193.64
O012793,C2265,2025-08-07,48.88
O012794,C2265,2025-09-26,22.89
O012795,C2265,2025-11-12,45.24
O012796,C2266,2024-06-22,86.43
O012797,C2266,2024-10-02,50.61
O012798,C2266,2024-10-26,45.24
O012799,C2266,2024-12-07,102.56
O012800,C2266,2025-04-20,12.47
O012801,C2266,2025-06-16,117.23
O012802,C2266,2025-08-08,128.43
O012803,C2266,2025-08-19,20.88
O012804,C2267,2024-01-17,103.27
O012805,C2267,2024-03-28,145.61
O012806,C2267,2024-04-17,120.69
O012807,C2267,2024-06-13,47.47
O012808,C2267,2024-07-13,50.4
O012809,C2267,2024-07-19,82.56
O012810,C2267,2024-08-09,27.76
O012811,C2267,2024-11-23,70.4
O012812,C2268,2024-04-10,126.45
O012813,C2268,2024-09-18,24.74
O012814,C2268,2024-12-08,10.94
O012815,C2268,2025-02-07,78.89
O012816,C2268,2025-02-13,80.11
O012817,C2268,2025-03-23,95.09
O012818,C2269,2024-04-16,79.47
O012819,C2269,2024-08-18,78.49
O012820,C2269,2025-01-20,13.81
O012821,C2269,2025-05-17,26.56
O012822,C2269,2025-06-28,54.82
O012823,C2269,2025-08-28,22.06
O012824,C2269,2025-09-23,58.92
O012825,C2269,2025-11-26,26.06
O012826,C2270,2025-01-05,36.09
O012827,C2271,2024-03-23,250.04
O012828,C2271,2024-05-12,162.2
O012829,C2271,2024-06-07,126.65
O012830,C2271,2024-09-07,159.96
O012831,C2271,2024-09-29,63.74
O012832,C2271,2024-10-13,208.5
O012833,C2272,2024-04-08,38.19
O012834,C2272,2024-06-30,36.3
O012835,C2272,2024-07-14,41.19
O012836,C2272,2024-11-01,19.28
O012837,C2272,2025-02-02,40.86
O012838,C2272,2025-05-24,166.99
O012839,C2272,2025-09-10,48.74
O012840,C2272,2025-09-27,84.92
O012841,C2272,2025-12-04,47.71
O012842,C2273,2024-08-09,110.27
O012843,C2273,2024-09-19,86.64
O012844,C2273,2024-10-19,63.31
O012845,C2273,2024-11-30,128.42
O012846,C2273,2024-12-06,75.14
O012847,C2274,2025-03-18,105.73
O012848,C2274,2025-03-28,100.91
O012849,C2274,2025-06-04,161.96
O012850,C2274,2025-06-13,235.39
O012851,C2274,2025-06-25,80.24
O012852,C2274,2025-09-02,250.17
O012853,C2274,2025-09-20,98.32
O012854,C2274,2025-10-24,126.41
O012855,C2274,2025-11-02,229.17
O012856,C2274,2025-12-17,334.12
O012857,C2275,2025-08-23,348.98
O012858,C2275,2025-11-02,29.98
O012859,C2276,2024-07-09,156.81
O012860,C2276,2024-08-11,236.72
O012861,C2276,2024-09-30,164.76
O012862,C2276,2024-12-06,53.02
O012863,C2276,2025-01-26,45.18
O012864,C2276,2025-02-27,101.67
O012865,C2277,2024-06-17,105.8
O012866,C2277,2024-09-11,390.71
O012867,C2277,2024-10-15,21.82
O012868,C2278,2025-04-16,27.7
O012869,C2278,2025-08-23,90.6
O012870,C2278,2025-10-07,92.37
O012871,C2279,2024-09-05,68.31
O012872,C2279,2024-11-02,24.17
O012873,C2279,2024-12-11,121.4
O012874,C2279,2025-01-26,54.54
O012875,C2279,2025-02-26,12.1
O012876,C2279,2025-05-19,17.21
O012877,C2280,2025-08-21,51.13
O012878,C2280,2025-09-05,12.68
O012879,C2280,2025-10-11,57.28
O012880,C2280,2025-10-23,111.46
O012881,C2280,2025-11-22,109.56
O012882,C2281,2025-04-08,176.97
O012883,C2281,2025-07-17,26.75
O012884,C2281,2025-09-12,82.53
O012885,C2282,2024-08-08,37.92
O012886,C2282,2024-10-16,60.95
O012887,C2283,2024-07-30,51.96
O012888,C2283,2024-11-08,44.07
O012889,C2283,2024-12-31,15.4
O012890,C2284,2025-03-16,98.54
O012891,C2284,2025-07-14,18.49
O012892,C2284,2025-10-17,309.76
O012893,C2285,2025-07-31,46.32
O012894,C2285,2025-09-26,59.62
O012895,C2285,2025-12-05,72.82
O012896,C2286,2024-11-08,44.87
O012897,C2286,2024-12-30,30.18
O012898,C2286,2025-07-04,41.8
O012899,C2286,2025-09-02,90.04
O012900,C2286,2025-10-17,35.98
O012901,C2287,2025-01-23,33.64
O012902,C2287,2025-03-30,46.39
O012903,C2287,2025-08-18,36.04
O012904,C2287,2025-11-12,38.97
O012905,C2288,2024-04-25,279.38
O012906,C2288,2024-05-14,185.77
O012907,C2288,2024-05-31,111.53
O012908,C2288,2024-06-16,251.55
O012909,C2288,2024-07-19,188.82
O012910,C2288,2024-08-07,186.59
O012911,C2288,2024-09-04,76.2
O012912,C2289,2024-03-24,89.74
O012913,C2289,2024-04-11,304.42
O012914,C2289,2024-05-29,290.93
O012915,C2289,2024-06-24,119.27
O012916,C2289,2024-07-05,269.39
O012917,C2289,2024-08-04,58.16
O012918,C2289,2024-10-03,64.66
O012919,C2289,2024-11-06,48.89
O012920,C2289,2024-12-15,214.33
O012921,C2289,2024-12-21,104.38
O012922,C2289,2025-01-31,130.38
O012923,C2289,2025-04-16,18.36
O012924,C2289,2025-05-24,150.57
O012925,C2289,2025-11-03,25.15
O012926,C2291,2024-08-18,52.66
O012927,C2292,2024-07-30,88.47
O012928,C2292,2024-11-26,32.89
O012929,C2292,2025-06-01,76.06
O012930,C2292,2025-08-09,68.16
O012931,C2292,2025-09-18,120.85
O012932,C2293,2024-11-23,38.62
O012933,C2293,2025-01-27,107.32
O012934,C2293,2025-02-22,18.71
O012935,C2293,2025-04-13,142.48
O012936,C2293,2025-05-20,83.59
O012937,C2293,2025-06-10,32.33
O012938,C2293,2025-09-25,99.59
O012939,C2293,2025-10-25,50.55
O012940,C2293,2025-11-22,66.37
O012941,C2294,2024-03-07,372.6
O012942,C2294,2024-06-05,95.12
O012943,C2294,2024-08-26,19.69
O012944,C2295,2024-02-08,165.51
O012945,C2296,2025-08-29,78.48
O012946,C2296,2025-10-09,107.73
O012947,C2297,2025-06-19,114.78
O012948,C2297,2025-07-16,210.25
O012949,C2297,2025-08-05,80.36
O012950,C2297,2025-09-15,72.72
O012951,C2297,2025-11-03,99.82
O012952,C2297,2025-11-15,102.08
O012953,C2297,2025-12-28,103.42
O012954,C2298,2024-11-22,103.75
O012955,C2298,2025-04-24,93.55
O012956,C2299,2024-11-22,20.33
O012957,C2299,2025-05-13,90.6
O012958,C2299,2025-06-19,7.82
O012959,C2299,2025-09-06,13.82
O012960,C2300,2024-12-03,27.49
O012961,C2300,2025-01-29,26.36
O012962,C2300,2025-04-23,17.65
O012963,C2300,2025-10-09,36.38
O012964,C2301,2025-05-11,26.52
O012965,C2301,2025-09-13,32.11
O012966,C2302,2025-04-30,37.68
O012967,C2303,2024-01-30,73.15
O012968,C2303,2024-03-25,22.32
O012969,C2303,2024-05-11,15.32
O012970,C2303,2024-07-07,19.05
O012971,C2303,2024-10-27,128.7
O012972,C2304,2024-11-28,76.64
O012973,C2304,2025-08-31,37.42
O012974,C2305,2024-11-14,22.44
O012975,C2305,2025-08-02,28.26
O012976,C2306,2024-05-16,92.67
O012977,C2306,2024-06-12,62.62
O012978,C2306,2024-09-15,41.54
O012979,C2306,2025-01-05,117.65
O012980,C2306,2025-02-02,72.32
O012981,C2308,2024-05-28,143.18
O012982,C2308,2024-07-16,53.87
O012983,C2308,2024-08-04,142.25
O012984,C2308,2024-08-14,78.02
O012985,C2308,2024-10-09,162.54
O012986,C2308,2025-02-11,81.2
O012987,C2309,2025-04-20,177.88
O012988,C2309,2025-05-25,119.22
O012989,C2310,2024-02-28,16.87
O012990,C2310,2024-03-10,31.0
O012991,C2310,2024-07-30,62.96
O012992,C2310,2024-08-30,160.64
O012993,C2310,2024-10-25,212.98
O012994,C2312,2025-02-07,72.39
O012995,C2312,2025-04-26,28.12
O012996,C2312,2025-09-20,144.49
O012997,C2312,2025-10-18,59.19
O012998,C2312,2025-11-29,34.92
O012999,C2312,2025-12-17,103.76
O013000,C2313,2024-11-01,168.61
O013001,C2313,2024-11-26,47.18
O013002,C2313,2025-06-20,7.41
O013003,C2313,2025-07-28,72.84
O013004,C2313,2025-09-02,288.62
O013005,C2313,2025-10-02,31.62
O013006,C2313,2025-10-30,182.31
O013007,C2314,2024-03-24,36.53
O013008,C2314,2024-04-14,29.08
O013009,C2314,2024-06-15,19.38
O013010,C2314,2024-07-22,54.93
O013011,C2314,2024-09-05,217.0
O013012,C2314,2024-09-30,46.64
O013013,C2314,2024-11-24,20.34
O013014,C2314,2024-12-14,124.57
O013015,C2314,2025-01-22,16.28
O013016,C2314,2025-03-19,15.85
O013017,C2314,2025-03-31,41.45
O013018,C2314,2025-05-05,12.47
O013019,C2314,2025-05-24,54.57
O013020,C2314,2025-06-11,111.34
O013021,C2314,2025-07-11,54.24
O013022,C2314,2025-08-26,71.11
O013023,C2314,2025-10-20,13.67
O013024,C2314,2025-12-09,27.29
O013025,C2314,2025-12-29,172.26
O013026,C2315,2024-03-27,99.55
O013027,C2315,2024-04-13,32.06
O013028,C2315,2024-05-14,64.01
O013029,C2315,2024-05-20,54.57
O013030,C2315,2024-10-12,36.09
O013031,C2315,2024-11-18,200.95
O013032,C2316,2024-12-18,57.34
O013033,C2316,2025-01-11,27.83
O013034,C2316,2025-02-03,29.18
O013035,C2316,2025-02-23,263.48
O013036,C2316,2025-03-29,7.95
O013037,C2316,2025-04-14,32.36
O013038,C2316,2025-05-13,146.0
O013039,C2316,2025-07-13,183.01
O013040,C2316,2025-08-25,97.05
O013041,C2316,2025-11-14,308.74
O013042,C2316,2025-12-16,308.59
O013043,C2317,2025-06-05,52.81
O013044,C2317,2025-06-30,21.58
O013045,C2318,2024-12-11,61.84
O013046,C2318,2025-01-18,14.47
O013047,C2318,2025-02-15,35.91
O013048,C2318,2025-04-04,92.67
O013049,C2318,2025-08-07,120.94
O013050,C2318,2025-12-31,181.15
O013051,C2319,2024-03-10,75.03
O013052,C2319,2024-06-14,258.74
O013053,C2319,2024-10-06,32.32
O013054,C2319,2024-11-30,30.59
O013055,C2319,2024-12-15,44.82
O013056,C2319,2025-01-24,448.09
O013057,C2319,2025-05-27,201.81
O013058,C2320,2025-10-17,36.55
O013059,C2320,2025-11-17,64.57
O013060,C2320,2025-12-15,49.15
O013061,C2321,2024-09-22,92.0
O013062,C2321,2024-12-12,31.74
O013063,C2321,2024-12-30,50.77
O013064,C2321,2025-01-19,199.49
O013065,C2321,2025-04-21,128.17
O013066,C2321,2025-05-08,96.55
O013067,C2321,2025-06-24,679.36
O013068,C2321,2025-07-21,142.35
O013069,C2321,2025-08-06,41.13
O013070,C2321,2025-09-26,100.99
O013071,C2321,2025-11-22,44.72
O013072,C2322,2024-03-11,80.25
O013073,C2322,2024-03-25,58.54
O013074,C2322,2024-06-12,134.86
O013075,C2322,2024-06-23,66.9
O013076,C2323,2025-08-12,23.83
O013077,C2323,2025-10-30,130.41
O013078,C2323,2025-11-08,43.29
O013079,C2323,2025-12-16,55.52
O013080,C2324,2024-05-01,6.77
O013081,C2324,2024-05-13,67.68
O013082,C2324,2024-10-08,12.12
O013083,C2324,2025-02-18,24.65
O013084,C2324,2025-03-09,52.04
O013085,C2325,2025-07-07,29.26
O013086,C2325,2025-08-07,15.27
O013087,C2325,2025-08-21,94.23
O013088,C2325,2025-12-08,62.25
O013089,C2327,2024-03-11,28.94
O013090,C2327,2024-03-23,232.85
O013091,C2327,2024-05-04,29.65
O013092,C2327,2024-06-28,201.72
O013093,C2327,2024-07-19,155.48
O013094,C2327,2024-08-01,198.56
O013095,C2327,2024-09-25,146.56
O013096,C2327,2024-10-11,67.76
O013097,C2327,2024-10-27,94.71
O013098,C2327,2025-01-03,97.82
O013099,C2327,2025-01-11,96.01
O013100,C2327,2025-02-11,29.63
O013101,C2327,2025-02-17,314.78
O013102,C2327,2025-04-03,104.88
O013103,C2327,2025-05-29,87.73
O013104,C2327,2025-06-21,112.92
O013105,C2327,2025-08-28,157.7
O013106,C2327,2025-09-09,221.95
O013107,C2327,2025-10-01,47.22
O013108,C2327,2025-11-06,39.66
O013109,C2327,2025-12-16,313.36
O013110,C2328,2024-11-18,73.88
O013111,C2328,2025-04-18,76.88
O013112,C2328,2025-07-05,39.34
O013113,C2328,2025-08-16,146.09
O013114,C2328,2025-10-08,58.96
O013115,C2329,2024-02-02,19.66
O013116,C2329,2024-06-17,15.83
O013117,C2329,2024-09-21,50.17
O013118,C2329,2024-11-09,56.66
O013119,C2329,2024-12-22,126.13
O013120,C2330,2024-10-12,75.09
O013121,C2330,2024-12-18,167.68
O013122,C2330,2025-01-26,79.49
O013123,C2330,2025-07-15,23.69
O013124,C2330,2025-11-23,199.16
O013125,C2330,2025-12-27,52.71
O013126,C2331,2024-06-03,247.4
O013127,C2331,2024-08-19,83.64
O013128,C2331,2024-12-03,93.15
O013129,C2331,2025-08-21,104.21
O013130,C2331,2025-09-03,141.44
O013131,C2331,2025-11-16,18.42
O013132,C2332,2025-03-07,246.81
O013133,C2332,2025-03-19,55.27
O013134,C2332,2025-05-22,206.5
O013135,C2332,2025-05-29,369.18
O013136,C2332,2025-07-23,36.05
O013137,C2332,2025-08-18,224.15
O013138,C2332,2025-10-07,109.59
O013139,C2332,2025-11-22,166.57
O013140,C2333,2024-02-22,44.63
O013141,C2333,2024-07-24,34.77
O013142,C2333,2024-08-26,77.9
O013143,C2335,2024-06-19,45.69
O013144,C2335,2024-12-08,82.97
O013145,C2336,2025-08-04,72.91
O013146,C2336,2025-09-29,158.82
O013147,C2337,2025-05-02,51.15
O013148,C2337,2025-07-11,129.42
O013149,C2337,2025-12-08,51.56
O013150,C2337,2025-12-22,15.35
O013151,C2338,2025-05-22,91.22
O013152,C2338,2025-08-20,7.5
O013153,C2338,2025-09-08,324.45
O013154,C2338,2025-10-30,87.44
O013155,C2338,2025-11-16,192.86
O013156,C2338,2025-12-26,36.19
O013157,C2339,2024-03-20,162.53
O013158,C2339,2024-07-13,41.6
O013159,C2339,2024-10-27,44.47
O013160,C2339,2025-02-20,112.02
O013161,C2339,2025-07-14,28.42
O013162,C2340,2025-07-05,60.41
O013163,C2340,2025-09-04,23.27
O013164,C2340,2025-09-20,14.79
O013165,C2340,2025-10-14,11.27
O013166,C2340,2025-11-01,35.2
O013167,C2341,2025-04-20,101.56
O013168,C2341,2025-08-12,262.86
O013169,C2341,2025-09-01,291.2
O013170,C2341,2025-09-24,180.91
O013171,C2341,2025-10-20,203.86
O013172,C2341,2025-12-08,153.92
O013173,C2342,2025-06-21,82.55
O013174,C2342,2025-08-11,50.83
O013175,C2342,2025-11-02,112.43
O013176,C2342,2025-11-19,115.18
O013177,C2343,2024-09-28,87.93
O013178,C2343,2024-11-27,14.77
O013179,C2343,2025-01-27,107.22
O013180,C2343,2025-04-27,111.52
O013181,C2343,2025-07-15,100.49
O013182,C2343,2025-08-21,63.52
O013183,C2343,2025-10-26,66.04
O013184,C2343,2025-11-26,106.08
O013185,C2344,2024-04-13,150.09
O013186,C2344,2024-06-22,132.64
O013187,C2345,2024-03-25,162.54
O013188,C2345,2024-05-12,24.82
O013189,C2345,2024-06-08,126.49
O013190,C2345,2024-06-15,50.58
O013191,C2345,2024-07-01,81.1
O013192,C2345,2024-08-06,93.46
O013193,C2345,2024-08-25,41.66
O013194,C2345,2024-10-19,18.16
O013195,C2345,2024-12-06,84.95
O013196,C2345,2025-02-06,76.23
O013197,C2345,2025-03-05,53.57
O013198,C2345,2025-04-08,188.44
O013199,C2345,2025-05-11,51.94
O013200,C2345,2025-05-27,37.04
O013201,C2345,2025-08-02,81.54
O013202,C2345,2025-09-19,31.96
O013203,C2345,2025-10-31,64.54
O013204,C2345,2025-12-12,48.17
O013205,C2346,2024-06-12,56.14
O013206,C2346,2024-09-09,132.76
O013207,C2346,2024-11-26,12.7
O013208,C2347,2025-10-09,178.66
O013209,C2347,2025-11-03,77.26
O013210,C2347,2025-12-02,141.46
O013211,C2348,2024-03-09,55.85
O013212,C2348,2024-06-06,97.73
O013213,C2348,2024-07-29,247.28
O013214,C2348,2024-09-07,135.81
O013215,C2348,2024-10-19,265.74
O013216,C2348,2024-10-27,78.66
O013217,C2348,2024-12-29,175.31
O013218,C2348,2025-01-09,290.41
O013219,C2348,2025-02-26,53.76
O013220,C2348,2025-03-06,66.28
O013221,C2348,2025-04-26,64.48
O013222,C2348,2025-05-31,71.84
O013223,C2348,2025-06-29,66.19
O013224,C2348,2025-07-20,119.41
O013225,C2348,2025-08-19,291.15
O013226,C2348,2025-09-13,62.76
O013227,C2348,2025-09-30,30.88
O013228,C2348,2025-10-10,93.13
O013229,C2348,2025-11-16,40.86
O013230,C2348,2025-12-16,153.93
O013231,C2349,2024-12-17,19.0
O013232,C2349,2025-04-15,39.23
O013233,C2349,2025-06-10,18.13
O013234,C2349,2025-10-31,67.82
O013235,C2349,2025-12-27,35.49
O013236,C2350,2025-03-24,132.0
O013237,C2351,2024-05-03,93.04
O013238,C2351,2024-06-02,13.29
O013239,C2351,2024-07-16,52.46
O013240,C2351,2024-08-16,123.12
O013241,C2352,2025-07-21,133.97
O013242,C2352,2025-09-18,61.53
O013243,C2352,2025-12-14,36.98
O013244,C2353,2025-07-21,103.86
O013245,C2353,2025-09-04,74.26
O013246,C2353,2025-09-22,12.49
O013247,C2354,2024-06-20,32.34
O013248,C2354,2024-08-07,110.57
O013249,C2354,2024-10-24,212.49
O013250,C2354,2025-04-01,195.82
O013251,C2354,2025-04-08,60.52
O013252,C2354,2025-04-27,75.33
O013253,C2354,2025-07-20,57.41
O013254,C2355,2024-03-11,35.46
O013255,C2355,2024-04-05,18.87
O013256,C2355,2024-06-30,116.34
O013257,C2355,2024-09-27,13.5
O013258,C2355,2024-11-08,171.81
O013259,C2355,2024-12-19,20.23
O013260,C2355,2024-12-25,38.48
O013261,C2356,2024-07-07,165.13
O013262,C2356,2024-07-25,100.58
O013263,C2356,2024-10-18,49.53
O013264,C2356,2024-12-08,74.37
O013265,C2356,2025-01-07,69.52
O013266,C2356,2025-02-22,163.21
O013267,C2356,2025-04-07,146.17
O013268,C2357,2024-06-21,137.03
O013269,C2357,2024-07-19,47.89
O013270,C2358,2024-08-07,6.36
O013271,C2358,2024-12-28,24.92
O013272,C2358,2025-04-12,32.33
O013273,C2358,2025-06-24,62.01
O013274,C2359,2025-11-16,28.29
O013275,C2359,2025-12-05,10.48
O013276,C2360,2024-04-02,194.28
O013277,C2360,2024-05-18,95.76
O013278,C2360,2024-07-04,124.49
O013279,C2360,2024-07-20,34.28
O013280,C2360,2024-08-06,85.57
O013281,C2360,2024-08-28,143.55
O013282,C2360,2024-09-19,235.45
O013283,C2360,2024-10-19,21.52
O013284,C2360,2024-10-28,162.69
O013285,C2360,2025-01-13,128.99
O013286,C2360,2025-03-22,180.12
O013287,C2360,2025-04-29,64.92
O013288,C2360,2025-05-24,32.11
O013289,C2360,2025-06-13,38.8
O013290,C2360,2025-07-13,25.15
O013291,C2360,2025-07-25,124.61
O013292,C2360,2025-07-31,586.83
O013293,C2360,2025-08-21,137.37
O013294,C2360,2025-09-20,102.86
O013295,C2360,2025-11-19,76.36
O013296,C2361,2024-06-27,156.04
O013297,C2361,2024-08-14,139.9
O013298,C2361,2024-09-29,7.94
O013299,C2361,2024-11-26,121.36
O013300,C2361,2024-12-21,67.4
O013301,C2361,2025-03-22,51.72
O013302,C2361,2025-04-05,243.82
O013303,C2361,2025-04-22,241.85
O013304,C2361,2025-06-01,62.13
O013305,C2361,2025-08-02,209.87
O013306,C2361,2025-10-09,67.37
O013307,C2361,2025-12-24,92.07
O013308,C2362,2025-03-07,277.96
O013309,C2363,2024-02-16,36.53
O013310,C2363,2024-04-14,81.61
O013311,C2363,2024-05-17,272.98
O013312,C2363,2024-10-31,113.9
O013313,C2363,2024-12-28,14.9
O013314,C2363,2025-01-30,156.61
O013315,C2363,2025-03-09,87.39
O013316,C2363,2025-05-23,21.46
O013317,C2363,2025-08-06,185.38
O013318,C2363,2025-08-19,67.04
O013319,C2363,2025-09-19,84.35
O013320,C2364,2024-02-07,7.34
O013321,C2364,2024-03-02,41.78
O013322,C2364,2024-04-09,166.93
O013323,C2364,2024-06-24,7.23
O013324,C2364,2024-07-16,59.13
O013325,C2364,2024-12-07,136.34
O013326,C2364,2025-02-16,49.29
O013327,C2364,2025-03-11,176.36
O013328,C2364,2025-04-15,13.98
O013329,C2364,2025-07-31,22.84
O013330,C2364,2025-09-07,117.84
O013331,C2364,2025-10-06,38.0
O013332,C2364,2025-11-03,60.8
O013333,C2364,2025-12-12,7.63
O013334,C2365,2024-07-10,77.37
O013335,C2365,2024-10-14,26.51
O013336,C2365,2024-12-09,51.45
O013337,C2365,2025-08-26,155.16
O013338,C2366,2025-07-08,13.71
O013339,C2366,2025-08-19,131.29
O013340,C2366,2025-09-14,100.4
O013341,C2366,2025-12-04,93.67
O013342,C2367,2025-04-12,157.39
O013343,C2367,2025-05-02,182.51
O013344,C2369,2025-04-30,17.07
O013345,C2369,2025-11-17,121.67
O013346,C2370,2024-03-15,161.38
O013347,C2370,2024-03-26,218.29
O013348,C2370,2024-04-18,126.84
O013349,C2370,2024-05-05,132.45
O013350,C2370,2024-06-20,150.48
O013351,C2370,2024-07-18,76.35
O013352,C2370,2024-08-16,132.62
O013353,C2370,2024-10-06,162.85
O013354,C2370,2024-11-05,110.13
O013355,C2370,2024-12-30,130.26
O013356,C2370,2025-02-14,27.3
O013357,C2370,2025-02-21,75.79
O013358,C2370,2025-04-10,181.53
O013359,C2370,2025-05-30,125.51
O013360,C2370,2025-06-13,57.27
O013361,C2370,2025-06-30,65.67
O013362,C2370,2025-08-01,37.68
O013363,C2370,2025-09-10,63.24
O013364,C2370,2025-10-01,173.72
O013365,C2370,2025-11-11,87.28
O013366,C2370,2025-12-05,190.93
O013367,C2371,2024-08-13,11.87
O013368,C2371,2024-10-21,46.28
O013369,C2371,2024-11-11,52.48
O013370,C2371,2025-02-18,19.5
O013371,C2372,2024-11-06,40.97
O013372,C2372,2024-12-13,73.95
O013373,C2372,2025-01-20,44.31
O013374,C2372,2025-01-26,64.11
O013375,C2372,2025-03-29,82.18
O013376,C2372,2025-06-16,81.95
O013377,C2372,2025-10-16,78.21
O013378,C2372,2025-12-30,101.08
O013379,C2373,2024-04-03,381.55
O013380,C2373,2024-05-16,208.56
O013381,C2373,2024-07-24,298.18
O013382,C2373,2024-09-06,54.94
O013383,C2373,2024-10-22,204.94
O013384,C2373,2025-03-05,77.95
O013385,C2374,2025-07-03,115.23
O013386,C2374,2025-07-16,36.58
O013387,C2374,2025-08-31,211.76
O013388,C2374,2025-12-05,124.68
O013389,C2374,2025-12-29,99.0
O013390,C2376,2025-04-18,7.11
O013391,C2376,2025-05-14,265.1
O013392,C2376,2025-09-15,167.11
O013393,C2376,2025-10-25,78.18
O013394,C2376,2025-12-04,35.53
O013395,C2376,2025-12-31,49.81
O013396,C2377,2024-06-03,26.73
O013397,C2377,2024-07-02,97.95
O013398,C2377,2024-08-10,129.86
O013399,C2377,2024-10-17,109.86
O013400,C2377,2024-10-24,107.6
O013401,C2377,2025-01-30,117.66
O013402,C2377,2025-02-11,100.55
O013403,C2377,2025-08-06,79.88
O013404,C2377,2025-08-20,180.34
O013405,C2377,2025-11-08,236.23
O013406,C2377,2025-12-08,86.15
O013407,C2377,2025-12-14,60.68
O013408,C2378,2025-02-15,55.41
O013409,C2378,2025-12-07,23.24
O013410,C2379,2024-02-29,207.41
O013411,C2379,2024-03-24,70.84
O013412,C2379,2024-03-30,136.06
O013413,C2379,2024-04-09,174.24
O013414,C2379,2024-05-01,181.4
O013415,C2379,2024-05-07,63.15
O013416,C2379,2024-06-27,25.26
O013417,C2379,2024-08-24,144.32
O013418,C2379,2024-09-22,247.15
O013419,C2379,2024-10-19,9.56
O013420,C2379,2024-12-13,193.32
O013421,C2379,2024-12-22,162.43
O013422,C2379,2025-02-15,521.64
O013423,C2379,2025-03-11,257.04
O013424,C2379,2025-04-30,59.15
O013425,C2379,2025-05-13,142.36
O013426,C2379,2025-05-19,210.55
O013427,C2379,2025-06-02,178.18
O013428,C2380,2024-01-23,234.24
O013429,C2380,2024-03-04,117.95
O013430,C2380,2024-08-07,82.43
O013431,C2380,2024-10-16,75.01
O013432,C2380,2024-11-19,64.33
O013433,C2380,2024-12-21,333.67
O013434,C2380,2025-02-11,168.37
O013435,C2380,2025-05-13,140.6
O013436,C2381,2024-12-28,13.94
O013437,C2381,2025-01-20,52.06
O013438,C2382,2024-03-05,231.8
O013439,C2382,2024-05-26,13.48
O013440,C2382,2024-06-26,82.51
O013441,C2382,2024-07-13,61.78
O013442,C2382,2024-09-10,89.96
O013443,C2382,2024-10-21,57.21
O013444,C2382,2024-12-04,90.97
O013445,C2382,2025-01-02,128.46
O013446,C2382,2025-01-19,29.4
O013447,C2383,2024-06-09,94.97
O013448,C2383,2024-06-28,98.84
O013449,C2383,2024-07-20,239.09
O013450,C2383,2024-08-16,412.9
O013451,C2383,2024-11-24,192.88
O013452,C2383,2024-12-01,226.18
O013453,C2383,2025-02-02,316.28
O013454,C2383,2025-02-14,164.66
O013455,C2383,2025-06-06,209.02
O013456,C2383,2025-07-07,98.47
O013457,C2383,2025-07-14,29.83
O013458,C2383,2025-07-29,53.49
O013459,C2383,2025-08-27,293.92
O013460,C2383,2025-09-10,62.92
O013461,C2383,2025-09-30,155.76
O013462,C2383,2025-10-06,119.35
O013463,C2383,2025-12-04,276.92
O013464,C2383,2025-12-17,93.77
O013465,C2384,2025-10-30,196.31
O013466,C2384,2025-12-05,44.7
O013467,C2385,2024-10-08,24.22
O013468,C2385,2025-01-16,33.62
O013469,C2385,2025-02-09,83.69
O013470,C2386,2024-07-27,38.46
O013471,C2386,2024-10-08,11.1
O013472,C2386,2024-11-18,51.38
O013473,C2386,2024-12-23,47.67
O013474,C2387,2024-06-21,87.56
O013475,C2387,2024-10-18,10.04
O013476,C2387,2024-12-25,60.62
O013477,C2387,2025-02-18,71.28
O013478,C2387,2025-04-07,52.48
O013479,C2387,2025-09-08,65.33
O013480,C2388,2025-01-14,202.81
O013481,C2389,2025-06-14,16.18
O013482,C2390,2025-02-11,27.22
O013483,C2390,2025-03-24,27.73
O013484,C2390,2025-07-18,19.26
O013485,C2390,2025-10-06,83.71
O013486,C2390,2025-11-15,20.94
O013487,C2391,2025-08-21,188.56
O013488,C2391,2025-11-14,255.49
O013489,C2391,2025-12-19,90.14
O013490,C2392,2024-08-27,202.23
O013491,C2392,2024-09-09,107.57
O013492,C2392,2024-11-04,102.21
O013493,C2392,2024-11-18,73.16
O013494,C2392,2025-01-11,200.11
O013495,C2392,2025-02-17,120.96
O013496,C2392,2025-04-26,168.53
O013497,C2392,2025-05-19,48.62
O013498,C2392,2025-06-25,141.12
O013499,C2392,2025-08-08,314.22
O013500,C2392,2025-08-14,61.0
O013501,C2392,2025-08-28,211.26
O013502,C2392,2025-10-01,169.49
O013503,C2392,2025-10-16,130.72
O013504,C2392,2025-10-26,83.13
O013505,C2392,2025-11-07,236.66
O013506,C2392,2025-11-26,132.93
O013507,C2392,2025-12-15,235.79
O013508,C2392,2025-12-25,64.24
O013509,C2393,2024-03-08,233.02
O013510,C2393,2024-04-18,71.25
O013511,C2393,2024-05-27,81.19
O013512,C2393,2024-08-20,45.54
O013513,C2393,2024-10-07,294.44
O013514,C2393,2024-11-27,213.16
O013515,C2393,2025-01-24,93.88
O013516,C2393,2025-03-25,141.39
O013517,C2393,2025-04-13,23.8
O013518,C2393,2025-06-27,472.54
O013519,C2393,2025-07-12,38.56
O013520,C2393,2025-08-05,131.86
O013521,C2393,2025-09-08,80.57
O013522,C2393,2025-09-30,87.39
O013523,C2393,2025-11-28,130.73
O013524,C2394,2024-03-21,253.61
O013525,C2394,2024-04-02,177.17
O013526,C2394,2024-06-12,117.54
O013527,C2394,2024-07-14,98.17
O013528,C2394,2024-08-01,203.14
O013529,C2394,2024-08-07,53.77
O013530,C2394,2024-09-21,72.97
O013531,C2394,2024-11-09,101.33
O013532,C2394,2025-01-22,123.88
O013533,C2394,2025-02-08,106.83
O013534,C2394,2025-03-01,9.19
O013535,C2394,2025-03-29,25.22
O013536,C2394,2025-04-29,69.85
O013537,C2394,2025-06-03,97.15
O013538,C2394,2025-06-19,33.63
O013539,C2394,2025-07-05,157.14
O013540,C2394,2025-07-21,229.21
O013541,C2394,2025-08-04,367.35
O013542,C2394,2025-08-24,110.1
O013543,C2394,2025-09-05,71.74
O013544,C2395,2025-07-28,130.3
O013545,C2395,2025-08-29,325.23
O013546,C2395,2025-11-22,19.29
O013547,C2396,2024-10-07,146.69
O013548,C2396,2024-11-01,71.26
O013549,C2396,2025-01-05,249.99
O013550,C2396,2025-06-16,203.54
O013551,C2396,2025-07-13,228.04
O013552,C2396,2025-10-22,176.61
O013553,C2396,2025-11-30,19.2
O013554,C2397,2025-07-18,112.11
O013555,C2397,2025-09-29,15.27
O013556,C2399,2025-08-13,58.81
O013557,C2399,2025-10-08,84.8
O013558,C2400,2024-07-09,142.65
O013559,C2400,2024-09-02,8.56
O013560,C2400,2024-11-16,63.19
O013561,C2400,2025-02-11,98.78
O013562,C2400,2025-03-20,245.63
O013563,C2400,2025-04-27,71.55
O013564,C2400,2025-05-29,63.87
O013565,C2400,2025-06-28,22.83
O013566,C2400,2025-09-24,125.98
O013567,C2400,2025-10-14,99.02
O013568,C2401,2024-02-02,7.39
O013569,C2401,2024-05-22,47.1
O013570,C2401,2024-06-27,69.93
O013571,C2402,2025-06-19,249.48
O013572,C2402,2025-08-14,44.55
O013573,C2402,2025-09-14,89.18
O013574,C2402,2025-09-27,119.09
O013575,C2402,2025-11-20,32.79
O013576,C2403,2024-07-29,208.73
O013577,C2403,2024-09-05,50.99
O013578,C2403,2024-09-20,29.48
O013579,C2403,2024-10-25,126.38
O013580,C2403,2024-11-04,281.54
O013581,C2403,2024-11-10,39.64
O013582,C2403,2024-11-22,172.13
O013583,C2403,2024-12-01,68.21
O013584,C2403,2024-12-10,17.68
O013585,C2403,2025-02-19,115.16
O013586,C2403,2025-04-20,146.45
O013587,C2403,2025-05-06,101.9
O013588,C2405,2024-04-18,33.83
O013589,C2406,2025-01-23,79.92
O013590,C2406,2025-05-08,39.56
O013591,C2407,2024-10-09,35.95
O013592,C2407,2025-04-10,50.74
O013593,C2407,2025-07-01,99.28
O013594,C2407,2025-10-04,39.15
O013595,C2407,2025-12-14,22.91
O013596,C2408,2024-11-02,66.1
O013597,C2408,2024-12-18,28.13
O013598,C2408,2025-03-22,100.47
O013599,C2408,2025-04-23,120.0
O013600,C2408,2025-05-09,23.81
O013601,C2409,2025-05-03,70.97
O013602,C2409,2025-06-17,46.7
O013603,C2409,2025-08-03,36.46
O013604,C2409,2025-09-07,122.25
O013605,C2409,2025-10-11,181.14
O013606,C2409,2025-12-10,163.93
O013607,C2409,2025-12-30,79.11
O013608,C2410,2025-04-07,83.84
O013609,C2410,2025-04-13,99.39
O013610,C2410,2025-06-28,112.77
O013611,C2410,2025-07-23,97.81
O013612,C2410,2025-08-06,75.61
O013613,C2410,2025-10-28,63.73
O013614,C2411,2025-04-09,42.39
O013615,C2411,2025-05-23,262.93
O013616,C2411,2025-07-22,182.06
O013617,C2411,2025-07-28,224.66
O013618,C2411,2025-09-19,61.47
O013619,C2411,2025-09-25,124.48
O013620,C2411,2025-10-30,90.89
O013621,C2411,2025-12-28,239.31
O013622,C2412,2024-09-27,175.72
O013623,C2412,2025-11-03,130.68
O013624,C2413,2024-01-29,26.42
O013625,C2413,2024-04-08,39.35
O013626,C2413,2024-06-05,82.12
O013627,C2413,2024-06-27,14.19
O013628,C2413,2024-09-25,58.04
O013629,C2413,2024-12-11,35.33
O013630,C2413,2025-03-21,245.78
O013631,C2413,2025-04-30,52.16
O013632,C2413,2025-05-27,90.83
O013633,C2413,2025-06-18,58.4
O013634,C2413,2025-07-16,57.29
O013635,C2413,2025-10-11,31.94
O013636,C2413,2025-11-12,46.25
O013637,C2413,2025-12-26,43.82
O013638,C2414,2025-06-27,27.56
O013639,C2414,2025-11-03,50.19
O013640,C2415,2025-08-25,20.54
O013641,C2416,2025-04-23,65.51
O013642,C2416,2025-08-20,13.32
O013643,C2416,2025-12-01,68.97
O013644,C2417,2024-10-31,88.79
O013645,C2417,2025-01-08,65.97
O013646,C2417,2025-04-10,73.14
O013647,C2417,2025-05-29,14.86
O013648,C2418,2025-07-28,37.89
O013649,C2418,2025-11-27,20.22
O013650,C2419,2024-04-20,83.98
O013651,C2419,2024-06-26,41.14
O013652,C2419,2024-07-08,50.14
O013653,C2419,2024-08-20,123.99
O013654,C2419,2024-09-09,25.11
O013655,C2419,2024-10-03,68.09
O013656,C2419,2025-01-20,138.84
O013657,C2420,2024-08-06,170.05
O013658,C2420,2024-09-11,120.47
O013659,C2420,2024-12-14,57.05
O013660,C2420,2025-01-20,20.23
O013661,C2420,2025-04-15,53.53
O013662,C2421,2024-07-08,30.9
O013663,C2421,2024-08-07,8.38
O013664,C2421,2024-08-31,53.53
O013665,C2421,2024-09-14,18.4
O013666,C2421,2024-11-16,167.02
O013667,C2421,2024-12-24,25.47
O013668,C2421,2025-01-15,101.07
O013669,C2421,2025-02-03,18.71
O013670,C2421,2025-04-12,57.54
O013671,C2421,2025-06-03,93.31
O013672,C2421,2025-06-28,110.56
O013673,C2421,2025-09-02,42.26
O013674,C2421,2025-10-31,191.71
O013675,C2421,2025-11-20,88.74
O013676,C2421,2025-12-11,97.82
O013677,C2421,2025-12-24,123.89
O013678,C2422,2024-06-13,95.58
O013679,C2422,2024-07-25,182.31
O013680,C2422,2024-08-26,64.98
O013681,C2423,2025-12-01,40.92
O013682,C2425,2024-05-07,129.43
O013683,C2425,2024-10-06,35.43
O013684,C2425,2024-11-12,95.49
O013685,C2426,2024-12-22,71.37
O013686,C2426,2025-03-09,137.67
O013687,C2426,2025-04-13,129.58
O013688,C2426,2025-07-16,80.47
O013689,C2426,2025-09-29,29.03
O013690,C2427,2025-02-05,289.8
O013691,C2427,2025-03-30,26.74
O013692,C2427,2025-07-14,97.74
O013693,C2427,2025-07-31,64.49
O013694,C2427,2025-09-09,35.39
O013695,C2427,2025-10-13,37.75
O013696,C2427,2025-11-23,40.27
O013697,C2427,2025-12-12,88.49
O013698,C2427,2025-12-27,166.95
O013699,C2428,2024-12-24,12.39
O013700,C2428,2025-07-25,26.35
O013701,C2430,2025-12-06,195.92
O013702,C2431,2024-09-14,138.69
O013703,C2431,2024-12-08,118.22
O013704,C2431,2025-01-13,49.81
O013705,C2431,2025-06-20,24.24
O013706,C2432,2024-09-24,197.45
O013707,C2432,2024-10-03,112.71
O013708,C2432,2024-11-14,55.14
O013709,C2432,2024-12-25,124.15
O013710,C2432,2025-01-22,15.42
O013711,C2432,2025-02-03,125.24
O013712,C2432,2025-03-01,58.8
O013713,C2432,2025-03-31,39.6
O013714,C2432,2025-05-14,467.74
O013715,C2432,2025-05-28,81.97
O013716,C2432,2025-06-13,75.69
O013717,C2432,2025-06-24,280.96
O013718,C2433,2024-05-26,65.61
O013719,C2433,2024-08-13,12.74
O013720,C2433,2024-11-16,44.3
O013721,C2433,2024-11-25,32.43
O013722,C2433,2025-03-24,129.57
O013723,C2433,2025-04-23,121.72
O013724,C2433,2025-08-19,21.11
O013725,C2433,2025-09-29,16.09
O013726,C2433,2025-10-29,35.14
O013727,C2434,2025-03-15,120.11
O013728,C2434,2025-04-14,100.16
O013729,C2434,2025-05-06,58.05
O013730,C2434,2025-06-01,118.3
O013731,C2434,2025-08-02,111.57
O013732,C2434,2025-08-17,87.12
O013733,C2434,2025-09-01,26.94
O013734,C2435,2025-05-25,154.48
O013735,C2435,2025-08-29,20.94
O013736,C2435,2025-11-13,56.14
O013737,C2435,2025-12-17,112.31
O013738,C2435,2025-12-31,63.18
O013739,C2436,2025-01-16,167.09
O013740,C2436,2025-02-24,164.7
O013741,C2437,2024-04-20,223.57
O013742,C2437,2024-07-27,109.32
O013743,C2437,2024-11-11,6.73
O013744,C2437,2024-12-03,67.25
O013745,C2437,2025-01-17,207.76
O013746,C2437,2025-03-01,58.76
O013747,C2437,2025-04-13,63.17
O013748,C2437,2025-05-23,75.83
O013749,C2438,2024-11-02,45.87
O013750,C2438,2024-11-19,43.98
O013751,C2439,2025-03-23,220.87
O013752,C2439,2025-04-14,37.15
O013753,C2439,2025-06-05,42.23
O013754,C2439,2025-08-01,104.53
O013755,C2439,2025-10-18,254.44
O013756,C2439,2025-11-07,267.55
O013757,C2440,2024-01-26,56.9
O013758,C2440,2024-02-13,455.73
O013759,C2440,2024-02-25,167.83
O013760,C2440,2024-03-12,302.67
O013761,C2440,2024-05-20,299.74
O013762,C2440,2024-06-07,148.79
O013763,C2440,2024-06-19,127.44
O013764,C2440,2024-07-17,175.51
O013765,C2440,2024-07-24,239.96
O013766,C2440,2024-09-12,63.44
O013767,C2440,2024-09-21,581.6
O013768,C2440,2024-11-19,75.94
O013769,C2440,2025-01-06,83.37
O013770,C2440,2025-03-26,80.32
O013771,C2440,2025-04-23,20.86
O013772,C2440,2025-04-29,101.03
O013773,C2440,2025-05-18,288.05
O013774,C2440,2025-05-26,136.56
O013775,C2440,2025-06-08,124.3
O013776,C2440,2025-07-06,106.91
O013777,C2440,2025-07-29,105.81
O013778,C2440,2025-09-02,85.38
O013779,C2440,2025-10-03,84.36
O013780,C2440,2025-11-26,109.08
O013781,C2440,2025-12-06,216.61
O013782,C2440,2025-12-24,402.87
O013783,C2441,2024-12-07,103.73
O013784,C2442,2024-12-31,62.28
O013785,C2443,2024-10-22,105.49
O013786,C2443,2024-11-16,105.35
O013787,C2443,2024-12-04,66.56
O013788,C2443,2024-12-16,220.61
O013789,C2443,2024-12-30,83.16
O013790,C2443,2025-03-05,14.47
O013791,C2443,2025-04-12,283.92
O013792,C2443,2025-04-24,163.6
O013793,C2443,2025-05-14,132.91
O013794,C2443,2025-06-09,118.52
O013795,C2443,2025-06-24,8.67
O013796,C2443,2025-07-31,254.3
O013797,C2443,2025-08-10,131.48
O013798,C2443,2025-08-23,155.66
O013799,C2443,2025-09-17,83.76
O013800,C2443,2025-10-11,183.88
O013801,C2443,2025-10-17,16.4
O013802,C2443,2025-11-04,368.67
O013803,C2443,2025-11-22,93.07
O013804,C2443,2025-12-09,441.08
O013805,C2444,2024-12-25,92.18
O013806,C2444,2025-01-11,334.67
O013807,C2444,2025-01-24,128.04
O013808,C2444,2025-02-01,170.78
O013809,C2444,2025-02-17,290.12
O013810,C2444,2025-04-16,124.39
O013811,C2444,2025-06-05,125.76
O013812,C2444,2025-06-30,97.43
O013813,C2444,2025-08-09,134.74
O013814,C2444,2025-08-18,28.1
O013815,C2444,2025-09-28,142.79
O013816,C2444,2025-11-03,43.86
O013817,C2444,2025-12-07,118.9
O013818,C2444,2025-12-21,32.4
O013819,C2445,2025-05-16,12.43
O013820,C2445,2025-06-19,6.52
O013821,C2446,2024-04-10,50.16
O013822,C2446,2024-05-22,63.2
O013823,C2446,2024-06-30,51.15
O013824,C2446,2024-08-02,70.54
O013825,C2446,2024-09-06,13.88
O013826,C2446,2024-10-30,90.76
O013827,C2446,2024-11-22,126.93
O013828,C2446,2024-12-15,100.74
O013829,C2446,2025-01-25,53.9
O013830,C2446,2025-05-29,77.3
O013831,C2446,2025-07-06,53.85
O013832,C2446,2025-08-30,7.63
O013833,C2446,2025-10-18,169.08
O013834,C2446,2025-12-18,26.62
O013835,C2447,2025-01-04,67.91
O013836,C2448,2025-03-31,61.01
O013837,C2449,2025-10-26,158.75
O013838,C2450,2024-09-14,35.85
O013839,C2450,2024-11-25,30.32
O013840,C2450,2024-12-29,61.61
O013841,C2450,2025-01-30,8.09
O013842,C2450,2025-03-02,46.05
O013843,C2450,2025-03-19,94.88
O013844,C2450,2025-03-25,53.57
O013845,C2450,2025-05-05,68.0
O013846,C2450,2025-06-04,64.39
O013847,C2450,2025-08-11,33.01
O013848,C2450,2025-09-23,129.99
O013849,C2450,2025-12-03,104.64
O013850,C2450,2025-12-12,212.46
O013851,C2451,2025-07-02,60.87
O013852,C2451,2025-09-29,94.55
O013853,C2451,2025-12-14,84.43
O013854,C2452,2024-07-08,151.22
O013855,C2452,2024-09-19,274.44
O013856,C2452,2024-10-30,206.78
O013857,C2452,2024-11-12,83.82
O013858,C2452,2024-12-17,260.32
O013859,C2452,2025-02-08,240.74
O013860,C2452,2025-03-08,74.39
O013861,C2452,2025-04-28,77.2
O013862,C2452,2025-05-19,33.02
O013863,C2452,2025-06-20,136.65
O013864,C2452,2025-08-02,202.8
O013865,C2452,2025-10-19,49.82
O013866,C2452,2025-11-08,252.76
O013867,C2452,2025-11-18,192.4
O013868,C2452,2025-12-08,205.11
O013869,C2452,2025-12-20,128.33
O013870,C2452,2025-12-29,81.51
O013871,C2453,2025-08-28,159.56
O013872,C2453,2025-09-22,137.71
O013873,C2454,2025-10-22,75.53
O013874,C2455,2024-09-14,20.89
O013875,C2456,2024-07-26,29.93
O013876,C2456,2025-02-03,118.86
O013877,C2456,2025-06-18,57.45
O013878,C2457,2024-11-07,161.69
O013879,C2457,2025-02-07,195.59
O013880,C2457,2025-03-24,14.24
O013881,C2457,2025-06-01,50.78
O013882,C2457,2025-06-22,293.91
O013883,C2457,2025-07-14,188.55
O013884,C2457,2025-12-27,125.35
O013885,C2460,2024-12-11,122.05
O013886,C2460,2025-03-08,220.69
O013887,C2460,2025-05-18,32.43
O013888,C2460,2025-06-08,160.37
O013889,C2460,2025-08-16,91.79
O013890,C2460,2025-11-02,105.88
O013891,C2461,2024-05-27,74.26
O013892,C2461,2024-08-09,22.14
O013893,C2461,2024-11-16,57.67
O013894,C2461,2025-01-19,126.65
O013895,C2461,2025-06-11,131.11
O013896,C2461,2025-07-01,240.23
O013897,C2461,2025-09-15,169.64
O013898,C2461,2025-12-22,110.75
O013899,C2462,2024-03-16,158.87
O013900,C2462,2024-06-14,41.24
O013901,C2462,2024-11-04,143.45
O013902,C2462,2025-02-15,44.46
O013903,C2462,2025-04-06,22.35
O013904,C2462,2025-09-02,35.37
O013905,C2464,2024-08-29,62.31
O013906,C2464,2024-12-31,26.92
O013907,C2465,2024-05-15,60.62
O013908,C2465,2024-06-21,12.38
O013909,C2465,2024-09-06,272.41
O013910,C2465,2024-12-22,41.4
O013911,C2465,2025-04-08,25.74
O013912,C2465,2025-07-03,97.47
O013913,C2465,2025-11-09,82.21
O013914,C2466,2024-07-01,12.09
O013915,C2466,2024-10-09,11.81
O013916,C2466,2025-06-08,52.24
O013917,C2466,2025-09-04,75.68
O013918,C2466,2025-10-18,76.33
O013919,C2466,2025-11-25,7.05
O013920,C2467,2024-03-14,110.32
O013921,C2467,2024-04-06,17.5
O013922,C2467,2024-06-13,174.5
O013923,C2468,2024-04-27,87.72
O013924,C2468,2024-05-24,72.86
O013925,C2468,2024-07-31,153.2
O013926,C2468,2024-10-02,26.3
O013927,C2468,2024-11-20,225.71
O013928,C2468,2025-01-14,104.77
O013929,C2468,2025-02-25,67.96
O013930,C2468,2025-06-23,649.66
O013931,C2468,2025-08-27,132.17
O013932,C2468,2025-12-27,100.54
O013933,C2469,2025-03-04,32.98
O013934,C2469,2025-04-02,140.48
O013935,C2469,2025-05-06,70.45
O013936,C2469,2025-05-16,312.53
O013937,C2469,2025-08-12,61.17
O013938,C2469,2025-08-29,43.11
O013939,C2469,2025-09-04,17.15
O013940,C2469,2025-10-21,14.62
O013941,C2469,2025-11-24,102.24
O013942,C2469,2025-12-03,59.37
O013943,C2470,2025-01-19,35.43
O013944,C2471,2024-12-15,110.52
O013945,C2471,2025-02-06,182.74
O013946,C2472,2024-04-05,236.61
O013947,C2472,2024-11-01,16.87
O013948,C2472,2024-11-13,13.7
O013949,C2472,2025-03-02,67.44
O013950,C2472,2025-04-24,160.48
O013951,C2472,2025-07-11,50.14
O013952,C2472,2025-09-20,17.7
O013953,C2472,2025-10-29,74.76
O013954,C2473,2025-01-21,21.82
O013955,C2473,2025-03-15,278.75
O013956,C2474,2025-07-14,132.3
O013957,C2474,2025-09-03,89.68
O013958,C2474,2025-10-10,355.27
O013959,C2474,2025-10-21,230.98
O013960,C2474,2025-11-07,59.67
O013961,C2474,2025-12-17,96.57
O013962,C2475,2025-05-29,76.52
O013963,C2475,2025-07-11,45.05
O013964,C2475,2025-10-02,17.26
O013965,C2476,2024-08-14,138.03
O013966,C2476,2024-10-01,226.07
O013967,C2476,2024-10-29,72.68
O013968,C2476,2024-12-20,153.14
O013969,C2476,2025-02-01,81.88
O013970,C2476,2025-04-26,105.98
O013971,C2476,2025-06-17,119.39
O013972,C2476,2025-07-14,181.18
O013973,C2476,2025-07-31,126.64
O013974,C2476,2025-08-07,165.2
O013975,C2476,2025-08-23,323.36
O013976,C2476,2025-12-29,542.43
O013977,C2477,2024-11-30,109.3
O013978,C2477,2024-12-27,93.24
O013979,C2477,2025-01-03,89.74
O013980,C2477,2025-01-27,320.54
O013981,C2477,2025-03-02,134.19
O013982,C2477,2025-04-08,196.47
O013983,C2477,2025-04-23,216.34
O013984,C2477,2025-05-23,246.95
O013985,C2477,2025-07-01,154.67
O013986,C2477,2025-08-08,175.5
O013987,C2477,2025-08-18,323.82
O013988,C2477,2025-10-18,346.88
O013989,C2477,2025-10-29,101.2
O013990,C2478,2024-07-07,69.1
O013991,C2478,2024-08-16,109.44
O013992,C2478,2024-09-13,132.36
O013993,C2478,2024-10-26,77.32
O013994,C2478,2024-12-03,22.97
O013995,C2479,2025-05-17,81.45
O013996,C2479,2025-08-02,41.2
O013997,C2479,2025-10-25,24.3
O013998,C2479,2025-11-20,180.44
O013999,C2480,2025-05-24,68.86
O014000,C2480,2025-06-02,34.17
O014001,C2480,2025-08-16,28.92
O014002,C2480,2025-11-22,71.87
O014003,C2481,2024-05-17,32.19
O014004,C2481,2024-07-31,293.99
O014005,C2481,2025-01-15,22.37
O014006,C2481,2025-01-22,82.95
O014007,C2481,2025-07-04,16.68
O014008,C2481,2025-11-03,110.55
O014009,C2482,2024-12-04,15.05
O014010,C2482,2025-03-19,42.0
O014011,C2483,2024-05-18,56.25
O014012,C2483,2024-08-04,139.18
O014013,C2483,2024-09-18,53.15
O014014,C2483,2024-10-06,54.07
O014015,C2485,2025-08-26,17.9
O014016,C2485,2025-10-16,21.45
O014017,C2486,2025-01-22,65.76
O014018,C2486,2025-07-11,15.69
O014019,C2486,2025-11-13,77.19
O014020,C2487,2025-07-09,163.64
O014021,C2487,2025-11-18,20.81
O014022,C2489,2024-05-10,35.2
O014023,C2489,2025-02-05,30.56
O014024,C2490,2024-05-18,57.29
O014025,C2490,2024-09-09,186.76
O014026,C2490,2024-10-08,103.4
O014027,C2490,2025-01-20,13.02
O014028,C2490,2025-02-10,119.72
O014029,C2490,2025-03-10,11.45
O014030,C2490,2025-03-30,14.16
O014031,C2490,2025-08-05,38.08
O014032,C2491,2025-04-24,29.12
O014033,C2492,2024-02-27,175.62
O014034,C2492,2024-03-12,153.73
O014035,C2492,2024-06-26,41.77
O014036,C2492,2024-08-04,361.56
O014037,C2492,2024-09-07,252.68
O014038,C2492,2024-10-21,56.91
O014039,C2492,2024-11-09,62.48
O014040,C2492,2025-01-06,165.0
O014041,C2492,2025-04-13,55.81
O014042,C2492,2025-05-08,100.96
O014043,C2492,2025-11-15,23.91
O014044,C2492,2025-11-29,93.53
O014045,C2493,2024-08-11,82.23
O014046,C2493,2024-09-29,72.45
O014047,C2493,2024-10-23,126.08
O014048,C2493,2025-02-05,192.37
O014049,C2493,2025-03-23,62.02
O014050,C2493,2025-05-07,140.48
O014051,C2493,2025-05-27,220.71
O014052,C2493,2025-08-25,111.76
O014053,C2493,2025-10-29,173.56
O014054,C2493,2025-12-04,78.03
O014055,C2494,2025-08-03,60.63
O014056,C2495,2024-09-05,8.97
O014057,C2495,2024-09-20,416.73
O014058,C2495,2024-10-28,55.28
O014059,C2495,2024-12-07,76.79
O014060,C2495,2025-01-21,121.45
O014061,C2495,2025-04-15,91.31
O014062,C2495,2025-05-11,76.67
O014063,C2495,2025-07-13,116.66
O014064,C2495,2025-08-12,21.09
O014065,C2495,2025-09-05,307.78
O014066,C2495,2025-09-30,123.41
O014067,C2496,2024-01-18,23.22
O014068,C2496,2024-02-02,20.2
O014069,C2496,2024-07-19,23.08
O014070,C2496,2024-12-23,36.92
O014071,C2496,2025-06-16,36.03
O014072,C2496,2025-12-29,58.16
O014073,C2497,2025-06-25,20.79
O014074,C2497,2025-07-05,161.64
O014075,C2497,2025-08-24,137.09
O014076,C2498,2025-10-26,88.66
O014077,C2498,2025-12-15,105.04
O014078,C2499,2024-07-08,99.12
O014079,C2499,2024-07-17,218.26
O014080,C2499,2024-07-30,13.09
O014081,C2499,2024-09-21,183.12
O014082,C2499,2024-11-10,72.41
O014083,C2499,2024-11-29,95.22
O014084,C2499,2024-12-11,29.03
O014085,C2499,2025-01-04,322.78
O014086,C2499,2025-02-11,61.29
O014087,C2499,2025-03-10,296.72
O014088,C2499,2025-04-21,76.51
O014089,C2499,2025-05-21,222.3
O014090,C2499,2025-06-13,161.72
O014091,C2499,2025-09-20,305.94
O014092,C2499,2025-10-17,97.4
O014093,C2499,2025-11-17,82.1
O014094,C2499,2025-12-04,274.9
O014095,C2499,2025-12-24,224.98
O014096,C2500,2025-01-26,133.79
O014097,C2500,2025-05-18,54.49
O014098,C2500,2025-09-21,57.12
O014099,C2501,2025-01-04,31.68
O014100,C2501,2025-03-21,153.46
O014101,C2501,2025-07-12,60.79
O014102,C2502,2024-11-06,149.05
O014103,C2502,2024-11-19,91.99
O014104,C2502,2024-11-25,170.13
O014105,C2502,2024-12-10,204.17
O014106,C2502,2024-12-29,333.02
O014107,C2502,2025-01-13,121.53
O014108,C2502,2025-01-21,267.04
O014109,C2502,2025-01-28,166.55
O014110,C2502,2025-03-13,223.41
O014111,C2502,2025-03-22,93.33
O014112,C2502,2025-04-12,73.31
O014113,C2502,2025-06-24,38.27
O014114,C2502,2025-07-20,354.0
O014115,C2502,2025-08-29,78.24
O014116,C2502,2025-09-29,75.68
O014117,C2502,2025-10-05,291.01
O014118,C2502,2025-12-19,303.26
O014119,C2503,2025-06-18,61.48
O014120,C2503,2025-08-31,137.29
O014121,C2504,2025-03-08,142.9
O014122,C2504,2025-03-26,142.03
O014123,C2504,2025-04-24,167.98
O014124,C2504,2025-05-16,39.95
O014125,C2504,2025-06-12,310.73
O014126,C2504,2025-08-30,203.46
O014127,C2504,2025-10-16,185.04
O014128,C2504,2025-11-25,138.08
O014129,C2504,2025-12-01,220.46
O014130,C2504,2025-12-20,244.14
O014131,C2505,2024-05-28,271.06
O014132,C2505,2024-08-12,61.01
O014133,C2505,2024-09-13,56.93
O014134,C2505,2024-09-29,199.67
O014135,C2505,2024-10-18,11.58
O014136,C2505,2025-01-23,20.58
O014137,C2505,2025-03-12,187.62
O014138,C2505,2025-03-31,192.75
O014139,C2505,2025-05-05,31.75
O014140,C2505,2025-11-06,43.06
O014141,C2506,2025-07-02,121.62
O014142,C2506,2025-09-02,40.08
O014143,C2506,2025-11-27,66.92
O014144,C2506,2025-12-24,178.89
O014145,C2507,2025-09-26,12.53
O014146,C2508,2024-03-01,140.12
O014147,C2508,2024-12-26,25.82
O014148,C2508,2025-04-28,90.94
O014149,C2508,2025-05-16,42.76
O014150,C2509,2024-06-12,89.1
O014151,C2509,2024-07-09,237.81
O014152,C2509,2024-10-02,164.74
O014153,C2509,2024-10-30,66.83
O014154,C2509,2024-12-21,42.5
O014155,C2509,2025-02-04,66.06
O014156,C2509,2025-02-15,259.08
O014157,C2509,2025-03-10,118.2
O014158,C2509,2025-04-09,125.75
O014159,C2509,2025-06-13,105.78
O014160,C2509,2025-07-04,101.22
O014161,C2509,2025-08-07,145.07
O014162,C2509,2025-08-28,72.76
O014163,C2509,2025-09-03,268.62
O014164,C2509,2025-10-28,196.12
O014165,C2509,2025-11-14,57.24
O014166,C2509,2025-12-03,184.26
O014167,C2510,2024-12-03,165.36
O014168,C2510,2025-02-05,197.61
O014169,C2510,2025-03-23,275.08
O014170,C2510,2025-04-19,98.79
O014171,C2510,2025-05-06,250.77
O014172,C2510,2025-07-04,58.86
O014173,C2510,2025-08-24,34.91
O014174,C2510,2025-10-14,44.31
O014175,C2511,2025-05-01,204.2
O014176,C2511,2025-06-19,33.39
O014177,C2511,2025-08-09,203.75
O014178,C2511,2025-09-09,111.72
O014179,C2511,2025-10-26,394.17
O014180,C2511,2025-11-10,350.81
O014181,C2511,2025-12-12,140.37
O014182,C2512,2025-04-01,27.54
O014183,C2512,2025-06-24,80.94
O014184,C2512,2025-08-30,63.6
O014185,C2512,2025-12-03,46.41
O014186,C2513,2024-11-12,60.2
O014187,C2513,2024-12-24,70.2
O014188,C2513,2025-01-09,137.96
O014189,C2513,2025-03-14,60.39
O014190,C2513,2025-05-11,64.49
O014191,C2513,2025-06-23,152.1
O014192,C2513,2025-09-04,24.09
O014193,C2513,2025-09-19,103.66
O014194,C2513,2025-12-02,89.08
O014195,C2514,2024-07-05,41.84
O014196,C2514,2024-11-09,57.64
O014197,C2514,2025-02-08,23.66
O014198,C2514,2025-10-29,105.93
O014199,C2515,2024-03-16,36.54
O014200,C2515,2024-04-20,76.02
O014201,C2515,2024-06-09,309.91
O014202,C2515,2024-09-02,81.6
O014203,C2515,2024-10-27,84.66
O014204,C2515,2025-02-18,145.24
O014205,C2515,2025-03-09,103.58
O014206,C2515,2025-03-15,350.83
O014207,C2515,2025-06-08,105.27
O014208,C2515,2025-08-24,91.22
O014209,C2515,2025-10-06,162.49
O014210,C2515,2025-10-29,57.86
O014211,C2515,2025-12-14,163.7
O014212,C2516,2025-05-04,28.34
O014213,C2516,2025-05-13,483.77
O014214,C2516,2025-05-29,124.31
O014215,C2516,2025-06-08,63.9
O014216,C2516,2025-06-20,313.11
O014217,C2516,2025-06-26,69.77
O014218,C2516,2025-08-04,249.3
O014219,C2516,2025-09-02,172.12
O014220,C2516,2025-09-30,44.86
O014221,C2516,2025-10-22,153.28
O014222,C2516,2025-12-14,420.93
O014223,C2517,2025-09-05,107.75
O014224,C2517,2025-11-05,114.29
O014225,C2517,2025-11-18,113.93
O014226,C2518,2024-09-15,60.49
O014227,C2518,2024-10-06,51.69
O014228,C2518,2024-11-19,57.45
O014229,C2518,2024-12-17,215.84
O014230,C2518,2025-01-08,77.89
O014231,C2518,2025-02-20,35.49
O014232,C2518,2025-03-01,112.85
O014233,C2518,2025-04-03,92.25
O014234,C2518,2025-04-10,147.99
O014235,C2518,2025-05-15,178.15
O014236,C2518,2025-06-11,131.77
O014237,C2518,2025-06-18,249.44
O014238,C2518,2025-07-27,150.61
O014239,C2518,2025-09-01,63.0
O014240,C2518,2025-09-07,211.84
O014241,C2518,2025-09-21,158.32
O014242,C2518,2025-11-03,223.93
O014243,C2518,2025-12-07,16.92
O014244,C2518,2025-12-21,63.45
O014245,C2519,2025-07-30,117.92
O014246,C2519,2025-08-17,123.62
O014247,C2519,2025-12-20,187.61
O014248,C2519,2025-12-26,276.12
O014249,C2520,2024-04-19,211.57
O014250,C2520,2024-08-16,60.88
O014251,C2520,2024-11-11,22.68
O014252,C2520,2024-12-15,91.31
O014253,C2520,2025-03-30,52.32
O014254,C2520,2025-07-21,213.42
O014255,C2520,2025-10-11,128.76
O014256,C2520,2025-11-08,197.76
O014257,C2521,2025-07-26,68.8
O014258,C2522,2025-04-26,11.32
O014259,C2523,2024-07-03,43.88
O014260,C2523,2024-08-09,80.99
O014261,C2523,2024-09-16,125.95
O014262,C2523,2024-09-24,116.19
O014263,C2523,2024-12-23,18.03
O014264,C2523,2025-05-10,81.68
O014265,C2523,2025-08-04,79.98
O014266,C2523,2025-09-19,36.65
O014267,C2523,2025-10-30,43.25
O014268,C2523,2025-12-22,25.84
O014269,C2524,2025-11-14,13.74
O014270,C2525,2025-04-25,520.58
O014271,C2525,2025-05-02,60.05
O014272,C2525,2025-07-22,78.1
O014273,C2525,2025-08-20,85.34
O014274,C2525,2025-10-13,133.24
O014275,C2525,2025-11-02,40.34
O014276,C2525,2025-11-22,168.16
O014277,C2525,2025-12-04,176.52
O014278,C2526,2025-07-21,82.08
O014279,C2526,2025-10-26,313.33
O014280,C2526,2025-12-21,222.92
O014281,C2527,2024-09-20,93.12
O014282,C2527,2024-10-27,93.67
O014283,C2527,2024-12-13,81.9
O014284,C2527,2025-02-23,7.57
O014285,C2527,2025-03-22,62.44
O014286,C2527,2025-06-22,119.86
O014287,C2527,2025-09-21,175.56
O014288,C2527,2025-10-21,120.52
O014289,C2527,2025-12-24,41.84
O014290,C2528,2025-04-22,87.78
O014291,C2528,2025-06-16,39.66
O014292,C2528,2025-08-30,176.91
O014293,C2528,2025-10-10,91.7
O014294,C2529,2024-10-02,19.61
O014295,C2529,2025-01-24,58.9
O014296,C2529,2025-03-22,15.83
O014297,C2530,2024-05-11,65.33
O014298,C2530,2024-06-25,184.28
O014299,C2530,2024-07-14,207.54
O014300,C2530,2024-10-02,249.59
O014301,C2530,2025-01-05,82.02
O014302,C2530,2025-03-19,30.61
O014303,C2530,2025-06-06,22.45
O014304,C2530,2025-07-09,59.46
O014305,C2530,2025-08-20,240.57
O014306,C2530,2025-10-03,193.34
O014307,C2531,2025-06-25,160.1
O014308,C2531,2025-08-31,18.68
O014309,C2531,2025-10-18,21.75
O014310,C2531,2025-11-09,161.94
O014311,C2532,2024-01-05,137.65
O014312,C2532,2024-02-09,35.22
O014313,C2532,2024-02-25,13.95
O014314,C2532,2024-04-02,48.24
O014315,C2532,2024-07-05,121.17
O014316,C2532,2024-12-29,43.6
O014317,C2532,2025-01-25,23.1
O014318,C2532,2025-05-15,154.99
O014319,C2532,2025-06-27,156.08
O014320,C2532,2025-08-28,48.87
O014321,C2532,2025-10-02,13.42
O014322,C2532,2025-10-18,56.22
O014323,C2532,2025-12-05,275.71
O014324,C2533,2025-07-18,23.68
O014325,C2533,2025-09-16,130.11
O014326,C2533,2025-12-19,14.44
O014327,C2534,2024-05-23,51.84
O014328,C2534,2024-07-07,29.46
O014329,C2534,2024-08-08,206.14
O014330,C2534,2024-08-15,37.77
O014331,C2534,2024-11-20,104.94
O014332,C2534,2024-12-24,91.96
O014333,C2534,2025-02-06,60.83
O014334,C2534,2025-04-03,106.37
O014335,C2535,2024-06-28,134.5
O014336,C2535,2024-12-22,89.57
O014337,C2535,2025-03-13,283.21
O014338,C2536,2025-11-02,180.58
O014339,C2537,2024-10-09,171.34
O014340,C2537,2024-11-26,60.57
O014341,C2537,2024-12-15,22.39
O014342,C2537,2025-01-07,88.42
O014343,C2537,2025-02-04,91.52
O014344,C2537,2025-03-07,60.46
O014345,C2537,2025-03-13,80.8
O014346,C2537,2025-04-11,113.8
O014347,C2537,2025-05-02,30.07
O014348,C2537,2025-06-24,109.39
O014349,C2537,2025-07-25,134.84
O014350,C2537,2025-08-04,191.23
O014351,C2537,2025-08-15,49.54
O014352,C2537,2025-10-21,25.72
O014353,C2537,2025-11-12,54.93
O014354,C2537,2025-11-18,73.7
O014355,C2537,2025-12-01,222.02
O014356,C2537,2025-12-13,122.42
O014357,C2537,2025-12-28,30.92
O014358,C2538,2025-07-20,50.63
O014359,C2538,2025-08-07,6.38
O014360,C2538,2025-10-12,69.39
O014361,C2539,2024-02-23,25.81
O014362,C2539,2024-03-23,68.08
O014363,C2539,2024-05-03,86.51
O014364,C2539,2024-07-09,217.1
O014365,C2539,2024-12-16,24.22
O014366,C2539,2025-11-09,50.31
O014367,C2540,2024-03-13,49.86
O014368,C2540,2024-11-07,36.15
O014369,C2541,2024-06-27,18.17
O014370,C2541,2024-10-10,88.67
O014371,C2541,2025-01-13,76.6
O014372,C2541,2025-03-25,59.96
O014373,C2541,2025-05-29,142.6
O014374,C2541,2025-06-22,71.36
O014375,C2541,2025-09-19,114.75
O014376,C2541,2025-12-27,15.15
O014377,C2542,2025-02-16,22.21
O014378,C2543,2024-03-06,166.14
O014379,C2543,2024-04-11,58.19
O014380,C2543,2024-08-24,120.03
O014381,C2543,2024-11-18,43.38
O014382,C2543,2025-03-09,87.48
O014383,C2544,2024-10-19,71.05
O014384,C2544,2025-01-17,73.38
O014385,C2544,2025-07-05,59.97
O014386,C2544,2025-10-02,168.74
O014387,C2544,2025-12-30,62.16
O014388,C2545,2024-09-25,66.18
O014389,C2545,2024-10-24,106.66
O014390,C2545,2024-12-05,19.52
O014391,C2545,2025-01-30,129.55
O014392,C2545,2025-04-03,268.93
O014393,C2545,2025-06-03,193.72
O014394,C2545,2025-06-11,151.48
O014395,C2545,2025-07-12,127.81
O014396,C2546,2024-03-27,153.45
O014397,C2546,2024-07-05,216.23
O014398,C2546,2024-10-03,103.47
O014399,C2546,2024-10-17,307.37
O014400,C2546,2024-10-31,40.12
O014401,C2546,2024-12-28,153.53
O014402,C2546,2025-04-23,204.41
O014403,C2546,2025-06-01,34.12
O014404,C2546,2025-07-23,182.19
O014405,C2546,2025-08-04,54.88
O014406,C2546,2025-08-30,122.23
O014407,C2546,2025-09-16,52.53
O014408,C2546,2025-12-29,26.76
O014409,C2547,2024-02-04,212.61
O014410,C2547,2024-03-02,90.58
O014411,C2547,2024-05-29,200.42
O014412,C2547,2024-06-15,84.96
O014413,C2547,2024-08-19,123.17
O014414,C2548,2024-05-06,173.37
O014415,C2548,2024-06-14,456.06
O014416,C2548,2024-06-27,273.12
O014417,C2548,2024-07-25,181.92
O014418,C2548,2024-08-12,280.24
O014419,C2548,2024-09-11,346.36
O014420,C2548,2024-09-18,156.43
O014421,C2548,2024-09-30,266.16
O014422,C2548,2024-10-08,72.09
O014423,C2548,2024-11-20,143.7
O014424,C2548,2024-11-26,486.96
O014425,C2548,2024-12-23,273.39
O014426,C2548,2025-01-23,28.85
O014427,C2548,2025-03-11,222.0
O014428,C2548,2025-03-29,220.78
O014429,C2548,2025-04-20,245.32
O014430,C2548,2025-05-04,63.58
O014431,C2548,2025-06-08,130.52
O014432,C2548,2025-06-23,30.76
O014433,C2548,2025-07-03,343.27
O014434,C2548,2025-08-14,181.68
O014435,C2548,2025-09-11,295.4
O014436,C2548,2025-10-21,187.96
O014437,C2548,2025-12-24,310.78
O014438,C2548,2025-12-30,315.39
O014439,C2549,2024-03-29,69.52
O014440,C2549,2024-04-16,78.64
O014441,C2549,2024-05-16,270.53
O014442,C2549,2024-07-05,152.17
O014443,C2549,2024-08-14,88.7
O014444,C2549,2024-12-02,104.68
O014445,C2550,2025-10-24,67.33
O014446,C2550,2025-12-12,13.44
O014447,C2551,2025-05-26,206.54
O014448,C2551,2025-07-12,73.69
O014449,C2551,2025-10-05,34.73
O014450,C2551,2025-11-03,133.88
O014451,C2551,2025-11-19,48.71
O014452,C2551,2025-12-11,42.02
O014453,C2552,2024-12-14,59.99
O014454,C2552,2025-03-03,110.95
O014455,C2552,2025-03-20,11.33
O014456,C2552,2025-06-03,31.56
O014457,C2552,2025-06-25,271.04
O014458,C2552,2025-07-27,52.87
O014459,C2552,2025-09-19,62.29
O014460,C2553,2025-02-26,22.54
O014461,C2553,2025-05-02,30.3
O014462,C2554,2025-02-23,226.88
O014463,C2554,2025-03-08,62.67
O014464,C2554,2025-04-08,90.05
O014465,C2554,2025-04-19,63.72
O014466,C2554,2025-07-12,66.94
O014467,C2554,2025-08-09,44.76
O014468,C2554,2025-08-23,113.04
O014469,C2554,2025-09-11,122.57
O014470,C2554,2025-09-24,197.64
O014471,C2554,2025-10-31,38.79
O014472,C2554,2025-12-06,119.54
O014473,C2555,2025-05-19,35.02
O014474,C2555,2025-07-09,34.66
O014475,C2556,2024-04-23,81.3
O014476,C2556,2024-08-17,142.83
O014477,C2557,2025-07-28,55.32
O014478,C2557,2025-09-26,22.03
O014479,C2557,2025-12-14,66.46
O014480,C2558,2024-09-19,323.91
O014481,C2558,2025-03-01,89.53
O014482,C2558,2025-05-19,23.11
O014483,C2558,2025-05-27,114.08
O014484,C2558,2025-06-02,153.14
O014485,C2558,2025-07-17,145.65
O014486,C2558,2025-09-02,57.52
O014487,C2558,2025-12-18,42.65
O014488,C2559,2024-11-03,40.62
O014489,C2559,2025-01-22,543.43
O014490,C2559,2025-03-26,58.56
O014491,C2559,2025-05-20,137.77
O014492,C2560,2025-03-16,86.91
O014493,C2560,2025-04-28,25.32
O014494,C2560,2025-06-07,51.96
O014495,C2560,2025-07-07,29.69
O014496,C2560,2025-09-15,25.21
O014497,C2560,2025-12-09,67.39
O014498,C2561,2024-10-14,110.04
O014499,C2561,2024-11-27,163.57
O014500,C2561,2025-01-07,13.84
O014501,C2561,2025-02-01,97.26
O014502,C2561,2025-03-01,51.52
O014503,C2561,2025-04-15,238.1
O014504,C2561,2025-06-21,56.36
O014505,C2561,2025-10-11,206.86
O014506,C2561,2025-11-06,27.37
O014507,C2562,2024-06-09,122.66
O014508,C2562,2024-09-18,91.25
O014509,C2562,2024-12-02,76.66
O014510,C2562,2024-12-14,95.08
O014511,C2562,2025-06-16,47.72
O014512,C2562,2025-09-02,18.65
O014513,C2562,2025-11-22,52.77
O014514,C2562,2025-12-27,173.47
O014515,C2563,2025-07-06,34.26
O014516,C2563,2025-09-23,103.96
O014517,C2564,2024-04-26,118.85
O014518,C2565,2024-02-29,23.07
O014519,C2566,2024-08-07,284.39
O014520,C2566,2024-08-19,12.91
O014521,C2566,2024-12-11,169.04
O014522,C2566,2025-01-03,49.64
O014523,C2566,2025-02-18,40.61
O014524,C2566,2025-04-14,49.27
O014525,C2566,2025-06-23,21.37
O014526,C2566,2025-07-22,90.27
O014527,C2566,2025-09-15,32.61
O014528,C2567,2025-03-08,287.21
O014529,C2567,2025-03-20,159.7
O014530,C2567,2025-04-25,47.6
O014531,C2567,2025-05-31,196.94
O014532,C2567,2025-07-09,374.65
O014533,C2567,2025-08-04,186.17
O014534,C2567,2025-10-01,216.33
O014535,C2567,2025-10-23,412.22
O014536,C2567,2025-11-03,357.0
O014537,C2567,2025-11-25,374.06
O014538,C2567,2025-12-01,132.13
O014539,C2568,2024-07-10,33.32
O014540,C2568,2024-09-11,99.39
O014541,C2568,2024-10-23,155.63
O014542,C2568,2025-01-01,37.54
O014543,C2569,2024-11-27,289.3
O014544,C2569,2024-12-13,309.54
O014545,C2569,2025-01-01,196.5
O014546,C2569,2025-01-11,221.95
O014547,C2569,2025-01-30,211.04
O014548,C2569,2025-03-05,188.74
O014549,C2569,2025-04-10,252.22
O014550,C2569,2025-05-02,178.64
O014551,C2569,2025-05-22,265.54
O014552,C2569,2025-06-04,446.57
O014553,C2569,2025-06-29,151.09
O014554,C2569,2025-08-01,276.45
O014555,C2569,2025-08-16,198.06
O014556,C2569,2025-08-30,248.54
O014557,C2569,2025-09-24,29.37
O014558,C2569,2025-10-30,16.54
O014559,C2569,2025-11-18,190.85
O014560,C2569,2025-11-26,154.36
O014561,C2569,2025-12-08,173.86
O014562,C2570,2025-07-09,89.2
O014563,C2570,2025-09-06,33.44
O014564,C2570,2025-10-26,36.83
O014565,C2571,2024-11-24,31.51
O014566,C2571,2024-12-21,87.29
O014567,C2571,2025-01-23,25.15
O014568,C2571,2025-02-25,21.44
O014569,C2571,2025-04-08,34.03
O014570,C2571,2025-07-09,273.45
O014571,C2571,2025-12-15,7.63
O014572,C2573,2024-07-21,77.43
O014573,C2573,2024-12-08,253.94
O014574,C2573,2025-01-01,83.92
O014575,C2573,2025-02-25,58.6
O014576,C2573,2025-05-22,44.68
O014577,C2573,2025-07-27,68.19
O014578,C2573,2025-09-12,125.42
O014579,C2573,2025-11-15,148.88
O014580,C2574,2024-09-24,37.92
O014581,C2574,2024-10-21,130.01
O014582,C2574,2024-12-07,81.17
O014583,C2574,2025-03-07,170.22
O014584,C2574,2025-04-10,65.56
O014585,C2574,2025-04-25,83.98
O014586,C2574,2025-08-05,169.78
O014587,C2574,2025-09-29,84.95
O014588,C2574,2025-12-08,119.74
O014589,C2575,2025-08-07,27.66
O014590,C2575,2025-12-10,138.74
O014591,C2576,2024-12-06,238.79
O014592,C2576,2025-01-23,72.92
O014593,C2576,2025-03-01,124.65
O014594,C2576,2025-05-29,49.4
O014595,C2576,2025-10-03,22.49
O014596,C2577,2024-08-19,161.25
O014597,C2577,2024-10-10,10.12
O014598,C2577,2024-12-17,88.99
O014599,C2578,2025-06-27,12.95
O014600,C2578,2025-09-22,15.15
O014601,C2580,2024-12-05,164.31
O014602,C2580,2024-12-24,20.45
O014603,C2580,2025-03-07,91.11
O014604,C2580,2025-07-06,227.62
O014605,C2580,2025-08-22,119.14
O014606,C2580,2025-09-22,37.63
O014607,C2580,2025-09-28,23.61
O014608,C2580,2025-11-21,38.92
O014609,C2580,2025-12-21,210.12
O014610,C2581,2024-03-03,39.61
O014611,C2581,2024-07-17,25.44
O014612,C2581,2024-08-14,70.86
O014613,C2581,2024-09-23,123.59
O014614,C2582,2024-11-01,92.88
O014615,C2582,2024-11-25,15.36
O014616,C2582,2025-01-09,115.16
O014617,C2582,2025-03-10,213.92
O014618,C2582,2025-04-01,154.86
O014619,C2582,2025-05-04,73.1
O014620,C2582,2025-07-10,101.89
O014621,C2582,2025-09-29,49.12
O014622,C2582,2025-11-16,130.93
O014623,C2583,2025-11-28,115.35
O014624,C2584,2025-06-19,133.38
O014625,C2584,2025-09-26,20.33
O014626,C2584,2025-11-05,52.22
O014627,C2585,2024-05-24,107.92
O014628,C2585,2024-07-08,57.07
O014629,C2585,2024-08-14,25.81
O014630,C2585,2024-10-27,46.84
O014631,C2585,2024-11-18,53.47
O014632,C2585,2024-12-06,134.93
O014633,C2585,2025-01-17,99.85
O014634,C2585,2025-02-02,56.51
O014635,C2585,2025-02-20,17.18
O014636,C2585,2025-03-15,69.61
O014637,C2585,2025-04-11,143.48
O014638,C2585,2025-05-11,62.85
O014639,C2585,2025-06-02,80.28
O014640,C2585,2025-07-13,311.58
O014641,C2585,2025-10-07,37.73
O014642,C2585,2025-10-23,76.55
O014643,C2585,2025-10-31,18.27
O014644,C2585,2025-12-05,46.19
O014645,C2586,2024-08-23,45.09
O014646,C2586,2024-09-13,13.99
O014647,C2586,2024-10-19,126.12
O014648,C2586,2024-12-19,32.07
O014649,C2586,2024-12-29,66.32
O014650,C2586,2025-06-07,36.56
O014651,C2586,2025-07-21,27.12
O014652,C2586,2025-10-08,215.05
O014653,C2586,2025-12-15,64.7
O014654,C2587,2025-07-03,335.65
O014655,C2587,2025-07-29,133.39
O014656,C2587,2025-08-23,33.09
O014657,C2587,2025-09-18,29.53
O014658,C2587,2025-09-25,326.2
O014659,C2587,2025-10-31,195.72
O014660,C2587,2025-12-14,62.88
O014661,C2587,2025-12-30,139.67
O014662,C2588,2025-03-15,94.98
O014663,C2588,2025-04-12,59.39
O014664,C2588,2025-06-09,101.7
O014665,C2588,2025-07-04,129.68
O014666,C2588,2025-10-04,105.17
O014667,C2588,2025-10-29,22.65
O014668,C2588,2025-11-30,69.55
O014669,C2588,2025-12-06,155.26
O014670,C2589,2025-10-10,225.7
O014671,C2590,2024-06-26,15.01
O014672,C2590,2024-08-14,78.63
O014673,C2590,2024-09-04,13.29
O014674,C2590,2024-11-14,90.34
O014675,C2591,2025-10-16,116.6
O014676,C2591,2025-12-22,76.08
O014677,C2592,2024-11-17,253.91
O014678,C2592,2024-12-13,80.36
O014679,C2592,2025-01-31,185.79
O014680,C2592,2025-02-10,8.43
O014681,C2592,2025-03-15,174.64
O014682,C2592,2025-04-23,432.14
O014683,C2592,2025-05-24,44.71
O014684,C2592,2025-06-27,55.29
O014685,C2592,2025-07-03,182.55
O014686,C2592,2025-08-31,336.86
O014687,C2592,2025-09-29,284.22
O014688,C2592,2025-11-05,128.85
O014689,C2592,2025-11-20,435.21
O014690,C2592,2025-12-14,173.01
O014691,C2593,2024-11-14,68.14
O014692,C2593,2025-02-20,163.15
O014693,C2593,2025-05-15,22.84
O014694,C2593,2025-06-17,12.75
O014695,C2594,2025-06-09,292.53
O014696,C2594,2025-08-08,92.39
O014697,C2594,2025-08-25,50.92
O014698,C2594,2025-10-20,21.75
O014699,C2594,2025-11-11,68.38
O014700,C2595,2024-09-21,46.23
O014701,C2595,2025-03-12,11.4
O014702,C2595,2025-06-06,101.01
O014703,C2595,2025-12-02,39.22
O014704,C2596,2024-12-22,107.26
O014705,C2596,2025-02-07,266.85
O014706,C2596,2025-03-20,48.06
O014707,C2597,2024-01-30,7.29
O014708,C2597,2024-08-14,15.15
O014709,C2597,2024-10-06,12.0
O014710,C2598,2025-02-08,97.48
O014711,C2598,2025-06-10,67.49
O014712,C2599,2024-11-13,217.06
O014713,C2600,2025-04-29,59.4
O014714,C2600,2025-10-23,8.02
O014715,C2600,2025-12-24,17.27
O014716,C2601,2024-07-19,122.71
O014717,C2601,2024-10-05,12.25
O014718,C2601,2025-01-25,15.18
O014719,C2601,2025-04-04,13.66
O014720,C2601,2025-07-25,79.92
O014721,C2601,2025-09-12,9.88
O014722,C2602,2025-06-14,104.13
O014723,C2602,2025-06-23,13.76
O014724,C2602,2025-11-17,43.8
O014725,C2602,2025-12-26,135.15
O014726,C2603,2025-09-11,109.08
O014727,C2603,2025-11-06,112.78
O014728,C2603,2025-12-21,62.11
O014729,C2604,2024-05-06,321.44
O014730,C2604,2024-10-03,224.9
O014731,C2604,2025-04-19,47.99
O014732,C2604,2025-06-05,55.88
O014733,C2604,2025-06-13,64.74
O014734,C2605,2024-04-07,68.4
O014735,C2605,2024-07-22,64.8
O014736,C2605,2024-10-13,12.48
O014737,C2605,2024-11-07,22.82
O014738,C2606,2024-05-11,36.45
O014739,C2606,2024-08-31,50.38
O014740,C2606,2025-03-03,229.41
O014741,C2606,2025-09-17,123.5
O014742,C2606,2025-12-31,168.62
O014743,C2607,2024-06-25,6.95
O014744,C2607,2024-10-04,52.13
O014745,C2607,2024-11-27,49.52
O014746,C2607,2025-01-01,55.5
O014747,C2608,2024-11-15,78.25
O014748,C2610,2025-07-26,181.78
O014749,C2610,2025-10-05,13.76
O014750,C2610,2025-10-30,58.8
O014751,C2611,2025-01-25,117.98
O014752,C2611,2025-04-04,174.15
O014753,C2611,2025-04-25,115.98
O014754,C2611,2025-05-14,76.33
O014755,C2611,2025-05-25,182.35
O014756,C2611,2025-06-20,136.61
O014757,C2611,2025-07-28,179.46
O014758,C2611,2025-08-05,99.12
O014759,C2611,2025-09-27,107.74
O014760,C2611,2025-10-24,255.32
O014761,C2612,2024-10-02,250.63
O014762,C2612,2024-10-14,173.57
O014763,C2612,2024-11-23,258.99
O014764,C2612,2024-12-19,186.07
O014765,C2612,2025-01-21,146.78
O014766,C2612,2025-02-04,155.47
O014767,C2612,2025-03-02,109.05
O014768,C2612,2025-04-06,163.05
O014769,C2612,2025-04-23,16.05
O014770,C2612,2025-05-09,170.37
O014771,C2612,2025-08-11,281.65
O014772,C2612,2025-10-14,168.05
O014773,C2612,2025-11-18,127.71
O014774,C2612,2025-12-23,205.57
O014775,C2613,2024-12-26,59.43
O014776,C2613,2025-01-26,45.82
O014777,C2613,2025-02-18,26.44
O014778,C2613,2025-07-05,62.85
O014779,C2613,2025-08-09,11.18
O014780,C2613,2025-12-15,89.08
O014781,C2614,2024-07-19,79.7
O014782,C2614,2024-10-06,235.83
O014783,C2614,2024-12-03,77.42
O014784,C2614,2024-12-23,79.49
O014785,C2614,2025-02-18,410.07
O014786,C2614,2025-02-24,336.49
O014787,C2614,2025-04-03,230.79
O014788,C2614,2025-04-30,246.09
O014789,C2614,2025-05-27,122.89
O014790,C2614,2025-06-02,83.05
O014791,C2614,2025-07-13,41.56
O014792,C2614,2025-09-01,63.69
O014793,C2614,2025-09-13,194.21
O014794,C2614,2025-09-24,49.56
O014795,C2614,2025-09-30,177.86
O014796,C2614,2025-10-10,185.82
O014797,C2614,2025-11-06,191.62
O014798,C2614,2025-12-12,72.31
O014799,C2615,2024-05-23,24.27
O014800,C2615,2024-06-22,220.08
O014801,C2615,2024-09-22,100.32
O014802,C2615,2024-10-24,165.62
O014803,C2615,2025-01-19,10.81
O014804,C2615,2025-03-31,73.98
O014805,C2615,2025-04-13,85.01
O014806,C2615,2025-06-08,16.82
O014807,C2615,2025-06-17,26.24
O014808,C2615,2025-10-14,55.81
O014809,C2615,2025-10-30,53.15
O014810,C2615,2025-12-09,172.29
O014811,C2616,2024-10-24,194.23
O014812,C2616,2024-11-12,251.7
O014813,C2616,2024-12-10,164.24
O014814,C2616,2024-12-16,102.73
O014815,C2616,2025-01-06,475.43
O014816,C2616,2025-01-25,51.24
O014817,C2616,2025-02-02,103.14
O014818,C2616,2025-04-02,168.07
O014819,C2616,2025-05-17,125.2
O014820,C2616,2025-06-06,203.97
O014821,C2616,2025-06-22,171.6
O014822,C2616,2025-07-08,153.25
O014823,C2616,2025-07-21,147.13
O014824,C2616,2025-08-14,71.96
O014825,C2616,2025-08-31,84.73
O014826,C2616,2025-10-10,118.7
O014827,C2616,2025-11-17,207.24
O014828,C2616,2025-11-27,162.0
O014829,C2616,2025-12-03,82.42
O014830,C2616,2025-12-10,126.57
O014831,C2617,2025-05-11,125.34
O014832,C2617,2025-06-12,191.57
O014833,C2617,2025-12-16,126.49
O014834,C2618,2024-02-07,95.08
O014835,C2618,2024-04-06,7.3
O014836,C2618,2024-05-22,77.78
O014837,C2618,2024-07-02,216.25
O014838,C2618,2024-07-30,73.62
O014839,C2619,2024-03-30,108.82
O014840,C2619,2024-07-01,32.76
O014841,C2619,2025-04-17,83.49
O014842,C2619,2025-06-22,135.1
O014843,C2619,2025-11-01,43.14
O014844,C2620,2024-04-13,20.18
O014845,C2620,2024-07-31,49.18
O014846,C2620,2024-09-28,21.35
O014847,C2621,2024-05-08,168.31
O014848,C2621,2024-07-17,89.32
O014849,C2621,2024-08-10,73.87
O014850,C2621,2024-10-13,68.55
O014851,C2622,2024-03-30,228.7
O014852,C2622,2024-04-26,57.47
O014853,C2622,2024-05-15,65.32
O014854,C2622,2024-06-14,184.91
O014855,C2622,2024-07-03,155.04
O014856,C2622,2024-07-21,113.07
O014857,C2622,2024-09-02,151.26
O014858,C2622,2024-11-04,194.13
O014859,C2622,2024-11-25,36.99
O014860,C2622,2024-12-21,116.29
O014861,C2623,2024-03-30,156.27
O014862,C2623,2025-01-27,120.09
O014863,C2623,2025-05-08,15.14
O014864,C2623,2025-09-13,229.26
O014865,C2624,2024-02-04,19.69
O014866,C2624,2024-03-04,25.96
O014867,C2624,2024-08-20,80.7
O014868,C2624,2024-12-16,33.02
O014869,C2624,2025-02-23,123.75
O014870,C2624,2025-05-11,55.37
O014871,C2624,2025-11-10,21.78
O014872,C2625,2024-08-09,165.8
O014873,C2626,2025-02-25,45.46
O014874,C2626,2025-04-22,59.29
O014875,C2626,2025-09-18,194.41
O014876,C2627,2024-04-10,168.36
O014877,C2627,2024-05-11,70.0
O014878,C2627,2024-06-05,143.46
O014879,C2627,2024-08-15,92.99
O014880,C2627,2024-10-04,24.35
O014881,C2627,2025-02-28,197.33
O014882,C2627,2025-03-16,118.55
O014883,C2627,2025-06-06,160.34
O014884,C2627,2025-07-05,58.72
O014885,C2627,2025-08-28,59.66
O014886,C2627,2025-11-11,79.65
O014887,C2628,2025-08-22,48.06
O014888,C2628,2025-11-06,150.04
O014889,C2628,2025-12-04,127.5
O014890,C2629,2025-06-27,197.73
O014891,C2629,2025-08-03,156.71
O014892,C2629,2025-10-14,242.42
O014893,C2629,2025-11-11,81.8
O014894,C2629,2025-11-18,119.55
O014895,C2630,2024-04-18,54.89
O014896,C2630,2024-06-20,91.19
O014897,C2630,2024-08-15,33.55
O014898,C2631,2025-07-13,13.2
O014899,C2631,2025-10-06,61.77
O014900,C2631,2025-12-11,127.23
O014901,C2632,2024-10-16,118.37
O014902,C2632,2024-12-23,41.85
O014903,C2632,2025-01-12,45.37
O014904,C2632,2025-02-24,39.27
O014905,C2632,2025-03-13,111.22
O014906,C2632,2025-04-01,60.18
O014907,C2632,2025-04-28,103.52
O014908,C2632,2025-05-26,14.78
O014909,C2632,2025-07-31,14.63
O014910,C2632,2025-09-29,113.85
O014911,C2634,2024-07-02,77.85
O014912,C2634,2024-07-24,69.58
O014913,C2634,2024-08-15,71.5
O014914,C2634,2024-08-30,24.35
O014915,C2634,2024-09-29,16.77
O014916,C2634,2024-10-10,17.06
O014917,C2634,2024-11-02,79.14
O014918,C2634,2024-11-29,70.54
O014919,C2634,2024-12-09,124.07
O014920,C2634,2024-12-25,91.99
O014921,C2634,2025-02-03,153.65
O014922,C2634,2025-02-17,19.47
O014923,C2634,2025-05-09,72.6
O014924,C2634,2025-06-18,150.5
O014925,C2634,2025-07-27,63.12
O014926,C2634,2025-08-02,120.94
O014927,C2634,2025-08-30,44.96
O014928,C2634,2025-10-09,34.14
O014929,C2634,2025-11-28,110.23
O014930,C2635,2024-07-15,75.4
O014931,C2636,2024-09-23,18.84
O014932,C2636,2024-11-27,68.57
O014933,C2636,2025-05-22,58.96
O014934,C2636,2025-09-22,19.51
O014935,C2637,2024-03-11,190.56
O014936,C2637,2024-03-30,164.44
O014937,C2637,2024-05-07,178.62
O014938,C2637,2024-05-19,105.61
O014939,C2637,2024-06-12,133.48
O014940,C2637,2024-07-15,213.3
O014941,C2637,2024-08-12,123.38
O014942,C2637,2024-09-20,59.5
O014943,C2638,2024-07-09,134.04
O014944,C2638,2024-08-05,30.37
O014945,C2638,2024-09-25,97.08
O014946,C2638,2024-10-10,282.29
O014947,C2638,2024-11-13,39.1
O014948,C2638,2024-12-12,291.19
O014949,C2638,2024-12-18,130.47
O014950,C2638,2025-01-05,237.31
O014951,C2638,2025-02-08,122.0
O014952,C2638,2025-03-24,368.82
O014953,C2638,2025-04-02,48.81
O014954,C2638,2025-05-01,168.42
O014955,C2638,2025-05-07,8.24
O014956,C2638,2025-06-01,52.42
O014957,C2638,2025-07-06,319.5
O014958,C2638,2025-08-22,173.84
O014959,C2638,2025-09-25,161.12
O014960,C2638,2025-10-22,364.88
O014961,C2638,2025-11-27,143.89
O014962,C2638,2025-12-10,170.04
O014963,C2638,2025-12-19,15.09
O014964,C2639,2025-05-05,20.86
O014965,C2640,2024-01-13,211.06
O014966,C2640,2024-03-22,49.69
O014967,C2640,2024-04-09,86.56
O014968,C2640,2024-07-04,70.75
O014969,C2640,2024-09-25,50.02
O014970,C2640,2024-11-05,242.32
O014971,C2640,2024-12-28,202.16
O014972,C2640,2025-05-10,131.28
O014973,C2640,2025-07-05,73.32
O014974,C2640,2025-07-28,101.67
O014975,C2640,2025-09-08,430.02
O014976,C2640,2025-10-08,28.44
O014977,C2640,2025-11-26,34.19
O014978,C2641,2025-09-18,53.53
O014979,C2641,2025-11-10,37.61
O014980,C2641,2025-12-02,27.24
O014981,C2642,2025-01-30,54.57
O014982,C2642,2025-03-17,113.53
O014983,C2642,2025-04-17,49.85
O014984,C2643,2024-03-26,32.58
O014985,C2643,2024-09-13,206.31
O014986,C2643,2024-10-17,120.67
O014987,C2644,2024-03-09,205.52
O014988,C2645,2024-12-05,87.59
O014989,C2645,2024-12-21,70.35
O014990,C2645,2025-01-25,119.85
O014991,C2645,2025-02-27,26.03
O014992,C2645,2025-04-11,132.03
O014993,C2645,2025-06-06,55.89
O014994,C2646,2025-07-13,135.0
O014995,C2646,2025-10-26,348.5
O014996,C2647,2025-06-29,23.62
O014997,C2647,2025-07-05,290.48
O014998,C2647,2025-08-19,115.54
O014999,C2647,2025-09-22,60.32
O015000,C2647,2025-10-19,30.93
O015001,C2647,2025-11-15,175.75
O015002,C2647,2025-11-30,197.33
O015003,C2647,2025-12-28,151.66
O015004,C2648,2024-05-04,28.65
O015005,C2648,2024-07-02,232.49
O015006,C2648,2024-11-07,95.8
O015007,C2648,2024-12-07,19.04
O015008,C2648,2025-02-19,135.97
O015009,C2648,2025-02-27,81.7
O015010,C2648,2025-05-16,54.3
O015011,C2648,2025-09-03,102.86
O015012,C2648,2025-12-06,105.77
O015013,C2649,2024-04-08,83.6
O015014,C2649,2024-05-21,15.78
O015015,C2649,2024-07-24,38.87
O015016,C2649,2024-11-23,121.85
O015017,C2649,2025-01-17,121.07
O015018,C2649,2025-02-05,54.71
O015019,C2649,2025-03-10,57.42
O015020,C2649,2025-04-17,80.65
O015021,C2649,2025-06-08,166.93
O015022,C2649,2025-07-06,86.89
O015023,C2649,2025-07-14,111.15
O015024,C2649,2025-08-15,160.75
O015025,C2649,2025-09-24,47.19
O015026,C2649,2025-12-10,27.66
O015027,C2650,2024-07-28,219.23
O015028,C2650,2025-02-07,12.91
O015029,C2650,2025-03-02,18.11
O015030,C2650,2025-05-21,56.67
O015031,C2650,2025-07-30,79.26
O015032,C2651,2024-07-21,44.0
O015033,C2651,2024-09-07,66.07
O015034,C2651,2024-10-30,117.82
O015035,C2652,2024-04-04,30.18
O015036,C2652,2024-05-02,185.82
O015037,C2652,2024-09-10,63.63
O015038,C2652,2024-12-07,225.96
O015039,C2652,2025-07-19,230.46
O015040,C2653,2025-01-25,38.25
O015041,C2653,2025-06-10,23.43
O015042,C2653,2025-10-25,46.62
O015043,C2653,2025-12-06,169.82
O015044,C2654,2024-07-22,159.76
O015045,C2654,2024-09-02,210.38
O015046,C2654,2024-09-28,7.85
O015047,C2654,2024-10-24,31.13
O015048,C2654,2025-03-05,16.79
O015049,C2654,2025-04-15,120.31
O015050,C2654,2025-05-19,109.76
O015051,C2654,2025-06-14,230.53
O015052,C2654,2025-08-15,77.19
O015053,C2654,2025-10-09,67.31
O015054,C2655,2024-10-25,132.47
O015055,C2655,2024-11-29,227.87
O015056,C2655,2025-01-10,111.29
O015057,C2655,2025-05-24,59.54
O015058,C2655,2025-07-21,78.93
O015059,C2655,2025-08-11,34.1
O015060,C2655,2025-09-26,39.05
O015061,C2655,2025-11-24,47.5
O015062,C2655,2025-12-21,112.06
O015063,C2656,2024-05-26,62.6
O015064,C2656,2024-08-07,79.54
O015065,C2656,2024-10-24,15.02
O015066,C2656,2025-01-18,70.93
O015067,C2656,2025-02-05,21.25
O015068,C2656,2025-04-16,40.74
O015069,C2656,2025-10-15,151.03
O015070,C2657,2024-02-28,33.53
O015071,C2657,2024-03-07,103.56
O015072,C2657,2024-03-30,172.04
O015073,C2657,2024-06-19,187.37
O015074,C2657,2024-08-11,194.75
O015075,C2657,2024-09-10,107.41
O015076,C2657,2024-10-08,340.09
O015077,C2657,2024-10-21,81.08
O015078,C2657,2024-12-03,90.19
O015079,C2657,2024-12-25,141.89
O015080,C2658,2024-02-28,93.87
O015081,C2658,2024-05-01,118.31
O015082,C2658,2024-08-26,61.46
O015083,C2658,2025-02-15,106.51
O015084,C2658,2025-08-11,64.92
O015085,C2659,2024-02-20,261.22
O015086,C2659,2024-03-22,91.78
O015087,C2659,2024-04-23,7.13
O015088,C2659,2024-05-20,100.34
O015089,C2659,2024-06-11,31.84
O015090,C2659,2024-08-23,99.17
O015091,C2659,2024-10-04,86.86
O015092,C2659,2024-12-08,39.86
O015093,C2659,2025-07-16,79.28
O015094,C2659,2025-08-12,109.76
O015095,C2659,2025-10-14,11.81
O015096,C2659,2025-12-05,46.99
O015097,C2661,2024-05-30,247.33
O015098,C2661,2024-07-10,334.41
O015099,C2661,2024-09-19,1252.11
O015100,C2661,2024-10-18,54.68
O015101,C2661,2025-01-07,376.9
O015102,C2661,2025-01-13,99.51
O015103,C2661,2025-01-31,326.76
O015104,C2661,2025-02-16,287.27
O015105,C2661,2025-03-21,283.26
O015106,C2661,2025-04-06,468.49
O015107,C2661,2025-04-27,443.82
O015108,C2661,2025-05-11,262.85
O015109,C2661,2025-05-28,285.66
O015110,C2661,2025-06-03,274.23
O015111,C2661,2025-06-13,185.65
O015112,C2661,2025-06-26,287.97
O015113,C2661,2025-07-12,320.6
O015114,C2661,2025-07-19,207.95
O015115,C2661,2025-08-12,112.15
O015116,C2661,2025-08-30,96.24
O015117,C2661,2025-10-03,238.44
O015118,C2661,2025-10-09,219.62
O015119,C2661,2025-10-23,266.21
O015120,C2661,2025-12-13,397.38
O015121,C2661,2025-12-25,43.49
O015122,C2662,2024-06-27,14.48
O015123,C2662,2024-07-14,20.61
O015124,C2662,2024-07-26,62.88
O015125,C2662,2024-09-02,245.66
O015126,C2662,2024-10-12,114.08
O015127,C2662,2024-12-05,168.68
O015128,C2662,2025-02-28,187.02
O015129,C2662,2025-03-23,102.08
O015130,C2662,2025-05-16,11.41
O015131,C2662,2025-09-26,58.17
O015132,C2662,2025-12-02,149.23
O015133,C2663,2024-12-17,78.6
O015134,C2663,2025-01-04,42.27
O015135,C2663,2025-02-16,85.24
O015136,C2663,2025-04-07,67.55
O015137,C2663,2025-05-07,36.17
O015138,C2663,2025-05-20,72.56
O015139,C2663,2025-07-09,178.97
O015140,C2663,2025-09-01,87.6
O015141,C2663,2025-12-05,14.95
O015142,C2664,2025-07-05,200.54
O015143,C2664,2025-10-19,94.64
O015144,C2666,2024-10-28,130.17
O015145,C2666,2025-01-14,34.32
O015146,C2666,2025-07-16,53.26
O015147,C2666,2025-11-07,22.2
O015148,C2667,2025-03-12,260.63
O015149,C2667,2025-04-10,45.78
O015150,C2667,2025-06-07,147.79
O015151,C2667,2025-06-24,241.15
O015152,C2667,2025-10-05,223.79
O015153,C2667,2025-11-11,157.54
O015154,C2667,2025-12-13,265.52
O015155,C2668,2024-03-13,75.26
O015156,C2668,2024-04-13,14.64
O015157,C2669,2024-01-25,85.9
O015158,C2669,2024-04-17,23.82
O015159,C2669,2024-08-08,47.5
O015160,C2669,2024-10-15,89.13
O015161,C2669,2025-01-30,53.82
O015162,C2670,2025-03-09,209.18
O015163,C2670,2025-04-16,119.69
O015164,C2670,2025-05-04,77.77
O015165,C2671,2025-08-06,46.61
O015166,C2671,2025-08-28,44.23
O015167,C2671,2025-09-20,327.75
O015168,C2671,2025-12-17,17.79
O015169,C2671,2025-12-28,52.16
O015170,C2672,2024-02-04,286.83
O015171,C2673,2024-12-26,6.15
O015172,C2673,2025-03-31,13.63
O015173,C2673,2025-07-13,41.48
O015174,C2673,2025-11-14,10.61
O015175,C2673,2025-12-11,47.36
O015176,C2674,2024-09-27,21.79
O015177,C2674,2024-12-21,81.14
O015178,C2674,2025-01-11,24.36
O015179,C2675,2025-12-24,47.98
O015180,C2676,2025-06-20,121.19
O015181,C2676,2025-10-03,33.04
O015182,C2677,2024-11-09,24.69
O015183,C2677,2025-03-08,55.48
O015184,C2677,2025-12-10,125.08
O015185,C2678,2025-07-31,43.52
O015186,C2678,2025-11-03,179.45
O015187,C2678,2025-12-16,16.89
O015188,C2679,2025-02-24,48.73
O015189,C2679,2025-04-24,21.36
O015190,C2679,2025-08-23,51.39
O015191,C2679,2025-11-30,26.9
O015192,C2679,2025-12-21,69.53
O015193,C2680,2025-08-03,300.91
O015194,C2680,2025-09-22,95.66
O015195,C2680,2025-11-23,297.64
O015196,C2681,2025-04-13,129.43
O015197,C2681,2025-06-17,55.85
O015198,C2681,2025-07-09,83.46
O015199,C2681,2025-07-31,102.95
O015200,C2681,2025-08-07,144.93
O015201,C2681,2025-09-16,49.5
O015202,C2682,2025-01-20,57.54
O015203,C2682,2025-03-12,84.49
O015204,C2682,2025-04-20,9.61
O015205,C2682,2025-05-24,35.51
O015206,C2682,2025-06-26,77.65
O015207,C2682,2025-08-09,133.59
O015208,C2683,2024-07-18,31.22
O015209,C2683,2024-07-28,185.55
O015210,C2683,2024-09-02,74.18
O015211,C2684,2025-07-23,171.59
O015212,C2685,2024-11-17,282.94
O015213,C2685,2025-02-26,12.21
O015214,C2685,2025-03-16,77.27
O015215,C2685,2025-07-01,109.95
O015216,C2685,2025-10-08,49.11
O015217,C2686,2024-08-12,18.29
O015218,C2686,2025-03-25,34.76
O015219,C2686,2025-08-12,21.94
O015220,C2687,2024-04-19,81.0
O015221,C2687,2024-05-11,74.84
O015222,C2687,2024-06-26,329.75
O015223,C2687,2024-07-21,34.01
O015224,C2687,2024-09-17,159.96
O015225,C2687,2024-09-23,102.57
O015226,C2687,2024-11-28,39.02
O015227,C2687,2024-12-28,186.92
O015228,C2687,2025-01-13,233.8
O015229,C2687,2025-04-06,24.4
O015230,C2687,2025-05-06,67.23
O015231,C2687,2025-05-26,148.66
O015232,C2687,2025-06-06,60.4
O015233,C2687,2025-06-26,63.23
O015234,C2687,2025-08-02,100.51
O015235,C2687,2025-09-08,254.79
O015236,C2687,2025-11-13,106.98
O015237,C2687,2025-11-29,28.94
O015238,C2687,2025-12-29,197.81
O015239,C2688,2025-01-03,96.67
O015240,C2688,2025-01-29,42.96
O015241,C2688,2025-03-10,61.58
O015242,C2688,2025-03-29,23.75
O015243,C2688,2025-04-18,252.91
O015244,C2688,2025-06-05,49.09
O015245,C2688,2025-07-23,64.67
O015246,C2688,2025-10-21,260.04
O015247,C2688,2025-12-13,149.41
O015248,C2689,2024-05-30,120.88
O015249,C2689,2024-06-11,312.57
O015250,C2690,2024-04-12,61.88
O015251,C2690,2024-05-26,160.16
O015252,C2690,2024-12-06,194.44
O015253,C2690,2025-02-08,59.79
O015254,C2691,2024-03-20,27.34
O015255,C2691,2024-05-10,143.27
O015256,C2691,2024-07-20,20.58
O015257,C2691,2024-08-30,27.84
O015258,C2691,2024-09-15,14.35
O015259,C2691,2025-03-26,181.07
O015260,C2691,2025-08-06,50.43
O015261,C2691,2025-08-16,258.78
O015262,C2692,2024-12-23,51.47
O015263,C2692,2025-01-11,40.94
O015264,C2692,2025-01-26,159.87
O015265,C2692,2025-02-11,139.88
O015266,C2692,2025-04-23,110.07
O015267,C2692,2025-06-12,31.42
O015268,C2692,2025-10-28,214.87
O015269,C2693,2025-12-22,199.3
O015270,C2694,2024-05-31,222.55
O015271,C2694,2024-08-12,440.24
O015272,C2694,2024-09-02,111.32
O015273,C2694,2024-09-16,144.11
O015274,C2694,2024-10-26,84.15
O015275,C2694,2024-12-29,106.94
O015276,C2694,2025-01-22,16.23
O015277,C2694,2025-03-22,28.66
O015278,C2694,2025-04-03,130.04
O015279,C2694,2025-05-10,172.92
O015280,C2694,2025-05-30,75.57
O015281,C2694,2025-10-21,251.59
O015282,C2695,2024-05-07,58.14
O015283,C2695,2024-09-09,42.21
O015284,C2696,2024-12-17,14.78
O015285,C2696,2025-01-15,71.34
O015286,C2696,2025-05-14,133.29
O015287,C2696,2025-06-25,9.74
O015288,C2696,2025-08-31,35.09
O015289,C2696,2025-10-07,37.02
O015290,C2696,2025-12-23,24.48
O015291,C2697,2024-03-27,129.7
O015292,C2697,2024-04-02,96.84
O015293,C2697,2024-05-12,14.61
O015294,C2697,2024-05-31,452.84
O015295,C2697,2024-07-09,337.1
O015296,C2697,2024-08-05,73.32
O015297,C2697,2024-10-12,150.46
O015298,C2697,2024-10-25,140.65
O015299,C2697,2024-10-31,171.5
O015300,C2697,2024-12-29,154.55
O015301,C2697,2025-02-02,211.1
O015302,C2697,2025-03-09,57.4
O015303,C2697,2025-05-25,39.66
O015304,C2697,2025-07-09,40.55
O015305,C2697,2025-07-25,19.96
O015306,C2697,2025-09-05,402.86
O015307,C2697,2025-10-03,389.47
O015308,C2697,2025-11-24,234.21
O015309,C2698,2024-02-24,49.03
O015310,C2698,2024-04-05,222.0
O015311,C2698,2024-04-20,190.33
O015312,C2698,2024-07-06,94.44
O015313,C2698,2024-08-24,88.79
O015314,C2698,2024-12-26,136.97
O015315,C2698,2025-05-16,112.18
O015316,C2699,2025-01-10,156.18
O015317,C2699,2025-04-07,31.12
O015318,C2699,2025-07-02,31.42
O015319,C2699,2025-09-28,22.58
O015320,C2700,2024-10-30,157.58
O015321,C2700,2024-12-20,68.92
O015322,C2700,2025-01-07,70.19
O015323,C2700,2025-02-15,189.71
O015324,C2700,2025-03-12,47.17
O015325,C2700,2025-03-21,251.58
O015326,C2700,2025-04-06,325.03
O015327,C2700,2025-05-11,168.9
O015328,C2700,2025-06-03,196.19
O015329,C2700,2025-06-16,243.93
O015330,C2700,2025-07-02,32.81
O015331,C2700,2025-07-23,218.79
O015332,C2700,2025-07-31,447.6
O015333,C2700,2025-08-11,367.48
O015334,C2700,2025-09-19,110.49
O015335,C2700,2025-09-25,30.71
O015336,C2700,2025-10-03,220.61
O015337,C2700,2025-10-09,230.36
O015338,C2700,2025-11-12,78.62
O015339,C2700,2025-12-22,154.51
O015340,C2701,2025-06-10,37.48
O015341,C2701,2025-07-26,75.07
O015342,C2701,2025-08-22,135.6
O015343,C2701,2025-10-04,49.19
O015344,C2702,2024-05-22,54.64
O015345,C2702,2024-06-26,50.17
O015346,C2702,2024-08-19,35.48
O015347,C2703,2024-04-21,88.88
O015348,C2703,2024-05-21,152.18
O015349,C2703,2024-07-14,25.31
O015350,C2705,2025-10-06,123.82
O015351,C2705,2025-11-27,19.61
O015352,C2706,2025-02-22,38.8
O015353,C2706,2025-03-31,86.44
O015354,C2706,2025-05-02,142.72
O015355,C2706,2025-06-20,12.99
O015356,C2706,2025-07-27,202.91
O015357,C2706,2025-12-08,32.02
O015358,C2707,2024-04-02,56.05
O015359,C2707,2024-05-29,20.56
O015360,C2707,2024-08-24,150.59
O015361,C2707,2024-11-23,28.85
O015362,C2707,2025-03-19,55.59
O015363,C2707,2025-05-25,11.32
O015364,C2707,2025-06-28,85.7
O015365,C2708,2025-04-20,102.9
O015366,C2708,2025-08-22,105.01
O015367,C2708,2025-09-19,27.03
O015368,C2708,2025-11-08,77.99
O015369,C2709,2024-05-10,284.38
O015370,C2709,2024-07-01,83.53
O015371,C2709,2024-08-30,78.87
O015372,C2709,2024-09-25,50.71
O015373,C2709,2024-11-07,73.17
O015374,C2709,2025-03-11,56.12
O015375,C2710,2025-07-09,47.96
O015376,C2710,2025-09-21,16.2
O015377,C2710,2025-10-03,50.73
O015378,C2710,2025-11-28,37.78
O015379,C2711,2025-04-25,63.86
O015380,C2711,2025-05-16,436.16
O015381,C2711,2025-05-30,224.59
O015382,C2711,2025-06-18,89.41
O015383,C2711,2025-07-03,83.23
O015384,C2711,2025-07-18,281.84
O015385,C2711,2025-08-06,236.23
O015386,C2711,2025-09-16,8.82
O015387,C2711,2025-11-18,282.07
O015388,C2711,2025-12-13,321.34
O015389,C2712,2024-10-01,88.72
O015390,C2712,2024-12-14,23.78
O015391,C2714,2025-01-10,87.77
O015392,C2714,2025-02-21,41.35
O015393,C2714,2025-04-03,353.61
O015394,C2714,2025-04-11,51.06
O015395,C2715,2025-03-03,79.56
O015396,C2715,2025-04-13,104.17
O015397,C2715,2025-05-08,176.47
O015398,C2715,2025-05-31,72.3
O015399,C2715,2025-08-17,86.74
O015400,C2715,2025-09-30,82.29
O015401,C2715,2025-11-26,33.48
O015402,C2716,2024-01-26,91.15
O015403,C2716,2024-02-13,65.77
O015404,C2716,2024-03-08,60.36
O015405,C2716,2024-04-15,15.2
O015406,C2716,2024-06-12,50.17
O015407,C2716,2024-07-17,63.49
O015408,C2716,2024-08-12,95.24
O015409,C2716,2024-09-26,38.08
O015410,C2716,2024-12-09,49.62
O015411,C2716,2025-03-17,32.16
O015412,C2716,2025-06-17,37.64
O015413,C2716,2025-07-21,54.59
O015414,C2716,2025-10-02,25.7
O015415,C2717,2024-03-09,55.02
O015416,C2717,2024-07-02,66.15
O015417,C2717,2024-09-21,39.37
O015418,C2717,2024-11-09,7.1
O015419,C2717,2025-07-18,50.57
O015420,C2718,2025-06-06,43.15
O015421,C2718,2025-11-19,107.21
O015422,C2719,2025-11-29,30.23
O015423,C2720,2025-01-04,60.95
O015424,C2721,2025-07-29,53.32
O015425,C2722,2024-08-23,111.01
O015426,C2722,2024-10-20,103.29
O015427,C2722,2024-12-12,135.81
O015428,C2722,2025-01-18,43.45
O015429,C2723,2025-08-14,106.82
O015430,C2723,2025-09-25,155.77
O015431,C2723,2025-11-18,83.38
O015432,C2723,2025-12-20,100.68
O015433,C2724,2024-09-19,20.19
O015434,C2724,2025-03-05,37.68
O015435,C2724,2025-07-16,67.35
O015436,C2724,2025-09-23,14.59
O015437,C2724,2025-10-26,13.01
O015438,C2725,2024-12-16,288.78
O015439,C2725,2025-01-22,288.5
O015440,C2725,2025-02-13,100.72
O015441,C2725,2025-03-03,42.5
O015442,C2725,2025-03-20,63.71
O015443,C2725,2025-04-07,135.4
O015444,C2726,2025-02-27,159.41
O015445,C2726,2025-05-05,41.16
O015446,C2726,2025-07-07,339.57
O015447,C2726,2025-07-26,443.58
O015448,C2726,2025-08-08,273.78
O015449,C2726,2025-09-07,309.92
O015450,C2726,2025-11-03,81.68
O015451,C2726,2025-11-09,69.53
O015452,C2726,2025-11-15,74.24
O015453,C2726,2025-12-28,166.1
O015454,C2727,2024-09-01,77.45
O015455,C2727,2024-11-14,32.32
O015456,C2727,2025-08-31,13.31
O015457,C2727,2025-12-10,64.85
O015458,C2728,2025-04-03,160.34
O015459,C2728,2025-04-12,86.3
O015460,C2728,2025-05-17,145.01
O015461,C2728,2025-06-17,36.5
O015462,C2728,2025-07-15,40.95
O015463,C2728,2025-08-22,168.14
O015464,C2728,2025-08-28,113.53
O015465,C2728,2025-11-16,96.3
O015466,C2728,2025-12-07,78.61
O015467,C2729,2024-02-21,14.84
O015468,C2729,2024-03-16,243.23
O015469,C2729,2024-04-19,76.94
O015470,C2729,2024-05-15,60.38
O015471,C2729,2024-05-21,326.46
O015472,C2729,2024-08-26,176.67
O015473,C2729,2024-12-26,116.08
O015474,C2729,2025-02-24,99.4
O015475,C2729,2025-04-30,30.93
O015476,C2729,2025-06-14,31.68
O015477,C2729,2025-07-06,57.19
O015478,C2729,2025-07-30,147.6
O015479,C2729,2025-08-13,27.06
O015480,C2729,2025-10-15,46.79
O015481,C2729,2025-12-11,64.32
O015482,C2730,2025-10-22,30.53
O015483,C2730,2025-12-14,88.72
O015484,C2730,2025-12-22,12.87
O015485,C2731,2025-01-06,91.44
O015486,C2731,2025-02-20,18.08
O015487,C2731,2025-05-11,108.59
O015488,C2731,2025-05-25,228.09
O015489,C2731,2025-05-31,85.3
O015490,C2731,2025-07-17,93.89
O015491,C2731,2025-09-20,136.69
O015492,C2731,2025-12-20,230.83
O015493,C2732,2025-09-27,96.33
O015494,C2732,2025-10-17,41.05
O015495,C2733,2024-08-04,32.64
O015496,C2734,2024-09-22,38.08
O015497,C2734,2025-01-18,26.24
O015498,C2734,2025-05-05,6.36
O015499,C2734,2025-10-18,46.01
O015500,C2735,2024-07-20,22.86
O015501,C2735,2024-07-26,37.95
O015502,C2735,2024-11-13,160.71
O015503,C2735,2025-01-11,44.61
O015504,C2735,2025-05-01,78.1
O015505,C2735,2025-12-30,47.33
O015506,C2736,2025-06-15,126.16
O015507,C2737,2024-02-08,260.96
O015508,C2737,2024-04-23,7.17
O015509,C2737,2024-07-11,19.17
O015510,C2737,2024-07-30,16.81
O015511,C2737,2024-12-31,80.54
O015512,C2737,2025-06-05,37.78
O015513,C2737,2025-06-21,102.39
O015514,C2737,2025-07-25,42.23
O015515,C2737,2025-09-15,122.4
O015516,C2737,2025-12-09,37.07
O015517,C2738,2025-01-04,117.99
O015518,C2738,2025-03-31,35.93
O015519,C2738,2025-06-10,135.78
O015520,C2738,2025-09-04,63.78
O015521,C2738,2025-09-25,42.99
O015522,C2738,2025-11-06,77.79
O015523,C2738,2025-12-21,25.15
O015524,C2739,2025-12-01,172.97
O015525,C2740,2024-11-16,166.67
O015526,C2740,2025-02-17,133.37
O015527,C2740,2025-04-28,27.71
O015528,C2740,2025-06-26,83.38
O015529,C2740,2025-09-17,45.27
O015530,C2740,2025-10-16,125.88
O015531,C2741,2024-12-29,181.81
O015532,C2741,2025-01-28,63.32
O015533,C2741,2025-02-15,314.63
O015534,C2741,2025-03-02,81.37
O015535,C2741,2025-05-22,117.23
O015536,C2741,2025-07-09,19.86
O015537,C2741,2025-09-18,44.62
O015538,C2741,2025-12-19,21.75
O015539,C2742,2024-12-13,25.44
O015540,C2742,2025-01-08,43.58
O015541,C2743,2024-11-01,35.57
O015542,C2743,2025-03-11,15.13
O015543,C2744,2025-01-17,6.13
O015544,C2744,2025-08-20,69.63
O015545,C2745,2025-05-16,43.37
O015546,C2745,2025-08-20,409.5
O015547,C2745,2025-11-11,78.25
O015548,C2746,2025-01-30,44.32
O015549,C2746,2025-08-06,64.77
O015550,C2747,2025-05-03,171.55
O015551,C2747,2025-07-14,103.46
O015552,C2748,2024-12-03,38.15
O015553,C2748,2025-01-23,51.13
O015554,C2748,2025-03-11,13.9
O015555,C2748,2025-04-09,26.46
O015556,C2749,2025-03-17,140.56
O015557,C2749,2025-05-25,84.04
O015558,C2749,2025-06-16,22.38
O015559,C2749,2025-07-06,13.25
O015560,C2749,2025-10-21,66.21
O015561,C2750,2025-04-29,57.9
O015562,C2750,2025-05-08,99.57
O015563,C2750,2025-08-15,159.14
O015564,C2750,2025-08-30,37.71
O015565,C2750,2025-10-13,347.81
O015566,C2751,2024-05-05,98.27
O015567,C2751,2024-09-25,71.79
O015568,C2751,2024-10-16,101.28
O015569,C2751,2024-12-11,36.65
O015570,C2751,2025-02-17,23.92
O015571,C2751,2025-04-23,54.84
O015572,C2751,2025-07-02,120.49
O015573,C2752,2025-04-29,95.49
O015574,C2752,2025-07-16,22.99
O015575,C2752,2025-08-30,70.76
O015576,C2752,2025-10-10,182.43
O015577,C2752,2025-12-20,33.33
O015578,C2753,2025-02-09,11.65
O015579,C2753,2025-06-13,126.4
O015580,C2754,2024-09-06,223.31
O015581,C2754,2024-10-28,152.66
O015582,C2754,2024-11-18,302.99
O015583,C2754,2024-12-04,44.69
O015584,C2754,2025-01-05,88.53
O015585,C2754,2025-02-14,248.94
O015586,C2754,2025-04-28,111.51
O015587,C2754,2025-08-05,202.08
O015588,C2754,2025-10-09,595.37
O015589,C2754,2025-10-22,155.86
O015590,C2755,2025-03-03,41.96
O015591,C2755,2025-03-18,63.73
O015592,C2755,2025-04-09,10.8
O015593,C2755,2025-07-01,46.32
O015594,C2755,2025-10-14,76.17
O015595,C2755,2025-12-03,81.46
O015596,C2756,2024-05-05,122.68
O015597,C2756,2024-06-07,42.17
O015598,C2756,2024-07-23,20.81
O015599,C2756,2024-09-15,29.17
O015600,C2756,2024-10-14,23.39
O015601,C2756,2024-12-28,148.11
O015602,C2756,2025-08-23,22.72
O015603,C2757,2025-01-23,132.79
O015604,C2757,2025-02-18,202.2
O015605,C2757,2025-04-16,99.13
O015606,C2757,2025-07-28,101.55
O015607,C2757,2025-09-09,47.65
O015608,C2757,2025-10-12,92.19
O015609,C2757,2025-11-27,239.24
O015610,C2758,2024-11-13,14.36
O015611,C2758,2025-04-18,20.77
O015612,C2759,2025-11-10,22.99
O015613,C2759,2025-12-21,71.81
O015614,C2760,2024-12-20,59.39
O015615,C2760,2025-05-23,24.38
O015616,C2761,2025-08-31,24.45
O015617,C2761,2025-12-03,76.18
O015618,C2762,2024-10-20,160.24
O015619,C2762,2024-11-16,116.21
O015620,C2762,2025-01-14,161.73
O015621,C2762,2025-03-11,336.79
O015622,C2762,2025-04-14,8.76
O015623,C2762,2025-05-22,210.23
O015624,C2762,2025-07-03,555.61
O015625,C2762,2025-08-08,86.28
O015626,C2762,2025-08-17,142.72
O015627,C2762,2025-10-08,261.13
O015628,C2762,2025-11-01,475.69
O015629,C2762,2025-12-21,565.05
O015630,C2763,2024-11-01,127.6
O015631,C2763,2024-12-12,170.11
O015632,C2763,2025-02-04,122.73
O015633,C2763,2025-02-21,149.81
O015634,C2763,2025-03-05,198.74
O015635,C2763,2025-03-26,187.63
O015636,C2763,2025-04-06,67.14
O015637,C2763,2025-05-19,203.0
O015638,C2763,2025-06-06,35.74
O015639,C2763,2025-06-21,116.06
O015640,C2763,2025-07-08,245.03
O015641,C2763,2025-08-12,220.11
O015642,C2763,2025-08-25,224.29
O015643,C2763,2025-10-27,188.42
O015644,C2763,2025-11-12,95.02
O015645,C2763,2025-12-05,151.26
O015646,C2766,2024-02-24,82.79
O015647,C2766,2024-06-20,125.23
O015648,C2766,2024-07-24,125.12
O015649,C2767,2024-10-21,143.9
O015650,C2767,2024-12-17,196.04
O015651,C2767,2025-01-31,239.5
O015652,C2767,2025-03-02,205.47
O015653,C2767,2025-03-23,192.93
O015654,C2767,2025-03-30,226.0
O015655,C2767,2025-05-07,281.3
O015656,C2767,2025-06-14,240.27
O015657,C2767,2025-06-29,300.05
O015658,C2767,2025-07-06,241.89
O015659,C2767,2025-07-16,305.23
O015660,C2767,2025-08-08,209.39
O015661,C2767,2025-08-14,386.64
O015662,C2767,2025-09-11,288.55
O015663,C2767,2025-09-19,134.71
O015664,C2767,2025-09-27,238.83
O015665,C2768,2024-07-07,66.78
O015666,C2768,2024-09-13,156.1
O015667,C2769,2024-04-09,248.13
O015668,C2769,2024-08-02,71.03
O015669,C2769,2024-09-05,124.92
O015670,C2769,2024-10-28,158.58
O015671,C2769,2024-11-11,336.61
O015672,C2769,2024-12-29,98.22
O015673,C2769,2025-03-26,195.7
O015674,C2769,2025-04-05,31.3
O015675,C2769,2025-05-26,412.81
O015676,C2769,2025-07-18,225.1
O015677,C2769,2025-08-09,258.53
O015678,C2769,2025-11-15,93.73
O015679,C2770,2025-04-24,21.94
O015680,C2770,2025-05-11,41.93
O015681,C2770,2025-06-01,72.75
O015682,C2770,2025-06-24,23.84
O015683,C2770,2025-07-17,126.74
O015684,C2770,2025-08-15,35.88
O015685,C2770,2025-09-07,31.48
O015686,C2770,2025-09-20,48.15
O015687,C2770,2025-11-02,39.0
O015688,C2770,2025-11-22,37.4
O015689,C2771,2025-05-05,42.25
O015690,C2771,2025-08-30,28.74
O015691,C2771,2025-09-27,125.2
O015692,C2771,2025-11-29,77.51
O015693,C2772,2025-11-26,35.31
O015694,C2773,2024-08-14,73.49
O015695,C2773,2024-08-26,161.02
O015696,C2773,2024-09-23,64.64
O015697,C2773,2024-11-02,192.15
O015698,C2773,2024-11-10,100.77
O015699,C2773,2024-11-26,107.16
O015700,C2773,2024-12-02,158.29
O015701,C2773,2025-01-03,176.04
O015702,C2773,2025-01-29,13.29
O015703,C2773,2025-02-24,143.8
O015704,C2773,2025-03-24,189.22
O015705,C2773,2025-05-16,14.43
O015706,C2773,2025-07-16,137.28
O015707,C2773,2025-07-25,44.57
O015708,C2773,2025-08-07,33.49
O015709,C2773,2025-08-25,124.25
O015710,C2773,2025-10-08,75.91
O015711,C2773,2025-10-22,320.22
O015712,C2773,2025-10-29,74.95
O015713,C2773,2025-11-04,204.06
O015714,C2773,2025-11-19,111.12
O015715,C2774,2024-08-31,215.36
O015716,C2775,2025-03-18,52.88
O015717,C2775,2025-04-19,26.98
O015718,C2775,2025-07-12,20.67
O015719,C2775,2025-11-23,53.44
O015720,C2776,2024-04-20,23.64
O015721,C2776,2024-07-16,7.79
O015722,C2776,2024-08-17,200.3
O015723,C2777,2024-02-21,36.87
O015724,C2777,2024-03-17,42.84
O015725,C2777,2024-07-13,17.72
O015726,C2777,2024-09-08,7.48
O015727,C2777,2024-10-08,11.58
O015728,C2777,2024-11-07,25.64
O015729,C2777,2024-12-02,38.1
O015730,C2777,2025-01-06,52.05
O015731,C2777,2025-01-17,15.65
O015732,C2777,2025-02-14,68.95
O015733,C2777,2025-03-10,58.19
O015734,C2777,2025-03-20,22.28
O015735,C2779,2025-01-05,112.44
O015736,C2779,2025-03-04,143.8
O015737,C2779,2025-03-16,154.09
O015738,C2779,2025-04-16,37.36
O015739,C2779,2025-05-06,101.71
O015740,C2779,2025-06-17,154.44
O015741,C2779,2025-09-13,257.65
O015742,C2779,2025-09-19,219.21
O015743,C2779,2025-10-15,152.82
O015744,C2779,2025-10-31,115.12
O015745,C2779,2025-12-02,110.01
O015746,C2779,2025-12-25,50.8
O015747,C2780,2024-10-07,390.22
O015748,C2781,2024-04-30,132.16
O015749,C2781,2024-08-29,96.38
O015750,C2781,2024-10-24,68.3
O015751,C2781,2024-12-30,60.79
O015752,C2781,2025-04-04,61.69
O015753,C2782,2024-10-22,77.75
O015754,C2783,2025-06-07,7.92
O015755,C2783,2025-10-15,61.48
O015756,C2783,2025-10-21,125.9
O015757,C2783,2025-12-06,121.4
O015758,C2784,2024-06-04,125.24
O015759,C2784,2024-08-04,54.64
O015760,C2784,2024-08-30,187.7
O015761,C2784,2024-10-26,100.33
O015762,C2784,2024-12-03,7.77
O015763,C2784,2025-01-17,81.21
O015764,C2784,2025-03-18,80.02
O015765,C2784,2025-05-25,129.62
O015766,C2784,2025-06-16,233.0
O015767,C2784,2025-07-24,60.85
O015768,C2784,2025-10-21,15.77
O015769,C2784,2025-11-19,51.1
O015770,C2785,2024-09-01,132.36
O015771,C2785,2024-10-10,35.52
O015772,C2785,2024-11-10,56.99
O015773,C2785,2024-12-20,83.99
O015774,C2785,2025-02-19,39.33
O015775,C2785,2025-04-08,112.1
O015776,C2785,2025-07-31,284.76
O015777,C2785,2025-09-30,64.98
O015778,C2785,2025-11-18,51.93
O015779,C2786,2024-07-03,81.8
O015780,C2786,2024-08-25,541.51
O015781,C2786,2024-09-07,108.18
O015782,C2786,2024-09-22,72.2
O015783,C2786,2024-10-18,191.8
O015784,C2786,2024-10-28,161.28
O015785,C2786,2024-11-14,100.48
O015786,C2786,2025-01-06,115.12
O015787,C2786,2025-02-16,160.42
O015788,C2786,2025-03-29,40.33
O015789,C2786,2025-05-25,71.14
O015790,C2786,2025-06-13,409.73
O015791,C2786,2025-07-27,51.82
O015792,C2786,2025-08-25,234.75
O015793,C2787,2024-06-15,72.69
O015794,C2787,2024-07-22,93.73
O015795,C2787,2024-08-18,113.38
O015796,C2787,2024-09-05,167.67
O015797,C2787,2024-10-03,90.78
O015798,C2787,2024-10-18,81.46
O015799,C2787,2024-10-31,36.27
O015800,C2787,2024-11-25,82.38
O015801,C2787,2024-12-07,50.69
O015802,C2787,2025-02-03,127.24
O015803,C2787,2025-03-13,106.19
O015804,C2787,2025-04-16,99.6
O015805,C2787,2025-05-02,177.18
O015806,C2787,2025-08-01,133.17
O015807,C2787,2025-08-12,108.29
O015808,C2787,2025-09-07,148.31
O015809,C2787,2025-09-30,188.1
O015810,C2787,2025-10-06,56.07
O015811,C2787,2025-10-28,170.58
O015812,C2787,2025-11-14,35.55
O015813,C2787,2025-11-28,44.33
O015814,C2788,2025-10-31,126.2
O015815,C2789,2024-07-25,65.54
O015816,C2789,2024-08-14,159.92
O015817,C2789,2024-09-17,134.87
O015818,C2789,2024-11-19,24.42
O015819,C2789,2025-02-04,7.38
O015820,C2789,2025-03-31,49.17
O015821,C2789,2025-05-09,82.36
O015822,C2789,2025-06-23,37.07
O015823,C2789,2025-10-30,112.62
O015824,C2790,2025-09-28,63.4
O015825,C2790,2025-11-04,94.86
O015826,C2791,2025-06-10,46.5
O015827,C2792,2025-01-04,13.79
O015828,C2792,2025-04-14,74.92
O015829,C2792,2025-06-23,143.49
O015830,C2792,2025-07-08,83.32
O015831,C2792,2025-08-07,176.03
O015832,C2792,2025-10-25,133.5
O015833,C2792,2025-11-10,71.31
O015834,C2793,2024-03-07,156.23
O015835,C2793,2024-08-24,94.82
O015836,C2793,2024-09-17,63.03
O015837,C2793,2024-12-19,135.12
O015838,C2794,2024-09-25,110.92
O015839,C2794,2024-10-30,23.61
O015840,C2794,2025-01-23,49.53
O015841,C2794,2025-04-05,236.24
O015842,C2794,2025-08-07,80.1
O015843,C2795,2025-05-02,283.51
O015844,C2795,2025-08-22,24.28
O015845,C2796,2024-07-05,267.83
O015846,C2796,2024-07-31,148.77
O015847,C2796,2024-08-12,134.69
O015848,C2796,2024-08-18,213.95
O015849,C2796,2024-09-12,38.96
O015850,C2796,2024-10-07,121.25
O015851,C2796,2024-11-20,321.51
O015852,C2796,2025-01-26,185.34
O015853,C2796,2025-02-25,67.19
O015854,C2796,2025-03-27,109.73
O015855,C2796,2025-04-02,180.28
O015856,C2796,2025-05-06,269.21
O015857,C2796,2025-07-02,205.15
O015858,C2796,2025-08-24,309.28
O015859,C2796,2025-10-03,211.2
O015860,C2796,2025-10-16,21.95
O015861,C2796,2025-11-08,164.95
O015862,C2797,2025-01-25,70.02
O015863,C2797,2025-02-20,38.31
O015864,C2797,2025-05-11,103.28
O015865,C2797,2025-08-24,42.3
O015866,C2797,2025-11-19,14.81
O015867,C2798,2024-07-15,164.36
O015868,C2798,2024-09-22,386.02
O015869,C2798,2024-10-13,258.43
O015870,C2798,2024-10-22,162.99
O015871,C2798,2024-11-15,45.73
O015872,C2798,2024-11-30,113.3
O015873,C2798,2025-01-02,237.41
O015874,C2798,2025-01-18,223.45
O015875,C2799,2025-05-15,180.34
O015876,C2799,2025-09-06,135.16
O015877,C2800,2025-12-05,116.11
O015878,C2801,2025-06-15,7.15
O015879,C2801,2025-11-15,63.8
O015880,C2801,2025-12-01,14.19
O015881,C2802,2024-08-25,40.26
O015882,C2802,2024-10-06,28.42
O015883,C2802,2024-10-29,56.61
O015884,C2802,2024-12-15,105.25
O015885,C2802,2025-02-24,74.47
O015886,C2802,2025-04-28,36.95
O015887,C2803,2025-08-04,6.92
O015888,C2803,2025-10-06,48.64
O015889,C2803,2025-11-21,23.64
O015890,C2804,2024-12-08,54.99
O015891,C2804,2025-01-20,25.54
O015892,C2805,2025-04-03,142.31
O015893,C2805,2025-05-05,174.39
O015894,C2805,2025-05-11,73.45
O015895,C2805,2025-06-27,42.99
O015896,C2805,2025-09-25,156.68
O015897,C2805,2025-10-31,106.65
O015898,C2805,2025-11-11,413.53
O015899,C2807,2025-02-23,64.86
O015900,C2807,2025-03-20,81.53
O015901,C2807,2025-05-10,250.29
O015902,C2807,2025-05-29,59.82
O015903,C2807,2025-07-22,25.01
O015904,C2808,2025-04-27,288.73
O015905,C2808,2025-06-03,105.02
O015906,C2808,2025-06-26,189.01
O015907,C2808,2025-07-16,94.99
O015908,C2808,2025-08-04,47.7
O015909,C2808,2025-09-29,420.33
O015910,C2809,2025-03-19,40.58
O015911,C2809,2025-07-25,18.38
O015912,C2809,2025-11-25,62.16
O015913,C2810,2025-08-20,27.42
O015914,C2810,2025-10-06,49.71
O015915,C2810,2025-12-07,53.21
O015916,C2811,2024-05-17,111.63
O015917,C2811,2024-08-29,63.06
O015918,C2811,2024-10-12,124.92
O015919,C2811,2024-11-11,164.89
O015920,C2811,2025-01-05,123.41
O015921,C2811,2025-02-18,167.34
O015922,C2811,2025-03-30,176.82
O015923,C2811,2025-05-10,35.82
O015924,C2811,2025-08-03,211.99
O015925,C2811,2025-08-20,27.75
O015926,C2811,2025-09-03,159.81
O015927,C2811,2025-12-25,150.25
O015928,C2812,2024-09-02,52.38
O015929,C2812,2024-10-21,13.19
O015930,C2812,2025-05-05,18.82
O015931,C2812,2025-09-25,117.3
O015932,C2812,2025-10-06,211.14
O015933,C2812,2025-12-13,22.54
O015934,C2813,2024-11-11,58.21
O015935,C2813,2024-12-07,89.04
O015936,C2813,2025-01-12,127.73
O015937,C2813,2025-03-19,103.09
O015938,C2813,2025-08-04,257.01
O015939,C2813,2025-11-06,184.7
O015940,C2813,2025-12-06,15.75
O015941,C2814,2025-04-08,82.53
O015942,C2814,2025-05-02,19.36
O015943,C2814,2025-05-19,91.08
O015944,C2814,2025-05-25,45.4
O015945,C2814,2025-06-11,197.75
O015946,C2814,2025-07-27,77.76
O015947,C2814,2025-10-29,59.84
O015948,C2815,2024-06-15,30.77
O015949,C2815,2024-06-30,77.62
O015950,C2815,2024-07-20,15.33
O015951,C2815,2024-07-26,98.61
O015952,C2815,2024-08-04,85.25
O015953,C2815,2024-08-25,26.09
O015954,C2815,2024-10-18,112.3
O015955,C2815,2024-12-12,149.22
O015956,C2815,2025-01-05,103.87
O015957,C2815,2025-01-17,63.38
O015958,C2815,2025-04-26,131.7
O015959,C2815,2025-05-21,130.91
O015960,C2815,2025-06-05,44.63
O015961,C2815,2025-06-29,45.96
O015962,C2815,2025-08-06,105.08
O015963,C2815,2025-08-28,444.41
O015964,C2815,2025-10-05,39.32
O015965,C2815,2025-11-09,106.62
O015966,C2815,2025-11-29,127.33
O015967,C2815,2025-12-17,113.38
O015968,C2816,2024-04-21,35.14
O015969,C2816,2024-09-14,211.45
O015970,C2816,2024-11-04,56.85
O015971,C2816,2024-11-28,189.48
O015972,C2816,2024-12-09,63.03
O015973,C2816,2025-01-07,124.03
O015974,C2816,2025-03-28,78.82
O015975,C2817,2024-07-12,90.08
O015976,C2817,2024-08-06,10.01
O015977,C2817,2024-08-12,210.93
O015978,C2817,2024-08-29,48.41
O015979,C2817,2024-10-27,19.31
O015980,C2817,2024-12-21,65.77
O015981,C2818,2024-11-24,88.41
O015982,C2818,2024-12-18,42.19
O015983,C2818,2025-01-19,214.73
O015984,C2818,2025-02-22,87.66
O015985,C2818,2025-06-08,108.44
O015986,C2818,2025-07-01,88.24
O015987,C2818,2025-11-05,132.44
O015988,C2818,2025-12-29,48.74
O015989,C2819,2024-05-21,62.17
O015990,C2819,2024-06-10,77.59
O015991,C2819,2024-07-08,71.13
O015992,C2820,2024-08-09,38.69
O015993,C2820,2024-09-25,132.03
O015994,C2820,2024-11-06,189.04
O015995,C2820,2025-02-23,71.36
O015996,C2820,2025-08-03,13.64
O015997,C2820,2025-09-02,26.81
O015998,C2820,2025-11-04,305.36
O015999,C2820,2025-12-14,65.84
O016000,C2821,2024-05-21,139.73
O016001,C2821,2024-05-27,144.04
O016002,C2821,2024-07-08,240.19
O016003,C2821,2024-08-06,335.19
O016004,C2821,2024-10-04,310.53
O016005,C2821,2024-11-16,158.06
O016006,C2821,2024-11-22,158.62
O016007,C2821,2024-11-30,254.73
O016008,C2821,2024-12-17,175.05
O016009,C2821,2025-01-02,158.73
O016010,C2821,2025-02-03,49.84
O016011,C2821,2025-02-18,132.77
O016012,C2821,2025-04-17,45.24
O016013,C2821,2025-06-01,410.3
O016014,C2821,2025-06-30,371.99
O016015,C2821,2025-08-27,56.77
O016016,C2821,2025-09-21,408.4
O016017,C2821,2025-11-03,301.4
O016018,C2821,2025-12-13,286.35
O016019,C2822,2025-07-02,55.08
O016020,C2822,2025-09-09,70.94
O016021,C2823,2024-12-07,32.86
O016022,C2823,2025-01-21,67.71
O016023,C2823,2025-06-08,124.5
O016024,C2824,2025-02-10,22.15
O016025,C2824,2025-06-13,6.04
O016026,C2824,2025-07-07,6.79
O016027,C2824,2025-07-13,43.52
O016028,C2825,2024-10-16,176.89
O016029,C2825,2024-12-21,138.66
O016030,C2825,2025-02-05,368.79
O016031,C2825,2025-02-28,89.49
O016032,C2825,2025-04-30,94.92
O016033,C2825,2025-10-25,277.17
O016034,C2825,2025-11-16,148.1
O016035,C2825,2025-12-03,108.96
O016036,C2826,2024-01-08,157.53
O016037,C2826,2024-03-14,65.76
O016038,C2827,2024-05-31,73.03
O016039,C2827,2024-06-24,324.89
O016040,C2827,2024-07-15,48.66
O016041,C2827,2024-08-07,189.57
O016042,C2827,2024-08-28,54.57
O016043,C2827,2024-09-09,347.99
O016044,C2827,2024-10-04,183.47
O016045,C2827,2024-11-01,286.01
O016046,C2827,2024-11-21,409.49
O016047,C2827,2024-12-26,151.11
O016048,C2827,2025-01-02,113.92
O016049,C2827,2025-02-26,245.61
O016050,C2827,2025-03-20,59.45
O016051,C2827,2025-05-02,80.47
O016052,C2827,2025-05-24,146.41
O016053,C2827,2025-08-06,64.04
O016054,C2827,2025-09-20,118.51
O016055,C2827,2025-10-01,78.94
O016056,C2827,2025-11-04,60.85
O016057,C2827,2025-12-01,248.71
O016058,C2828,2025-04-24,24.66
O016059,C2828,2025-05-27,8.05
O016060,C2828,2025-08-26,155.07
O016061,C2828,2025-09-06,69.23
O016062,C2829,2025-10-04,57.1
O016063,C2829,2025-11-08,133.8
O016064,C2830,2025-02-11,103.35
O016065,C2831,2025-10-24,55.12
O016066,C2831,2025-12-13,79.87
O016067,C2831,2025-12-20,33.14
O016068,C2832,2025-09-09,40.24
O016069,C2832,2025-10-12,23.72
O016070,C2833,2024-12-31,104.58
O016071,C2833,2025-01-16,47.45
O016072,C2834,2025-07-26,210.48
O016073,C2834,2025-09-06,68.67
O016074,C2835,2024-06-05,107.43
O016075,C2835,2024-09-20,64.11
O016076,C2835,2024-10-17,22.61
O016077,C2835,2025-01-15,21.35
O016078,C2835,2025-03-09,13.9
O016079,C2835,2025-05-11,23.72
O016080,C2835,2025-06-06,25.28
O016081,C2835,2025-07-27,21.04
O016082,C2835,2025-11-02,7.52
O016083,C2836,2024-03-30,260.11
O016084,C2836,2024-04-19,181.85
O016085,C2836,2024-05-02,292.82
O016086,C2836,2024-06-06,250.44
O016087,C2836,2024-07-04,696.76
O016088,C2836,2024-07-17,31.84
O016089,C2836,2024-09-23,116.12
O016090,C2836,2024-10-06,63.08
O016091,C2836,2024-11-04,351.26
O016092,C2836,2024-11-19,202.12
O016093,C2836,2024-12-28,147.48
O016094,C2836,2025-02-07,387.26
O016095,C2836,2025-02-17,162.27
O016096,C2836,2025-04-08,322.37
O016097,C2836,2025-06-15,432.57
O016098,C2836,2025-08-22,285.75
O016099,C2836,2025-09-10,721.7
O016100,C2836,2025-11-15,93.04
O016101,C2836,2025-11-26,138.44
O016102,C2836,2025-12-24,248.67
O016103,C2837,2024-06-18,317.51
O016104,C2837,2024-09-03,424.96
O016105,C2837,2024-09-27,298.71
O016106,C2837,2024-10-11,113.45
O016107,C2837,2024-11-04,193.42
O016108,C2837,2024-12-08,258.7
O016109,C2837,2024-12-22,298.03
O016110,C2837,2025-02-06,123.42
O016111,C2837,2025-03-25,323.07
O016112,C2837,2025-04-20,338.31
O016113,C2837,2025-05-25,428.17
O016114,C2837,2025-06-08,100.58
O016115,C2837,2025-07-02,243.83
O016116,C2837,2025-07-21,121.41
O016117,C2837,2025-08-09,51.79
O016118,C2837,2025-08-23,326.5
O016119,C2837,2025-09-19,178.38
O016120,C2837,2025-10-25,318.12
O016121,C2837,2025-11-25,326.53
O016122,C2837,2025-12-20,18.11
O016123,C2837,2025-12-26,111.01
O016124,C2838,2024-12-19,351.82
O016125,C2838,2025-02-06,251.89
O016126,C2838,2025-02-20,173.66
O016127,C2838,2025-04-04,50.78
O016128,C2838,2025-05-29,36.57
O016129,C2838,2025-06-07,145.66
O016130,C2838,2025-07-13,176.92
O016131,C2838,2025-08-29,85.48
O016132,C2838,2025-09-13,116.87
O016133,C2838,2025-10-09,130.74
O016134,C2838,2025-11-03,252.47
O016135,C2838,2025-12-08,217.41
O016136,C2839,2025-05-28,144.96
O016137,C2839,2025-07-07,126.85
O016138,C2839,2025-08-26,158.56
O016139,C2839,2025-11-30,243.76
O016140,C2840,2024-09-04,115.86
O016141,C2840,2024-11-22,49.25
O016142,C2840,2025-01-01,73.17
O016143,C2840,2025-02-22,127.58
O016144,C2840,2025-06-26,22.02
O016145,C2840,2025-08-07,67.98
O016146,C2840,2025-08-22,29.78
O016147,C2840,2025-08-28,90.12
O016148,C2841,2024-12-08,73.34
O016149,C2843,2025-02-17,113.52
O016150,C2843,2025-04-23,49.66
O016151,C2843,2025-06-12,65.53
O016152,C2843,2025-08-24,27.97
O016153,C2843,2025-10-10,174.69
O016154,C2843,2025-11-15,78.13
O016155,C2844,2024-05-25,126.72
O016156,C2844,2024-07-06,150.4
O016157,C2844,2024-07-17,89.97
O016158,C2844,2024-10-16,188.78
O016159,C2844,2025-01-10,74.43
O016160,C2844,2025-02-21,91.01
O016161,C2844,2025-03-14,292.71
O016162,C2844,2025-04-05,171.56
O016163,C2844,2025-05-17,86.37
O016164,C2844,2025-07-20,80.01
O016165,C2844,2025-11-04,27.35
O016166,C2844,2025-11-23,318.44
O016167,C2845,2024-06-18,64.79
O016168,C2845,2024-08-14,23.04
O016169,C2846,2024-12-31,115.31
O016170,C2846,2025-03-01,113.96
O016171,C2846,2025-04-19,48.58
O016172,C2846,2025-08-23,154.85
O016173,C2846,2025-11-02,162.74
O016174,C2847,2024-06-10,70.92
O016175,C2847,2024-06-21,34.9
O016176,C2847,2024-07-23,187.95
O016177,C2847,2024-08-14,106.5
O016178,C2847,2024-08-30,232.65
O016179,C2847,2024-10-19,104.62
O016180,C2847,2024-12-26,65.0
O016181,C2847,2025-01-15,69.12
O016182,C2847,2025-03-23,90.28
O016183,C2847,2025-04-05,87.23
O016184,C2847,2025-05-31,89.14
O016185,C2847,2025-06-28,25.36
O016186,C2847,2025-07-04,153.17
O016187,C2847,2025-10-02,168.31
O016188,C2847,2025-11-23,111.63
O016189,C2848,2024-05-19,161.16
O016190,C2848,2024-06-15,162.35
O016191,C2848,2024-07-06,102.4
O016192,C2849,2024-11-30,28.56
O016193,C2849,2024-12-08,183.16
O016194,C2849,2025-01-07,35.61
O016195,C2849,2025-02-10,94.44
O016196,C2849,2025-04-17,57.73
O016197,C2849,2025-05-05,128.14
O016198,C2849,2025-07-12,54.49
O016199,C2849,2025-08-02,81.18
O016200,C2849,2025-09-24,23.54
O016201,C2849,2025-10-05,101.17
O016202,C2849,2025-11-02,125.34
O016203,C2849,2025-12-24,273.43
O016204,C2850,2024-12-15,120.87
O016205,C2850,2024-12-21,231.17
O016206,C2850,2025-02-19,88.74
O016207,C2850,2025-03-22,82.4
O016208,C2851,2024-05-26,36.57
O016209,C2851,2024-06-24,47.19
O016210,C2851,2024-07-23,107.92
O016211,C2851,2024-11-09,22.83
O016212,C2851,2025-02-02,156.18
O016213,C2851,2025-03-07,144.75
O016214,C2852,2024-02-22,64.03
O016215,C2852,2024-04-05,11.3
O016216,C2852,2024-05-05,41.87
O016217,C2852,2024-06-17,149.64
O016218,C2852,2024-08-17,109.19
O016219,C2852,2024-09-11,70.36
O016220,C2853,2025-04-16,75.77
O016221,C2854,2024-08-09,51.1
O016222,C2854,2024-09-09,29.44
O016223,C2854,2024-11-09,91.9
O016224,C2854,2024-12-11,29.04
O016225,C2854,2025-02-01,27.74
O016226,C2854,2025-06-23,29.97
O016227,C2854,2025-09-18,139.91
O016228,C2854,2025-10-16,41.29
O016229,C2854,2025-12-22,40.63
O016230,C2856,2024-04-08,79.97
O016231,C2856,2024-05-24,28.62
O016232,C2856,2024-07-08,118.13
O016233,C2856,2024-11-23,78.32
O016234,C2856,2025-01-23,60.12
O016235,C2856,2025-04-21,11.21
O016236,C2856,2025-08-04,116.31
O016237,C2856,2025-08-25,72.84
O016238,C2857,2024-06-25,27.98
O016239,C2857,2024-08-07,32.45
O016240,C2857,2024-08-21,66.33
O016241,C2857,2024-10-01,40.98
O016242,C2857,2024-10-23,137.19
O016243,C2857,2024-11-10,35.51
O016244,C2857,2025-03-01,35.38
O016245,C2857,2025-05-09,37.6
O016246,C2857,2025-06-21,205.14
O016247,C2857,2025-09-18,22.35
O016248,C2857,2025-11-12,37.07
O016249,C2857,2025-12-15,7.82
O016250,C2858,2024-12-18,81.99
O016251,C2858,2025-05-19,294.18
O016252,C2858,2025-08-23,143.52
O016253,C2858,2025-09-14,74.84
O016254,C2859,2024-05-15,64.76
O016255,C2859,2024-10-11,48.01
O016256,C2859,2025-03-10,84.56
O016257,C2859,2025-04-16,24.54
O016258,C2860,2024-08-13,184.68
O016259,C2860,2024-09-24,49.37
O016260,C2860,2025-01-04,106.65
O016261,C2861,2025-01-30,89.39
O016262,C2861,2025-02-05,54.67
O016263,C2861,2025-03-03,164.38
O016264,C2861,2025-04-08,34.21
O016265,C2862,2025-03-21,18.31
O016266,C2862,2025-06-11,88.23
O016267,C2863,2024-07-16,279.78
O016268,C2863,2024-08-20,120.84
O016269,C2863,2024-09-21,119.54
O016270,C2863,2024-10-11,184.0
O016271,C2863,2024-12-05,136.41
O016272,C2863,2024-12-13,98.08
O016273,C2863,2024-12-19,229.61
O016274,C2863,2025-01-06,167.06
O016275,C2863,2025-01-20,64.76
O016276,C2863,2025-03-07,86.38
O016277,C2863,2025-05-03,114.28
O016278,C2863,2025-06-17,69.49
O016279,C2863,2025-07-10,97.88
O016280,C2863,2025-07-21,87.37
O016281,C2863,2025-09-04,24.05
O016282,C2863,2025-09-14,140.68
O016283,C2863,2025-10-10,191.78
O016284,C2863,2025-11-04,50.9
O016285,C2863,2025-11-29,60.94
O016286,C2864,2024-03-30,117.44
O016287,C2865,2024-01-16,14.01
O016288,C2865,2024-02-08,79.06
O016289,C2865,2024-03-21,84.86
O016290,C2865,2024-04-05,12.52
O016291,C2866,2025-09-07,25.09
O016292,C2866,2025-10-20,126.2
O016293,C2866,2025-10-29,22.48
O016294,C2866,2025-11-04,101.26
O016295,C2867,2025-01-30,158.19
O016296,C2867,2025-04-25,19.99
O016297,C2867,2025-06-23,25.47
O016298,C2867,2025-09-14,48.25
O016299,C2867,2025-10-08,189.24
O016300,C2867,2025-10-28,16.61
O016301,C2868,2024-12-20,124.0
O016302,C2868,2025-01-06,34.58
O016303,C2868,2025-01-19,96.71
O016304,C2868,2025-04-14,26.9
O016305,C2868,2025-04-27,581.38
O016306,C2868,2025-07-23,354.14
O016307,C2868,2025-08-23,140.48
O016308,C2868,2025-09-11,13.74
O016309,C2868,2025-12-22,124.54
O016310,C2869,2024-09-08,74.13
O016311,C2869,2024-10-06,35.07
O016312,C2869,2024-11-07,262.35
O016313,C2869,2024-12-27,216.41
O016314,C2869,2025-04-12,51.34
O016315,C2870,2025-06-13,73.26
O016316,C2870,2025-08-25,95.02
O016317,C2870,2025-11-04,78.29
O016318,C2870,2025-11-22,138.51
O016319,C2870,2025-12-14,253.61
O016320,C2871,2024-05-22,148.31
O016321,C2872,2025-06-20,30.57
O016322,C2872,2025-07-14,76.74
O016323,C2872,2025-08-30,37.28
O016324,C2872,2025-12-16,57.3
O016325,C2873,2024-09-16,76.45
O016326,C2873,2024-10-22,50.18
O016327,C2873,2024-11-22,34.84
O016328,C2873,2024-12-20,137.47
O016329,C2873,2025-01-24,245.59
O016330,C2873,2025-02-25,79.35
O016331,C2873,2025-04-16,59.93
O016332,C2873,2025-10-23,12.41
O016333,C2873,2025-11-22,101.55
O016334,C2874,2024-06-22,245.31
O016335,C2874,2024-08-03,236.24
O016336,C2874,2024-09-13,271.89
O016337,C2874,2024-10-06,30.78
O016338,C2874,2024-10-25,439.2
O016339,C2874,2024-12-08,182.14
O016340,C2874,2025-01-06,34.12
O016341,C2874,2025-01-14,241.6
O016342,C2874,2025-02-12,207.79
O016343,C2874,2025-03-02,332.81
O016344,C2874,2025-05-12,311.26
O016345,C2874,2025-05-23,192.98
O016346,C2874,2025-06-08,588.33
O016347,C2874,2025-07-17,348.59
O016348,C2874,2025-09-05,158.72
O016349,C2874,2025-10-01,476.18
O016350,C2874,2025-10-18,263.53
O016351,C2874,2025-10-25,123.26
O016352,C2874,2025-11-19,109.89
O016353,C2874,2025-12-20,375.63
O016354,C2874,2025-12-26,88.11
O016355,C2875,2024-04-01,73.42
O016356,C2875,2024-10-06,68.57
O016357,C2875,2025-04-13,28.34
O016358,C2875,2025-06-16,53.04
O016359,C2875,2025-07-29,22.66
O016360,C2875,2025-11-11,91.79
O016361,C2876,2024-12-08,64.16
O016362,C2876,2025-01-18,38.07
O016363,C2876,2025-03-19,148.1
O016364,C2876,2025-04-08,49.12
O016365,C2876,2025-07-02,46.43
O016366,C2876,2025-09-06,76.23
O016367,C2876,2025-12-13,126.91
O016368,C2877,2024-07-30,85.75
O016369,C2877,2024-09-12,146.43
O016370,C2877,2024-12-09,473.86
O016371,C2877,2025-01-24,35.75
O016372,C2879,2024-10-05,16.0
O016373,C2879,2025-01-10,24.28
O016374,C2879,2025-11-07,56.09
O016375,C2880,2025-07-18,257.75
O016376,C2880,2025-07-24,196.55
O016377,C2880,2025-09-16,173.74
O016378,C2880,2025-12-04,49.51
O016379,C2880,2025-12-17,66.19
O016380,C2881,2025-02-28,161.71
O016381,C2881,2025-05-04,35.75
O016382,C2882,2025-02-05,75.88
O016383,C2882,2025-03-31,35.28
O016384,C2882,2025-06-04,27.18
O016385,C2882,2025-07-27,329.37
O016386,C2882,2025-09-13,369.86
O016387,C2882,2025-11-11,502.88
O016388,C2883,2025-05-27,40.2
O016389,C2884,2025-01-17,202.02
O016390,C2884,2025-01-26,143.5
O016391,C2884,2025-02-22,64.02
O016392,C2884,2025-03-13,181.36
O016393,C2884,2025-03-31,111.24
O016394,C2884,2025-07-11,196.99
O016395,C2885,2024-09-01,71.54
O016396,C2885,2024-12-04,64.02
O016397,C2885,2025-01-09,118.66
O016398,C2886,2025-01-24,38.79
O016399,C2886,2025-02-19,159.89
O016400,C2886,2025-03-24,126.57
O016401,C2886,2025-05-08,71.88
O016402,C2886,2025-06-03,159.91
O016403,C2886,2025-06-09,60.92
O016404,C2886,2025-07-31,81.51
O016405,C2886,2025-08-31,48.55
O016406,C2886,2025-09-30,108.81
O016407,C2886,2025-12-04,31.62
O016408,C2887,2025-03-13,59.33
O016409,C2887,2025-05-25,46.73
O016410,C2887,2025-10-27,13.93
O016411,C2887,2025-12-13,292.64
O016412,C2888,2024-10-13,24.37
O016413,C2888,2024-12-25,225.1
O016414,C2888,2025-01-10,13.66
O016415,C2888,2025-06-30,66.99
O016416,C2888,2025-08-23,62.42
O016417,C2889,2025-03-13,290.8
O016418,C2889,2025-03-19,369.0
O016419,C2889,2025-04-17,101.8
O016420,C2889,2025-05-24,121.07
O016421,C2889,2025-06-23,77.92
O016422,C2889,2025-08-10,715.44
O016423,C2889,2025-09-13,134.43
O016424,C2889,2025-10-20,156.98
O016425,C2889,2025-11-25,233.69
O016426,C2890,2025-06-19,107.55
O016427,C2890,2025-07-15,101.93
O016428,C2890,2025-08-04,331.61
O016429,C2890,2025-10-14,29.75
O016430,C2890,2025-12-26,142.65
O016431,C2891,2025-03-13,226.16
O016432,C2891,2025-07-28,68.36
O016433,C2891,2025-10-25,88.68
O016434,C2892,2024-10-04,336.14
O016435,C2892,2024-10-21,144.56
O016436,C2892,2024-11-22,523.18
O016437,C2892,2024-12-23,331.58
O016438,C2892,2025-01-22,335.48
O016439,C2892,2025-01-30,187.95
O016440,C2892,2025-02-14,131.6
O016441,C2892,2025-02-20,340.33
O016442,C2892,2025-03-13,227.34
O016443,C2892,2025-04-15,507.12
O016444,C2892,2025-05-29,296.51
O016445,C2892,2025-06-04,137.77
O016446,C2892,2025-08-22,278.03
O016447,C2893,2024-09-28,13.58
O016448,C2894,2025-04-13,147.15
O016449,C2894,2025-05-27,148.39
O016450,C2894,2025-07-16,47.39
O016451,C2894,2025-08-14,149.58
O016452,C2894,2025-09-13,162.92
O016453,C2894,2025-12-08,215.52
O016454,C2895,2025-04-29,50.21
O016455,C2895,2025-05-31,92.95
O016456,C2895,2025-09-11,23.93
O016457,C2895,2025-09-22,180.55
O016458,C2895,2025-11-28,50.83
O016459,C2896,2024-07-04,142.71
O016460,C2896,2024-08-09,52.03
O016461,C2896,2024-09-26,25.43
O016462,C2896,2024-12-24,55.32
O016463,C2896,2025-04-20,97.48
O016464,C2896,2025-05-01,221.68
O016465,C2896,2025-05-26,108.32
O016466,C2896,2025-07-29,139.72
O016467,C2896,2025-09-02,112.52
O016468,C2896,2025-10-28,187.65
O016469,C2897,2024-01-11,97.61
O016470,C2897,2024-02-22,37.06
O016471,C2897,2024-04-12,19.31
O016472,C2898,2025-10-20,121.08
O016473,C2898,2025-12-10,59.12
O016474,C2899,2024-05-18,119.8
O016475,C2899,2024-08-02,52.18
O016476,C2899,2024-10-12,33.93
O016477,C2899,2024-12-08,46.21
O016478,C2899,2024-12-29,85.82
O016479,C2899,2025-02-12,21.94
O016480,C2899,2025-02-27,13.78
O016481,C2899,2025-04-21,92.37
O016482,C2899,2025-06-06,94.88
O016483,C2899,2025-07-26,84.35
O016484,C2899,2025-09-13,103.42
O016485,C2899,2025-11-12,14.21
O016486,C2899,2025-12-18,47.33
O016487,C2900,2025-12-08,120.81
O016488,C2900,2025-12-31,19.96
O016489,C2901,2024-01-25,67.9
O016490,C2901,2024-03-02,91.69
O016491,C2901,2024-04-20,93.46
O016492,C2901,2024-05-05,74.39
O016493,C2901,2024-08-08,124.43
O016494,C2901,2024-12-11,52.16
O016495,C2901,2025-03-06,16.82
O016496,C2901,2025-08-14,140.76
O016497,C2902,2025-05-28,72.69
O016498,C2902,2025-07-26,57.38
O016499,C2904,2024-07-21,38.45
O016500,C2904,2024-09-11,36.33
O016501,C2904,2024-10-10,264.46
O016502,C2904,2025-01-25,89.16
O016503,C2904,2025-03-04,186.1
O016504,C2905,2024-01-29,184.99
O016505,C2906,2025-04-16,13.68
O016506,C2906,2025-11-02,21.77
O016507,C2907,2024-03-29,23.16
O016508,C2907,2024-05-05,20.01
O016509,C2907,2024-09-29,9.77
O016510,C2907,2024-11-29,46.16
O016511,C2907,2025-01-04,25.02
O016512,C2907,2025-03-24,23.64
O016513,C2907,2025-05-15,53.88
O016514,C2907,2025-10-19,19.97
O016515,C2908,2024-03-06,120.98
O016516,C2908,2024-05-05,666.24
O016517,C2908,2024-06-07,145.4
O016518,C2908,2024-08-16,39.23
O016519,C2909,2025-03-17,193.97
O016520,C2909,2025-04-16,226.41
O016521,C2909,2025-05-21,61.15
O016522,C2909,2025-06-01,81.09
O016523,C2909,2025-06-09,223.3
O016524,C2909,2025-06-15,315.76
O016525,C2909,2025-08-04,129.09
O016526,C2909,2025-09-08,183.28
O016527,C2909,2025-09-23,221.1
O016528,C2910,2025-01-15,103.18
O016529,C2910,2025-04-29,55.86
O016530,C2910,2025-07-29,88.98
O016531,C2911,2024-03-21,156.23
O016532,C2911,2024-04-09,387.5
O016533,C2911,2024-05-16,34.19
O016534,C2911,2024-07-19,61.83
O016535,C2911,2024-07-25,31.53
O016536,C2911,2024-08-24,144.66
O016537,C2911,2024-09-09,184.03
O016538,C2911,2024-11-03,199.52
O016539,C2911,2024-11-23,471.08
O016540,C2911,2024-12-03,97.84
O016541,C2911,2024-12-24,98.28
O016542,C2911,2025-01-09,69.52
O016543,C2911,2025-02-01,219.69
O016544,C2911,2025-02-13,131.75
O016545,C2911,2025-03-13,130.83
O016546,C2911,2025-04-18,81.59
O016547,C2911,2025-05-03,224.46
O016548,C2911,2025-05-23,267.85
O016549,C2911,2025-06-09,139.68
O016550,C2911,2025-06-29,203.97
O016551,C2911,2025-09-13,108.35
O016552,C2911,2025-10-07,180.67
O016553,C2911,2025-11-30,246.57
O016554,C2911,2025-12-06,202.61
O016555,C2911,2025-12-22,49.28
O016556,C2912,2024-07-17,245.34
O016557,C2912,2024-09-26,38.76
O016558,C2912,2024-11-07,61.15
O016559,C2912,2024-12-04,166.02
O016560,C2912,2025-03-16,34.0
O016561,C2912,2025-04-27,67.46
O016562,C2912,2025-06-17,22.58
O016563,C2912,2025-08-22,214.32
O016564,C2912,2025-08-28,115.05
O016565,C2912,2025-11-19,43.22
O016566,C2912,2025-12-31,218.9
O016567,C2913,2025-01-05,152.36
O016568,C2913,2025-01-25,32.58
O016569,C2913,2025-02-24,146.62
O016570,C2913,2025-03-14,183.24
O016571,C2913,2025-03-28,185.17
O016572,C2913,2025-04-21,108.67
O016573,C2913,2025-05-13,222.58
O016574,C2914,2025-01-01,155.4
O016575,C2914,2025-03-31,45.47
O016576,C2914,2025-06-01,229.75
O016577,C2914,2025-10-06,114.12
O016578,C2914,2025-11-21,55.24
O016579,C2914,2025-12-19,42.05
O016580,C2915,2024-08-14,92.31
O016581,C2915,2024-10-14,620.84
O016582,C2915,2025-04-02,99.47
O016583,C2915,2025-08-06,47.55
O016584,C2915,2025-08-26,21.53
O016585,C2916,2024-08-19,41.84
O016586,C2917,2024-03-03,40.19
O016587,C2917,2024-05-19,64.61
O016588,C2917,2024-07-25,22.39
O016589,C2917,2024-09-03,42.44
O016590,C2917,2025-01-31,26.86
O016591,C2917,2025-07-02,158.18
O016592,C2918,2024-01-10,60.36
O016593,C2918,2024-01-25,50.14
O016594,C2918,2024-03-09,53.89
O016595,C2918,2024-05-23,13.61
O016596,C2918,2024-06-28,34.29
O016597,C2918,2024-08-01,89.6
O016598,C2918,2024-09-27,120.39
O016599,C2918,2024-11-15,140.5
O016600,C2918,2024-12-23,159.5
O016601,C2918,2025-02-06,19.49
O016602,C2918,2025-04-07,75.35
O016603,C2918,2025-06-09,200.71
O016604,C2918,2025-06-18,83.34
O016605,C2918,2025-07-31,109.14
O016606,C2918,2025-08-15,170.35
O016607,C2918,2025-09-10,29.56
O016608,C2918,2025-10-09,29.68
O016609,C2918,2025-10-27,153.77
O016610,C2918,2025-11-04,107.09
O016611,C2918,2025-12-18,78.05
O016612,C2919,2025-07-20,129.31
O016613,C2920,2024-05-07,94.5
O016614,C2920,2024-09-29,74.81
O016615,C2920,2024-12-19,139.43
O016616,C2920,2024-12-29,58.68
O016617,C2920,2025-02-05,21.28
O016618,C2920,2025-06-25,24.12
O016619,C2922,2024-03-02,17.37
O016620,C2922,2024-04-11,55.88
O016621,C2923,2025-06-26,38.58
O016622,C2923,2025-09-18,117.75
O016623,C2924,2024-09-04,68.74
O016624,C2924,2024-12-18,51.09
O016625,C2924,2025-03-09,43.7
O016626,C2924,2025-05-14,190.92
O016627,C2924,2025-08-05,173.86
O016628,C2924,2025-09-14,47.26
O016629,C2925,2025-11-06,20.49
O016630,C2926,2025-04-13,23.83
O016631,C2927,2024-07-19,36.15
O016632,C2928,2025-03-02,105.5
O016633,C2928,2025-05-29,29.43
O016634,C2928,2025-09-22,29.79
O016635,C2928,2025-10-14,66.87
O016636,C2929,2024-07-04,43.09
O016637,C2929,2024-08-27,428.71
O016638,C2929,2024-09-05,315.25
O016639,C2929,2024-09-21,123.73
O016640,C2929,2024-10-03,106.29
O016641,C2929,2024-11-13,104.28
O016642,C2929,2024-12-12,252.31
O016643,C2929,2024-12-18,216.47
O016644,C2929,2025-01-22,67.7
O016645,C2930,2025-10-24,57.8
O016646,C2931,2025-06-15,22.16
O016647,C2931,2025-07-20,68.36
O016648,C2931,2025-10-02,35.44
O016649,C2931,2025-11-30,18.45
O016650,C2932,2025-03-20,132.43
O016651,C2932,2025-04-22,42.05
O016652,C2932,2025-05-13,87.87
O016653,C2932,2025-08-12,114.95
O016654,C2932,2025-09-16,213.95
O016655,C2932,2025-12-02,153.11
O016656,C2933,2025-10-07,80.95
O016657,C2934,2024-08-15,236.55
O016658,C2934,2024-09-22,134.29
O016659,C2934,2024-11-28,53.78
O016660,C2934,2024-12-07,58.73
O016661,C2934,2025-02-21,13.12
O016662,C2935,2024-03-04,194.77
O016663,C2935,2024-03-14,366.3
O016664,C2935,2024-05-24,23.62
O016665,C2935,2024-06-23,53.41
O016666,C2935,2024-07-25,359.01
O016667,C2935,2024-08-02,205.68
O016668,C2935,2024-08-16,331.78
O016669,C2935,2024-09-02,327.23
O016670,C2935,2024-09-13,419.84
O016671,C2935,2024-10-17,126.01
O016672,C2935,2024-12-27,84.06
O016673,C2935,2025-01-20,257.98
O016674,C2935,2025-03-07,379.58
O016675,C2935,2025-03-23,217.88
O016676,C2935,2025-04-10,137.47
O016677,C2935,2025-05-04,181.3
O016678,C2935,2025-05-16,364.23
O016679,C2935,2025-05-28,278.21
O016680,C2935,2025-06-07,247.05
O016681,C2935,2025-07-03,172.59
O016682,C2935,2025-07-11,50.42
O016683,C2935,2025-08-03,387.25
O016684,C2935,2025-09-16,139.46
O016685,C2935,2025-09-25,114.21
O016686,C2935,2025-10-02,179.51
O016687,C2935,2025-10-27,174.78
O016688,C2935,2025-11-21,469.04
O016689,C2935,2025-11-27,70.44
O016690,C2935,2025-12-18,365.51
O016691,C2936,2024-10-05,92.49
O016692,C2936,2024-10-17,134.2
O016693,C2936,2024-11-17,226.99
O016694,C2936,2024-12-11,523.8
O016695,C2936,2025-01-05,342.5
O016696,C2936,2025-01-29,305.46
O016697,C2936,2025-02-14,59.18
O016698,C2936,2025-02-22,113.46
O016699,C2936,2025-05-06,112.42
O016700,C2936,2025-05-22,320.77
O016701,C2936,2025-05-28,77.41
O016702,C2936,2025-07-05,120.23
O016703,C2936,2025-08-12,105.85
O016704,C2936,2025-09-19,29.05
O016705,C2936,2025-11-21,157.07
O016706,C2937,2024-03-14,216.5
O016707,C2937,2024-04-03,180.72
O016708,C2937,2024-05-27,326.35
O016709,C2937,2024-07-23,114.81
O016710,C2937,2024-07-29,43.88
O016711,C2937,2024-10-18,148.6
O016712,C2937,2024-11-10,132.18
O016713,C2937,2024-12-09,205.59
O016714,C2937,2025-01-01,150.03
O016715,C2937,2025-03-01,148.03
O016716,C2937,2025-03-20,81.68
O016717,C2937,2025-05-21,114.83
O016718,C2937,2025-07-01,124.99
O016719,C2937,2025-07-17,131.23
O016720,C2937,2025-07-23,160.58
O016721,C2937,2025-07-29,78.07
O016722,C2937,2025-08-05,244.64
O016723,C2937,2025-11-21,190.7
O016724,C2938,2024-10-28,15.28
O016725,C2939,2025-05-09,74.49
O016726,C2939,2025-06-02,79.92
O016727,C2939,2025-07-05,75.36
O016728,C2939,2025-07-12,13.38
O016729,C2939,2025-08-03,109.55
O016730,C2939,2025-08-31,179.04
O016731,C2939,2025-09-15,122.08
O016732,C2939,2025-09-28,81.89
O016733,C2939,2025-10-05,101.86
O016734,C2939,2025-10-26,14.27
O016735,C2939,2025-11-07,130.74
O016736,C2939,2025-12-14,113.63
O016737,C2939,2025-12-26,76.25
O016738,C2940,2025-06-21,138.99
O016739,C2941,2025-11-09,216.99
O016740,C2941,2025-12-25,195.26
O016741,C2942,2024-11-27,37.19
O016742,C2942,2025-01-31,200.31
O016743,C2942,2025-06-30,73.68
O016744,C2943,2024-02-17,103.62
O016745,C2943,2024-03-08,37.75
O016746,C2943,2024-04-21,33.82
O016747,C2943,2024-09-05,61.68
O016748,C2943,2024-10-26,84.65
O016749,C2943,2025-01-07,14.38
O016750,C2943,2025-03-31,40.57
O016751,C2943,2025-05-17,87.64
O016752,C2943,2025-08-13,112.01
O016753,C2944,2025-02-05,34.45
O016754,C2944,2025-03-01,100.93
O016755,C2944,2025-06-10,49.48
O016756,C2944,2025-07-06,12.95
O016757,C2944,2025-08-31,58.4
O016758,C2944,2025-12-31,24.56
O016759,C2945,2024-01-17,328.26
O016760,C2945,2024-02-01,506.98
O016761,C2945,2024-02-16,382.13
O016762,C2945,2024-03-22,115.75
O016763,C2945,2024-05-06,43.21
O016764,C2945,2024-05-26,185.38
O016765,C2945,2024-06-27,105.97
O016766,C2945,2024-08-13,42.77
O016767,C2945,2024-09-19,144.19
O016768,C2945,2024-10-10,60.5
O016769,C2945,2024-10-28,157.41
O016770,C2945,2025-02-15,41.76
O016771,C2945,2025-02-28,359.44
O016772,C2945,2025-03-30,683.56
O016773,C2945,2025-04-28,64.8
O016774,C2945,2025-05-26,345.26
O016775,C2945,2025-07-12,240.26
O016776,C2945,2025-07-25,379.54
O016777,C2945,2025-08-17,79.51
O016778,C2945,2025-08-23,406.55
O016779,C2945,2025-10-06,150.52
O016780,C2945,2025-10-15,340.19
O016781,C2945,2025-11-23,153.8
O016782,C2945,2025-12-13,316.2
O016783,C2946,2025-01-09,14.0
O016784,C2946,2025-01-16,139.62
O016785,C2946,2025-02-09,138.99
O016786,C2946,2025-04-02,277.31
O016787,C2947,2024-10-09,16.73
O016788,C2947,2024-11-03,106.85
O016789,C2947,2024-12-26,307.0
O016790,C2947,2025-01-09,147.43
O016791,C2948,2025-02-19,30.93
O016792,C2948,2025-03-08,179.37
O016793,C2948,2025-03-30,16.49
O016794,C2948,2025-04-18,58.22
O016795,C2948,2025-05-23,82.25
O016796,C2948,2025-06-17,114.42
O016797,C2948,2025-07-22,122.03
O016798,C2948,2025-07-31,445.66
O016799,C2948,2025-09-05,133.76
O016800,C2949,2024-08-03,158.97
O016801,C2949,2024-09-27,111.81
O016802,C2949,2025-03-08,36.48
O016803,C2949,2025-04-12,202.1
O016804,C2949,2025-05-12,40.42
O016805,C2949,2025-05-31,172.81
O016806,C2949,2025-10-30,182.53
O016807,C2949,2025-12-22,68.14
O016808,C2950,2024-03-10,92.46
O016809,C2950,2024-03-30,101.28
O016810,C2950,2024-04-21,106.49
O016811,C2950,2024-05-11,192.42
O016812,C2950,2024-07-21,109.65
O016813,C2950,2024-08-24,61.92
O016814,C2950,2024-09-15,110.58
O016815,C2950,2024-10-21,102.88
O016816,C2950,2024-12-07,51.14
O016817,C2950,2025-01-31,83.91
O016818,C2950,2025-03-17,40.88
O016819,C2950,2025-03-23,15.14
O016820,C2950,2025-05-05,346.61
O016821,C2950,2025-06-17,124.14
O016822,C2950,2025-07-23,92.08
O016823,C2950,2025-09-03,64.34
O016824,C2950,2025-10-02,65.65
O016825,C2950,2025-11-06,122.15
O016826,C2950,2025-12-25,81.88
O016827,C2951,2024-08-20,20.7
O016828,C2951,2024-10-22,32.61
O016829,C2954,2024-06-28,45.19
O016830,C2954,2024-11-06,42.6
O016831,C2954,2025-02-04,163.28
O016832,C2954,2025-07-20,90.1
O016833,C2955,2024-08-03,39.02
O016834,C2955,2024-08-19,84.24
O016835,C2955,2024-11-16,195.68
O016836,C2956,2025-05-04,12.65
O016837,C2957,2024-07-22,50.16
O016838,C2957,2024-09-07,100.36
O016839,C2957,2024-10-29,209.32
O016840,C2957,2024-12-29,458.05
O016841,C2958,2024-05-25,180.57
O016842,C2958,2024-07-10,60.69
O016843,C2958,2024-09-13,33.61
O016844,C2958,2024-11-24,186.8
O016845,C2958,2025-01-09,139.43
O016846,C2958,2025-03-16,23.62
O016847,C2958,2025-05-29,121.81
O016848,C2958,2025-11-17,12.27
O016849,C2959,2025-04-09,143.01
O016850,C2959,2025-04-18,47.97
O016851,C2959,2025-04-26,286.99
O016852,C2960,2025-09-07,60.97
O016853,C2960,2025-10-01,54.05
O016854,C2960,2025-12-03,16.37
O016855,C2960,2025-12-30,56.06
O016856,C2961,2024-12-01,224.7
O016857,C2961,2025-01-22,74.43
O016858,C2961,2025-02-15,115.69
O016859,C2961,2025-03-21,25.65
O016860,C2961,2025-04-15,34.9
O016861,C2961,2025-05-17,214.73
O016862,C2961,2025-09-18,108.81
O016863,C2961,2025-09-24,23.05
O016864,C2962,2024-10-08,71.21
O016865,C2962,2024-12-08,261.49
O016866,C2962,2024-12-28,47.83
O016867,C2962,2025-01-29,139.45
O016868,C2962,2025-03-16,99.16
O016869,C2962,2025-04-11,63.92
O016870,C2962,2025-05-19,95.01
O016871,C2962,2025-06-22,72.42
O016872,C2962,2025-07-14,233.76
O016873,C2962,2025-07-23,272.01
O016874,C2962,2025-08-27,115.89
O016875,C2962,2025-09-10,27.54
O016876,C2962,2025-10-11,53.06
O016877,C2962,2025-11-04,157.27
O016878,C2962,2025-12-10,77.45
O016879,C2962,2025-12-18,57.91
O016880,C2963,2024-12-12,44.4
O016881,C2963,2025-01-06,45.68
O016882,C2963,2025-01-20,67.92
O016883,C2963,2025-04-14,35.31
O016884,C2963,2025-06-22,108.71
O016885,C2963,2025-07-04,61.98
O016886,C2963,2025-09-02,63.71
O016887,C2963,2025-10-26,90.65
O016888,C2963,2025-11-17,61.53
O016889,C2963,2025-12-31,80.1
O016890,C2964,2024-06-28,79.91
O016891,C2964,2024-09-14,95.25
O016892,C2964,2024-09-24,37.1
O016893,C2964,2024-11-15,60.06
O016894,C2964,2024-11-21,82.87
O016895,C2964,2024-12-05,226.88
O016896,C2964,2025-02-21,136.03
O016897,C2964,2025-03-30,37.16
O016898,C2964,2025-05-21,168.38
O016899,C2964,2025-06-14,188.02
O016900,C2964,2025-07-26,91.5
O016901,C2964,2025-08-04,431.7
O016902,C2964,2025-09-01,142.73
O016903,C2964,2025-11-17,34.91
O016904,C2964,2025-12-23,136.29
O016905,C2965,2025-02-14,95.56
O016906,C2965,2025-03-09,200.49
O016907,C2965,2025-03-27,90.42
O016908,C2965,2025-05-19,19.88
O016909,C2965,2025-06-03,108.91
O016910,C2965,2025-07-09,236.41
O016911,C2965,2025-09-08,84.97
O016912,C2965,2025-10-26,60.66
O016913,C2965,2025-12-25,22.71
O016914,C2966,2024-09-03,37.79
O016915,C2966,2025-05-14,18.89
O016916,C2967,2025-09-24,37.72
O016917,C2968,2024-04-24,76.01
O016918,C2968,2024-09-02,91.89
O016919,C2968,2024-11-07,39.22
O016920,C2968,2024-12-06,33.9
O016921,C2968,2025-02-05,125.75
O016922,C2968,2025-04-18,77.04
O016923,C2968,2025-06-01,35.22
O016924,C2968,2025-07-09,26.0
O016925,C2968,2025-08-06,51.4
O016926,C2968,2025-09-28,193.59
O016927,C2968,2025-10-16,107.78
O016928,C2968,2025-10-30,186.85
O016929,C2968,2025-11-12,57.51
O016930,C2968,2025-12-08,94.29
O016931,C2969,2024-03-05,212.69
O016932,C2969,2024-07-14,141.17
O016933,C2969,2024-09-14,133.31
O016934,C2969,2025-02-28,24.12
O016935,C2969,2025-08-07,56.04
O016936,C2970,2024-12-05,58.75
O016937,C2970,2025-01-13,78.17
O016938,C2970,2025-05-08,22.01
O016939,C2970,2025-06-19,135.04
O016940,C2970,2025-08-21,46.4
O016941,C2970,2025-09-13,38.44
O016942,C2970,2025-11-21,31.65
O016943,C2970,2025-11-27,102.27
O016944,C2971,2024-04-01,45.42
O016945,C2971,2024-05-12,43.51
O016946,C2971,2024-07-12,37.86
O016947,C2972,2025-05-27,37.72
O016948,C2972,2025-06-25,80.83
O016949,C2972,2025-08-22,153.41
O016950,C2972,2025-11-08,200.73
O016951,C2973,2025-06-17,172.16
O016952,C2973,2025-07-10,360.13
O016953,C2973,2025-07-22,123.2
O016954,C2974,2024-08-05,108.98
O016955,C2974,2024-10-08,240.22
O016956,C2974,2025-03-10,66.88
O016957,C2974,2025-05-17,38.2
O016958,C2975,2024-09-02,8.29
O016959,C2975,2024-11-03,23.25
O016960,C2975,2025-02-05,48.3
O016961,C2975,2025-05-03,6.85
O016962,C2975,2025-07-25,21.9
O016963,C2975,2025-09-28,88.88
O016964,C2976,2024-10-28,54.03
O016965,C2976,2024-12-08,86.71
O016966,C2976,2025-01-06,46.91
O016967,C2976,2025-02-14,75.35
O016968,C2977,2024-05-15,65.63
O016969,C2977,2024-11-03,44.62
O016970,C2977,2025-01-19,53.75
O016971,C2977,2025-03-16,173.2
O016972,C2977,2025-07-12,21.81
O016973,C2977,2025-11-13,51.51
O016974,C2979,2024-03-11,172.07
O016975,C2980,2024-09-11,147.28
O016976,C2980,2024-09-23,54.66
O016977,C2980,2024-10-03,139.85
O016978,C2980,2024-10-22,160.24
O016979,C2980,2024-11-16,112.33
O016980,C2980,2024-12-07,161.45
O016981,C2980,2024-12-14,230.74
O016982,C2980,2025-01-12,251.64
O016983,C2980,2025-02-08,102.07
O016984,C2980,2025-04-17,30.31
O016985,C2980,2025-07-13,384.35
O016986,C2980,2025-07-19,714.2
O016987,C2980,2025-09-16,467.34
O016988,C2980,2025-10-27,191.41
O016989,C2980,2025-11-05,139.84
O016990,C2980,2025-12-12,136.24
O016991,C2981,2024-04-21,345.21
O016992,C2981,2024-05-21,65.77
O016993,C2981,2024-06-13,25.73
O016994,C2981,2024-07-03,34.9
O016995,C2981,2024-08-16,220.14
O016996,C2981,2024-10-03,149.89
O016997,C2981,2024-11-10,29.64
O016998,C2981,2024-12-29,142.82
O016999,C2981,2025-01-05,69.4
O017000,C2981,2025-01-27,65.52
O017001,C2981,2025-03-16,247.82
O017002,C2981,2025-04-04,107.71
O017003,C2981,2025-05-12,135.25
O017004,C2981,2025-05-29,130.95
O017005,C2981,2025-07-09,38.49
O017006,C2981,2025-08-20,81.72
O017007,C2981,2025-09-28,66.03
O017008,C2981,2025-11-22,92.15
O017009,C2981,2025-12-06,132.9
O017010,C2981,2025-12-12,79.46
O017011,C2982,2025-04-02,39.51
O017012,C2982,2025-05-05,189.34
O017013,C2982,2025-06-08,64.34
O017014,C2982,2025-06-24,98.43
O017015,C2982,2025-07-22,46.11
O017016,C2982,2025-08-21,129.56
O017017,C2982,2025-09-09,38.68
O017018,C2982,2025-10-26,195.62
O017019,C2982,2025-11-01,121.91
O017020,C2982,2025-11-21,194.21
O017021,C2982,2025-12-09,42.68
O017022,C2983,2024-03-28,162.25
O017023,C2983,2024-05-14,182.58
O017024,C2983,2024-06-09,81.92
O017025,C2983,2024-06-28,146.9
O017026,C2983,2024-08-04,203.69
O017027,C2983,2024-09-18,55.01
O017028,C2983,2024-11-04,58.97
O017029,C2983,2024-12-24,95.67
O017030,C2983,2025-01-24,132.51
O017031,C2983,2025-02-07,87.43
O017032,C2983,2025-03-18,210.3
O017033,C2983,2025-07-18,127.62
O017034,C2983,2025-08-06,168.54
O017035,C2983,2025-11-05,11.09
O017036,C2984,2024-10-14,52.5
O017037,C2984,2024-12-02,15.51
O017038,C2984,2025-02-28,38.0
O017039,C2984,2025-06-23,34.48
O017040,C2984,2025-08-19,16.18
O017041,C2985,2025-04-16,86.73
O017042,C2985,2025-05-07,104.1
O017043,C2985,2025-08-01,33.64
O017044,C2985,2025-08-14,46.9
O017045,C2985,2025-11-02,31.42
O017046,C2985,2025-12-06,90.4
O017047,C2986,2024-11-05,118.37
O017048,C2986,2025-01-22,13.53
O017049,C2986,2025-04-07,31.64
O017050,C2986,2025-08-02,34.38
O017051,C2986,2025-10-05,9.77
O017052,C2987,2024-04-24,88.91
O017053,C2987,2024-10-14,26.13
O017054,C2987,2025-01-03,7.19
O017055,C2987,2025-02-22,6.51
O017056,C2987,2025-06-25,46.78
O017057,C2987,2025-08-18,64.33
O017058,C2987,2025-11-05,20.07
O017059,C2988,2024-05-26,38.64
O017060,C2988,2024-07-22,75.09
O017061,C2988,2024-10-01,54.95
O017062,C2988,2025-02-13,126.22
O017063,C2988,2025-03-17,159.56
O017064,C2988,2025-06-08,105.45
O017065,C2988,2025-07-25,31.02
O017066,C2988,2025-11-01,96.46
O017067,C2989,2024-12-08,116.52
O017068,C2989,2025-01-31,10.32
O017069,C2989,2025-05-09,141.75
O017070,C2989,2025-08-03,24.61
O017071,C2989,2025-08-26,14.22
O017072,C2990,2024-03-26,54.75
O017073,C2990,2024-05-29,40.62
O017074,C2991,2024-07-19,36.36
O017075,C2991,2024-09-08,103.89
O017076,C2991,2024-12-23,93.02
O017077,C2991,2025-02-12,30.28
O017078,C2991,2025-03-12,25.1
O017079,C2991,2025-04-02,15.07
O017080,C2991,2025-04-22,74.8
O017081,C2991,2025-05-24,21.37
O017082,C2991,2025-07-03,68.08
O017083,C2991,2025-07-18,22.28
O017084,C2992,2025-01-02,76.47
O017085,C2992,2025-05-21,23.87
O017086,C2992,2025-09-11,22.34
O017087,C2992,2025-12-10,12.97
O017088,C2993,2024-08-21,12.01
O017089,C2993,2024-10-04,53.65
O017090,C2993,2025-03-12,58.09
O017091,C2993,2025-05-14,24.11
O017092,C2993,2025-10-14,27.8
O017093,C2994,2025-04-29,41.18
O017094,C2994,2025-06-08,88.88
O017095,C2994,2025-08-01,51.34
O017096,C2994,2025-08-07,55.07
O017097,C2994,2025-08-19,10.94
O017098,C2994,2025-09-26,56.31
O017099,C2994,2025-11-15,57.64
O017100,C2995,2025-01-14,264.03
O017101,C2995,2025-01-31,81.1
O017102,C2995,2025-03-09,256.55
O017103,C2995,2025-09-25,227.12
O017104,C2995,2025-11-14,322.44
O017105,C2996,2024-05-06,65.99
O017106,C2996,2024-06-29,66.76
O017107,C2996,2024-09-20,68.74
O017108,C2996,2024-12-23,115.38
O017109,C2996,2025-01-13,154.58
O017110,C2997,2025-04-04,69.83
O017111,C2997,2025-05-30,23.88
O017112,C2998,2025-05-15,50.85
O017113,C2998,2025-07-24,189.12
O017114,C2998,2025-10-21,199.65
O017115,C2998,2025-12-12,151.05
O017116,C2999,2024-05-12,99.05
O017117,C2999,2024-07-28,18.63
O017118,C2999,2024-08-28,13.41
O017119,C2999,2025-05-25,37.61
O017120,C2999,2025-06-24,48.81
O017121,C2999,2025-12-17,52.19
O017122,C3000,2025-08-20,23.0
O017123,C3000,2025-10-05,78.29
O017124,C3000,2025-12-03,44.01
O017125,C3001,2024-08-06,64.92
O017126,C3001,2024-08-26,17.17
O017127,C3001,2024-09-29,100.1
O017128,C3001,2024-11-05,40.26
O017129,C3001,2024-12-10,43.63
O017130,C3001,2024-12-16,15.96
O017131,C3001,2025-02-02,16.88
O017132,C3001,2025-02-22,134.21
O017133,C3001,2025-03-07,33.36
O017134,C3001,2025-03-18,41.49
O017135,C3001,2025-05-01,30.36
O017136,C3001,2025-05-31,9.02
O017137,C3001,2025-06-11,104.72
O017138,C3001,2025-07-03,65.5
O017139,C3001,2025-07-15,176.73
O017140,C3001,2025-08-06,24.41
O017141,C3001,2025-08-24,135.48
O017142,C3001,2025-08-30,109.49
O017143,C3002,2024-09-02,161.66
O017144,C3002,2024-10-05,63.0
O017145,C3002,2024-12-03,85.53
O017146,C3003,2024-09-11,108.66
O017147,C3004,2025-05-11,19.93
O017148,C3004,2025-12-16,32.41
O017149,C3005,2025-01-02,80.58
O017150,C3006,2025-05-09,9.48
O017151,C3006,2025-05-31,108.48
O017152,C3006,2025-07-13,165.08
O017153,C3006,2025-09-05,43.27
O017154,C3006,2025-10-20,106.04
O017155,C3006,2025-11-12,32.1
O017156,C3006,2025-11-29,145.18
O017157,C3006,2025-12-19,49.07
O017158,C3007,2025-08-03,180.09
O017159,C3007,2025-08-29,174.67
O017160,C3007,2025-11-07,28.3
O017161,C3008,2024-11-13,19.51
O017162,C3008,2024-12-12,13.19
O017163,C3008,2025-02-15,37.66
O017164,C3008,2025-06-16,56.67
O017165,C3008,2025-07-21,28.45
O017166,C3008,2025-11-14,6.99
O017167,C3008,2025-11-20,16.42
O017168,C3009,2025-06-22,125.63
O017169,C3009,2025-08-18,32.08
O017170,C3009,2025-09-05,68.72
O017171,C3009,2025-09-26,71.68
O017172,C3009,2025-12-15,135.64
O017173,C3010,2024-07-12,113.66
O017174,C3010,2024-09-01,258.7
O017175,C3010,2024-10-04,104.31
O017176,C3010,2024-12-13,29.92
O017177,C3010,2024-12-26,191.46
O017178,C3010,2025-03-04,163.25
O017179,C3010,2025-04-05,152.75
O017180,C3010,2025-04-29,521.24
O017181,C3010,2025-05-31,97.64
O017182,C3010,2025-06-22,133.08
O017183,C3010,2025-07-28,884.19
O017184,C3010,2025-09-29,182.7
O017185,C3010,2025-11-09,110.41
O017186,C3012,2025-07-12,84.85
O017187,C3012,2025-08-15,172.47
O017188,C3012,2025-12-02,91.98
O017189,C3013,2025-06-25,26.86
O017190,C3013,2025-08-10,49.14
O017191,C3013,2025-11-04,13.07
O017192,C3014,2024-06-02,80.31
O017193,C3014,2024-07-10,99.8
O017194,C3014,2024-10-07,41.16
O017195,C3014,2024-11-19,78.53
O017196,C3014,2024-12-27,144.41
O017197,C3014,2025-02-10,90.63
O017198,C3014,2025-03-25,96.43
O017199,C3014,2025-07-01,67.05
O017200,C3014,2025-08-29,166.29
O017201,C3014,2025-11-04,77.86
O017202,C3014,2025-12-27,376.29
O017203,C3015,2024-04-28,65.85
O017204,C3015,2024-06-29,294.39
O017205,C3015,2025-01-13,38.71
O017206,C3015,2025-03-24,36.63
O017207,C3015,2025-07-09,34.88
O017208,C3015,2025-08-17,164.76
O017209,C3016,2025-04-05,79.43
O017210,C3016,2025-06-23,60.24
O017211,C3016,2025-09-13,147.73
O017212,C3017,2025-07-03,14.83
O017213,C3017,2025-09-04,126.47
O017214,C3017,2025-12-26,28.48
O017215,C3018,2024-07-07,27.7
O017216,C3018,2024-09-07,11.98
O017217,C3018,2024-11-18,16.86
O017218,C3018,2025-03-25,43.89
O017219,C3018,2025-10-08,14.08
O017220,C3019,2024-04-20,34.19
O017221,C3019,2024-06-10,166.8
O017222,C3019,2024-07-08,191.78
O017223,C3019,2024-08-07,55.3
O017224,C3019,2024-09-05,124.41
O017225,C3019,2024-12-17,70.08
O017226,C3019,2025-03-04,96.88
O017227,C3019,2025-03-18,50.83
O017228,C3019,2025-07-14,190.72
O017229,C3019,2025-10-05,268.65
O017230,C3019,2025-12-05,161.02
O017231,C3019,2025-12-13,124.04
O017232,C3020,2025-01-21,20.79
O017233,C3020,2025-02-28,62.28
O017234,C3020,2025-05-26,84.97
O017235,C3020,2025-07-10,75.53
O017236,C3020,2025-08-31,538.61
O017237,C3020,2025-11-03,34.31
O017238,C3021,2025-05-26,27.01
O017239,C3021,2025-09-03,38.06
O017240,C3022,2025-07-13,157.2
O017241,C3022,2025-08-28,12.97
O017242,C3022,2025-10-15,133.12
O017243,C3022,2025-12-12,125.95
O017244,C3023,2024-08-20,159.85
O017245,C3023,2024-09-21,218.03
O017246,C3023,2024-10-04,226.01
O017247,C3023,2024-11-02,159.82
O017248,C3023,2024-11-27,55.65
O017249,C3023,2024-12-28,203.64
O017250,C3023,2025-01-18,156.96
O017251,C3023,2025-02-01,140.66
O017252,C3023,2025-02-20,110.41
O017253,C3024,2024-09-22,33.22
O017254,C3024,2024-11-04,127.95
O017255,C3024,2024-11-13,62.74
O017256,C3024,2024-12-05,97.53
O017257,C3025,2025-10-04,10.79
O017258,C3025,2025-12-11,213.0
O017259,C3026,2024-07-12,214.61
O017260,C3026,2024-09-07,42.33
O017261,C3026,2024-09-17,110.3
O017262,C3026,2024-09-25,95.77
O017263,C3026,2024-10-22,402.49
O017264,C3026,2024-10-28,37.02
O017265,C3026,2024-11-26,223.92
O017266,C3026,2025-03-09,542.09
O017267,C3026,2025-03-21,540.59
O017268,C3026,2025-03-27,530.3
O017269,C3026,2025-04-16,41.53
O017270,C3026,2025-06-09,34.41
O017271,C3026,2025-06-26,132.7
O017272,C3026,2025-07-12,164.3
O017273,C3026,2025-07-20,572.42
O017274,C3026,2025-08-21,136.31
O017275,C3026,2025-08-27,176.64
O017276,C3026,2025-09-24,79.44
O017277,C3026,2025-11-03,85.88
O017278,C3026,2025-12-13,388.43
O017279,C3026,2025-12-23,459.69
O017280,C3027,2024-10-14,156.61
O017281,C3027,2024-11-20,132.81
O017282,C3027,2024-12-11,90.48
O017283,C3027,2024-12-17,33.75
O017284,C3027,2025-01-12,235.54
O017285,C3027,2025-03-31,89.33
O017286,C3027,2025-04-20,200.04
O017287,C3027,2025-05-08,94.04
O017288,C3027,2025-06-06,282.28
O017289,C3027,2025-07-08,183.04
O017290,C3027,2025-08-13,225.74
O017291,C3027,2025-11-10,113.42
O017292,C3027,2025-12-15,224.04
O017293,C3028,2024-10-22,66.06
O017294,C3028,2025-02-10,50.73
O017295,C3028,2025-06-19,73.44
O017296,C3028,2025-10-13,23.63
O017297,C3028,2025-11-29,32.26
O017298,C3029,2024-02-23,112.08
O017299,C3029,2024-04-12,88.23
O017300,C3029,2024-07-18,22.57
O017301,C3029,2024-09-08,44.75
O017302,C3029,2025-04-02,24.74
O017303,C3029,2025-12-16,9.96
O017304,C3030,2024-11-11,173.3
O017305,C3030,2024-12-15,48.26
O017306,C3030,2024-12-28,334.28
O017307,C3030,2025-03-01,39.16
O017308,C3030,2025-05-01,77.68
O017309,C3030,2025-05-12,108.23
O017310,C3030,2025-06-18,113.4
O017311,C3030,2025-07-05,28.21
O017312,C3030,2025-08-02,194.33
O017313,C3030,2025-08-27,16.02
O017314,C3030,2025-09-26,318.93
O017315,C3030,2025-12-29,104.02
O017316,C3032,2025-07-29,72.23
O017317,C3032,2025-10-31,118.62
O017318,C3032,2025-11-18,12.46
O017319,C3033,2025-08-31,79.46
O017320,C3033,2025-09-12,199.38
O017321,C3033,2025-11-27,9.98
O017322,C3035,2024-07-10,68.96
O017323,C3035,2024-08-13,280.6
O017324,C3035,2024-10-02,67.67
O017325,C3036,2025-02-28,39.6
O017326,C3036,2025-04-19,30.75
O017327,C3036,2025-07-15,48.66
O017328,C3036,2025-12-08,64.87
O017329,C3037,2025-05-25,98.08
O017330,C3037,2025-07-31,141.14
O017331,C3037,2025-10-11,156.36
O017332,C3037,2025-10-19,11.83
O017333,C3038,2024-04-01,256.02
O017334,C3038,2024-04-10,68.89
O017335,C3039,2024-11-12,22.28
O017336,C3039,2024-12-25,100.87
O017337,C3039,2024-12-31,96.64
O017338,C3039,2025-02-17,156.72
O017339,C3039,2025-05-10,130.42
O017340,C3039,2025-05-16,108.99
O017341,C3039,2025-06-16,122.34
O017342,C3039,2025-08-05,27.67
O017343,C3039,2025-09-02,144.07
O017344,C3039,2025-09-08,137.58
O017345,C3039,2025-10-11,113.68
O017346,C3039,2025-11-09,183.01
O017347,C3039,2025-11-21,101.53
O017348,C3040,2025-05-22,122.53
O017349,C3040,2025-06-23,19.01
O017350,C3040,2025-07-14,32.88
O017351,C3041,2024-11-15,63.64
O017352,C3041,2025-01-21,228.11
O017353,C3041,2025-04-30,133.5
O017354,C3041,2025-05-23,77.69
O017355,C3041,2025-08-08,42.97
O017356,C3041,2025-08-21,19.55
O017357,C3041,2025-11-01,70.05
O017358,C3041,2025-12-13,48.54
O017359,C3042,2025-05-30,73.12
O017360,C3042,2025-08-20,46.91
O017361,C3042,2025-09-19,38.82
O017362,C3042,2025-10-05,27.01
O017363,C3043,2024-09-09,42.04
O017364,C3043,2024-09-24,59.46
O017365,C3043,2024-10-16,280.1
O017366,C3043,2024-11-07,150.78
O017367,C3043,2024-11-24,218.97
O017368,C3043,2024-12-15,68.58
O017369,C3043,2024-12-24,58.46
O017370,C3043,2025-01-01,119.1
O017371,C3043,2025-01-20,235.82
O017372,C3043,2025-02-22,133.92
O017373,C3043,2025-03-09,71.77
O017374,C3043,2025-05-13,72.37
O017375,C3043,2025-06-18,116.6
O017376,C3043,2025-07-01,248.98
O017377,C3043,2025-08-09,72.55
O017378,C3043,2025-09-24,101.24
O017379,C3043,2025-10-30,144.21
O017380,C3043,2025-11-13,260.34
O017381,C3044,2025-05-05,13.99
O017382,C3044,2025-06-10,105.29
O017383,C3044,2025-09-22,106.87
O017384,C3044,2025-11-07,19.66
O017385,C3045,2024-12-18,57.41
O017386,C3045,2025-02-15,270.49
O017387,C3045,2025-04-15,161.12
O017388,C3045,2025-05-15,155.38
O017389,C3045,2025-07-19,51.55
O017390,C3045,2025-08-21,141.91
O017391,C3046,2024-10-06,155.34
O017392,C3046,2025-02-27,20.0
O017393,C3046,2025-04-05,39.0
O017394,C3046,2025-07-01,48.43
O017395,C3046,2025-11-02,12.14
O017396,C3047,2024-05-06,69.64
O017397,C3047,2024-07-23,29.66
O017398,C3047,2024-09-07,201.3
O017399,C3047,2024-09-13,97.93
O017400,C3047,2024-10-12,146.94
O017401,C3048,2024-04-23,55.53
O017402,C3048,2024-06-22,90.05
O017403,C3048,2024-06-28,76.58
O017404,C3048,2024-07-29,172.32
O017405,C3048,2024-08-23,241.3
O017406,C3048,2024-10-16,23.77
O017407,C3048,2024-11-29,146.05
O017408,C3048,2025-01-10,130.25
O017409,C3048,2025-02-06,39.19
O017410,C3048,2025-04-10,79.2
O017411,C3048,2025-04-30,102.89
O017412,C3048,2025-06-19,158.0
O017413,C3048,2025-07-23,228.66
O017414,C3048,2025-08-10,43.88
O017415,C3048,2025-10-03,69.23
O017416,C3048,2025-10-27,70.91
O017417,C3048,2025-11-02,93.69
O017418,C3048,2025-11-11,53.04
O017419,C3048,2025-12-24,42.48
O017420,C3048,2025-12-30,41.73
O017421,C3049,2024-06-24,104.76
O017422,C3049,2024-09-06,105.65
O017423,C3049,2024-10-26,51.04
O017424,C3049,2024-12-20,253.39
O017425,C3049,2025-02-18,191.28
O017426,C3049,2025-05-15,91.77
O017427,C3051,2024-09-30,61.37
O017428,C3051,2024-12-21,83.5
O017429,C3051,2025-01-19,13.67
O017430,C3051,2025-02-10,43.81
O017431,C3051,2025-04-19,20.9
O017432,C3051,2025-06-10,57.29
O017433,C3051,2025-08-06,31.66
O017434,C3051,2025-08-16,50.41
O017435,C3051,2025-09-25,23.52
O017436,C3051,2025-10-21,14.58
O017437,C3051,2025-11-04,134.22
O017438,C3052,2024-08-12,84.04
O017439,C3053,2024-09-18,14.93
O017440,C3053,2024-12-19,61.62
O017441,C3053,2025-01-29,156.73
O017442,C3053,2025-03-23,66.49
O017443,C3053,2025-09-01,55.86
O017444,C3053,2025-11-05,121.58
O017445,C3054,2024-08-06,33.93
O017446,C3054,2024-12-10,144.73
O017447,C3054,2025-02-17,13.74
O017448,C3054,2025-04-09,139.34
O017449,C3054,2025-06-04,142.08
O017450,C3054,2025-07-03,218.88
O017451,C3054,2025-08-24,18.43
O017452,C3054,2025-10-31,280.69
O017453,C3054,2025-12-16,120.65
O017454,C3055,2025-04-02,94.75
O017455,C3055,2025-06-14,36.83
O017456,C3055,2025-07-14,84.43
O017457,C3056,2024-08-13,91.68
O017458,C3056,2024-08-19,134.24
O017459,C3056,2024-08-28,285.99
O017460,C3056,2024-09-07,170.48
O017461,C3056,2024-09-22,147.95
O017462,C3056,2024-10-09,50.88
O017463,C3056,2024-10-20,187.13
O017464,C3056,2024-12-05,35.41
O017465,C3056,2024-12-22,109.32
O017466,C3056,2025-01-01,39.03
O017467,C3056,2025-02-15,16.36
O017468,C3056,2025-03-01,166.21
O017469,C3056,2025-04-02,29.72
O017470,C3056,2025-04-28,257.9
O017471,C3056,2025-05-10,187.92
O017472,C3056,2025-05-21,85.57
O017473,C3056,2025-06-08,26.86
O017474,C3056,2025-06-17,30.73
O017475,C3056,2025-07-11,163.3
O017476,C3056,2025-08-13,71.46
O017477,C3056,2025-08-19,91.17
O017478,C3056,2025-09-14,15.78
O017479,C3056,2025-09-20,314.69
O017480,C3056,2025-10-27,83.56
O017481,C3056,2025-12-16,357.7
O017482,C3057,2024-10-01,60.93
O017483,C3058,2025-09-19,52.41
O017484,C3058,2025-11-05,92.11
O017485,C3058,2025-11-24,11.09
O017486,C3059,2024-12-23,86.58
O017487,C3059,2025-02-15,163.03
O017488,C3060,2024-07-17,236.95
O017489,C3060,2025-08-07,46.78
O017490,C3060,2025-11-03,13.23
O017491,C3061,2024-03-08,77.78
O017492,C3061,2024-03-26,14.53
O017493,C3061,2024-05-12,7.43
O017494,C3061,2024-06-10,11.79
O017495,C3061,2024-12-09,184.78
O017496,C3061,2025-05-07,14.16
O017497,C3061,2025-06-21,76.94
O017498,C3061,2025-10-23,40.13
O017499,C3061,2025-12-18,10.08
O017500,C3062,2025-10-13,32.6
O017501,C3062,2025-11-11,438.24
O017502,C3062,2025-11-18,165.5
O017503,C3062,2025-12-29,38.82
O017504,C3063,2024-11-03,196.78
O017505,C3063,2024-11-14,138.63
O017506,C3063,2024-12-14,180.28
O017507,C3063,2025-01-01,32.95
O017508,C3064,2024-12-25,64.5
O017509,C3064,2025-01-02,92.31
O017510,C3064,2025-02-08,54.16
O017511,C3064,2025-02-18,21.96
O017512,C3064,2025-05-02,218.21
O017513,C3064,2025-05-23,173.95
O017514,C3064,2025-06-18,144.18
O017515,C3064,2025-07-31,112.53
O017516,C3064,2025-08-27,37.31
O017517,C3064,2025-09-10,74.57
O017518,C3064,2025-11-05,77.67
O017519,C3064,2025-11-21,114.01
O017520,C3064,2025-12-26,104.84
O017521,C3065,2025-01-31,123.69
O017522,C3065,2025-06-05,57.62
O017523,C3065,2025-08-09,10.95
O017524,C3065,2025-09-30,12.52
O017525,C3066,2024-10-18,209.66
O017526,C3066,2024-12-04,45.39
O017527,C3066,2025-01-28,72.53
O017528,C3066,2025-03-20,164.46
O017529,C3066,2025-05-03,100.9
O017530,C3066,2025-06-29,96.0
O017531,C3066,2025-08-02,49.89
O017532,C3066,2025-08-15,47.79
O017533,C3066,2025-10-04,91.05
O017534,C3066,2025-12-25,60.68
O017535,C3067,2025-06-10,79.14
O017536,C3067,2025-06-23,71.43
O017537,C3067,2025-10-04,38.44
O017538,C3067,2025-11-07,159.6
O017539,C3068,2024-02-07,41.44
O017540,C3068,2024-04-20,70.35
O017541,C3068,2024-05-10,393.46
O017542,C3068,2024-05-31,230.04
O017543,C3068,2024-06-13,260.16
O017544,C3068,2024-06-24,84.7
O017545,C3068,2024-07-07,32.65
O017546,C3068,2024-07-13,72.94
O017547,C3068,2024-09-02,17.11
O017548,C3068,2024-09-15,79.65
O017549,C3068,2024-10-09,187.35
O017550,C3068,2024-11-04,132.49
O017551,C3068,2024-12-12,145.04
O017552,C3068,2025-01-01,100.12
O017553,C3068,2025-02-01,82.75
O017554,C3068,2025-02-11,16.38
O017555,C3068,2025-02-17,186.98
O017556,C3068,2025-03-01,115.16
O017557,C3068,2025-03-27,200.31
O017558,C3068,2025-04-20,28.52
O017559,C3068,2025-06-09,131.72
O017560,C3068,2025-07-07,135.98
O017561,C3068,2025-08-06,95.79
O017562,C3068,2025-09-12,51.72
O017563,C3068,2025-09-18,16.19
O017564,C3068,2025-10-09,44.68
O017565,C3068,2025-11-01,91.37
O017566,C3069,2024-03-03,129.71
O017567,C3069,2024-10-20,75.11
O017568,C3069,2025-05-12,58.84
O017569,C3069,2025-08-01,21.45
O017570,C3069,2025-09-17,104.08
O017571,C3069,2025-12-15,116.2
O017572,C3070,2025-05-29,30.56
O017573,C3070,2025-08-08,85.79
O017574,C3070,2025-10-20,58.19
O017575,C3070,2025-12-05,66.35
O017576,C3071,2025-05-12,18.67
O017577,C3071,2025-05-20,235.24
O017578,C3071,2025-08-17,23.9
O017579,C3071,2025-10-07,64.66
O017580,C3071,2025-10-14,35.58
O017581,C3072,2024-08-31,126.55
O017582,C3072,2024-11-26,90.83
O017583,C3072,2025-01-20,243.42
O017584,C3073,2024-10-29,111.33
O017585,C3073,2024-11-28,33.52
O017586,C3073,2024-12-26,101.34
O017587,C3073,2025-02-17,45.31
O017588,C3073,2025-04-28,44.58
O017589,C3073,2025-05-15,47.32
O017590,C3073,2025-07-13,168.39
O017591,C3073,2025-07-25,178.92
O017592,C3073,2025-08-29,22.4
O017593,C3073,2025-10-26,96.6
O017594,C3074,2024-09-07,37.93
O017595,C3074,2024-10-06,76.18
O017596,C3074,2024-12-29,15.35
O017597,C3074,2025-03-21,81.59
O017598,C3075,2025-06-30,68.97
O017599,C3075,2025-10-02,37.17
O017600,C3075,2025-11-09,195.91
O017601,C3075,2025-12-10,72.77
O017602,C3076,2024-10-23,89.35
O017603,C3076,2024-11-06,53.58
O017604,C3076,2025-01-19,30.83
O017605,C3076,2025-06-19,26.21
O017606,C3076,2025-09-27,96.42
O017607,C3078,2024-08-07,59.8
O017608,C3078,2024-08-18,54.13
O017609,C3078,2024-09-28,33.91
O017610,C3078,2024-11-20,6.46
O017611,C3078,2025-01-30,89.94
O017612,C3078,2025-04-01,34.36
O017613,C3078,2025-09-12,43.2
O017614,C3078,2025-10-06,90.66
O017615,C3078,2025-11-06,61.9
O017616,C3078,2025-12-30,51.37
O017617,C3079,2024-08-15,44.14
O017618,C3079,2024-12-10,82.9
O017619,C3079,2024-12-25,135.54
O017620,C3079,2025-02-03,19.86
O017621,C3080,2025-01-28,42.5
O017622,C3080,2025-08-28,7.11
O017623,C3080,2025-09-30,22.08
O017624,C3081,2024-09-16,199.66
O017625,C3081,2024-10-12,36.76
O017626,C3081,2025-03-18,94.3
O017627,C3081,2025-07-27,76.86
O017628,C3081,2025-11-12,343.9
O017629,C3082,2024-01-14,266.82
O017630,C3082,2024-02-06,253.87
O017631,C3082,2024-03-05,102.45
O017632,C3082,2024-05-03,144.11
O017633,C3082,2024-05-19,65.87
O017634,C3082,2024-06-09,159.15
O017635,C3082,2024-07-03,194.7
O017636,C3082,2024-08-04,39.08
O017637,C3082,2024-08-13,196.86
O017638,C3082,2024-08-23,140.12
O017639,C3082,2024-09-07,297.31
O017640,C3082,2024-10-22,45.91
O017641,C3082,2024-12-05,29.2
O017642,C3082,2025-01-03,131.23
O017643,C3082,2025-01-19,206.07
O017644,C3082,2025-02-08,99.8
O017645,C3082,2025-02-22,254.35
O017646,C3082,2025-03-16,236.74
O017647,C3082,2025-05-14,84.46
O017648,C3082,2025-06-26,118.64
O017649,C3082,2025-07-02,180.18
O017650,C3082,2025-08-28,132.0
O017651,C3082,2025-09-29,90.71
O017652,C3082,2025-10-29,106.47
O017653,C3082,2025-11-28,87.14
O017654,C3082,2025-12-27,502.22
O017655,C3083,2024-04-21,148.61
O017656,C3083,2024-05-10,49.61
O017657,C3083,2024-05-16,32.83
O017658,C3083,2024-06-03,42.6
O017659,C3083,2024-07-09,345.09
O017660,C3083,2024-07-26,59.6
O017661,C3083,2024-08-21,58.64
O017662,C3083,2024-09-05,174.97
O017663,C3083,2024-10-19,75.14
O017664,C3083,2024-11-20,190.19
O017665,C3083,2024-12-21,13.27
O017666,C3083,2025-01-06,72.28
O017667,C3083,2025-01-23,219.45
O017668,C3083,2025-02-10,87.69
O017669,C3083,2025-03-03,368.2
O017670,C3083,2025-03-16,61.04
O017671,C3083,2025-04-18,24.78
O017672,C3083,2025-05-02,133.97
O017673,C3083,2025-06-14,40.89
O017674,C3083,2025-07-02,326.58
O017675,C3083,2025-07-11,75.96
O017676,C3083,2025-08-01,9.97
O017677,C3083,2025-10-30,67.08
O017678,C3083,2025-12-19,257.29
O017679,C3084,2025-12-19,97.11
O017680,C3085,2024-07-20,39.01
O017681,C3085,2024-09-11,105.24
O017682,C3085,2024-12-23,91.87
O017683,C3085,2025-01-22,135.4
O017684,C3085,2025-02-27,146.9
O017685,C3085,2025-04-14,41.19
O017686,C3086,2025-07-07,284.25
O017687,C3086,2025-08-19,17.45
O017688,C3086,2025-12-17,62.8
O017689,C3087,2025-12-14,7.49
O017690,C3088,2025-07-12,160.09
O017691,C3088,2025-08-19,196.91
O017692,C3088,2025-09-02,90.57
O017693,C3088,2025-10-06,92.16
O017694,C3090,2024-12-16,67.17
O017695,C3090,2025-05-31,14.34
O017696,C3090,2025-07-28,344.68
O017697,C3090,2025-08-23,66.55
O017698,C3090,2025-08-29,15.7
O017699,C3090,2025-11-22,61.29
O017700,C3092,2024-02-12,81.09
O017701,C3092,2024-03-07,200.46
O017702,C3092,2024-03-21,217.8
O017703,C3092,2024-04-08,122.17
O017704,C3092,2024-04-22,87.19
O017705,C3092,2024-05-13,366.59
O017706,C3092,2024-05-29,85.15
O017707,C3092,2024-06-18,111.92
O017708,C3092,2024-07-24,234.67
O017709,C3092,2024-08-10,176.1
O017710,C3093,2024-07-10,48.54
O017711,C3093,2024-07-22,72.33
O017712,C3093,2024-09-04,18.78
O017713,C3093,2024-10-04,68.68
O017714,C3093,2024-10-10,37.07
O017715,C3093,2024-11-07,127.23
O017716,C3096,2024-07-30,29.63
O017717,C3096,2025-01-02,356.54
O017718,C3096,2025-03-23,31.72
O017719,C3096,2025-04-23,31.07
O017720,C3096,2025-05-17,83.24
O017721,C3096,2025-07-14,83.24
O017722,C3096,2025-11-11,60.14
O017723,C3097,2024-01-12,36.55
O017724,C3097,2024-01-22,20.45
O017725,C3097,2024-02-20,63.13
O017726,C3097,2024-04-04,310.17
O017727,C3097,2024-05-09,49.46
O017728,C3097,2024-06-16,25.73
O017729,C3097,2024-07-03,194.2
O017730,C3097,2024-09-29,113.18
O017731,C3097,2024-12-10,117.1
O017732,C3097,2025-01-17,144.53
O017733,C3097,2025-02-09,34.56
O017734,C3097,2025-05-06,212.12
O017735,C3097,2025-06-09,85.96
O017736,C3097,2025-08-01,80.91
O017737,C3097,2025-10-08,190.89
O017738,C3097,2025-11-27,69.12
O017739,C3097,2025-12-13,21.07
O017740,C3098,2025-06-23,105.5
O017741,C3098,2025-12-25,45.88
O017742,C3099,2025-09-29,12.73
O017743,C3099,2025-10-10,88.79
O017744,C3099,2025-12-07,239.58
O017745,C3100,2025-03-15,83.38
O017746,C3100,2025-04-21,42.01
O017747,C3100,2025-06-27,61.67
O017748,C3101,2024-10-12,64.52
O017749,C3101,2025-07-29,169.51
O017750,C3101,2025-09-10,97.31
O017751,C3102,2024-11-02,17.8
O017752,C3103,2024-09-19,32.91
O017753,C3103,2024-12-24,89.23
O017754,C3103,2025-04-04,68.76
O017755,C3103,2025-06-06,13.38
O017756,C3103,2025-09-10,22.26
O017757,C3104,2024-09-29,33.44
O017758,C3104,2024-12-16,98.76
O017759,C3104,2025-03-23,63.62
O017760,C3104,2025-09-22,74.5
O017761,C3105,2025-02-04,13.78
O017762,C3105,2025-06-16,13.66
O017763,C3107,2025-11-05,38.46
O017764,C3108,2025-10-08,94.53
O017765,C3108,2025-11-05,51.63
O017766,C3108,2025-12-07,66.25
O017767,C3109,2024-02-23,33.32
O017768,C3109,2024-06-16,79.95
O017769,C3110,2024-10-21,53.07
O017770,C3112,2024-08-16,316.48
O017771,C3112,2024-12-15,69.47
O017772,C3113,2024-10-30,41.74
O017773,C3113,2025-04-06,32.73
O017774,C3113,2025-07-14,63.78
O017775,C3113,2025-07-20,21.87
O017776,C3113,2025-10-23,63.44
O017777,C3114,2024-07-23,208.79
O017778,C3114,2025-02-17,96.73
O017779,C3115,2024-04-30,78.33
O017780,C3115,2024-05-24,37.16
O017781,C3116,2025-01-30,93.82
O017782,C3116,2025-08-04,88.52
O017783,C3116,2025-11-19,75.26
O017784,C3117,2024-06-23,40.5
O017785,C3117,2024-08-05,44.73
O017786,C3117,2024-11-11,37.36
O017787,C3117,2024-12-07,80.18
O017788,C3118,2024-12-07,219.0
O017789,C3118,2025-02-09,35.95
O017790,C3118,2025-02-15,46.33
O017791,C3118,2025-04-27,75.96
O017792,C3118,2025-06-14,61.71
O017793,C3118,2025-07-18,121.95
O017794,C3118,2025-11-21,205.05
O017795,C3119,2024-12-02,51.02
O017796,C3119,2025-03-22,96.31
O017797,C3119,2025-04-30,158.03
O017798,C3119,2025-08-04,13.56
O017799,C3120,2025-05-13,186.0
O017800,C3120,2025-08-07,147.24
O017801,C3121,2025-06-04,329.25
O017802,C3121,2025-07-11,210.19
O017803,C3121,2025-07-29,308.24
O017804,C3121,2025-10-21,27.05
O017805,C3121,2025-11-12,272.6
O017806,C3121,2025-12-10,211.35
O017807,C3123,2024-02-16,47.92
O017808,C3123,2024-10-02,53.13
O017809,C3123,2024-12-30,86.25
O017810,C3123,2025-02-20,124.97
O017811,C3123,2025-06-15,103.25
O017812,C3124,2024-12-14,121.16
O017813,C3124,2025-02-04,227.21
O017814,C3124,2025-04-16,213.11
O017815,C3124,2025-06-01,8.05
O017816,C3124,2025-06-24,126.15
O017817,C3124,2025-08-10,139.79
O017818,C3124,2025-08-20,144.33
O017819,C3124,2025-11-06,371.37
O017820,C3124,2025-12-05,38.43
O017821,C3127,2024-11-13,109.56
O017822,C3127,2025-02-25,37.16
O017823,C3128,2025-03-28,295.67
O017824,C3128,2025-06-07,44.89
O017825,C3128,2025-09-30,135.27
O017826,C3128,2025-11-16,46.54
O017827,C3129,2024-09-02,137.54
O017828,C3130,2024-08-27,159.17
O017829,C3130,2025-02-06,43.72
O017830,C3130,2025-04-21,35.77
O017831,C3130,2025-05-29,33.59
O017832,C3131,2024-10-21,109.14
O017833,C3131,2024-12-29,38.66
O017834,C3131,2025-03-09,41.28
O017835,C3131,2025-04-04,24.6
O017836,C3131,2025-06-13,42.88
O017837,C3131,2025-09-02,16.71
O017838,C3132,2025-04-14,45.17
O017839,C3132,2025-04-20,392.91
O017840,C3132,2025-05-19,150.94
O017841,C3132,2025-06-19,212.65
O017842,C3132,2025-06-28,108.72
O017843,C3132,2025-08-08,278.16
O017844,C3132,2025-10-05,102.16
O017845,C3132,2025-10-13,148.47
O017846,C3132,2025-11-03,40.26
O017847,C3132,2025-11-27,70.97
O017848,C3133,2024-10-05,32.04
O017849,C3133,2024-11-17,92.81
O017850,C3133,2025-02-25,73.02
O017851,C3133,2025-05-30,39.81
O017852,C3133,2025-08-27,97.35
O017853,C3133,2025-10-17,65.37
O017854,C3134,2024-07-06,77.03
O017855,C3135,2024-12-08,32.86
O017856,C3135,2025-02-04,20.89
O017857,C3136,2025-02-18,20.46
O017858,C3136,2025-08-05,33.95
O017859,C3136,2025-11-22,50.71
O017860,C3138,2025-07-24,14.61
O017861,C3138,2025-08-24,36.06
O017862,C3139,2025-03-07,145.63
O017863,C3139,2025-04-05,340.16
O017864,C3139,2025-06-30,539.22
O017865,C3139,2025-10-26,60.54
O017866,C3140,2025-11-12,18.16
O017867,C3140,2025-12-21,101.24
O017868,C3141,2024-09-19,38.7
O017869,C3141,2024-10-11,75.45
O017870,C3141,2024-11-17,175.97
O017871,C3141,2025-01-15,135.5
O017872,C3141,2025-02-10,39.15
O017873,C3141,2025-03-06,198.39
O017874,C3141,2025-03-20,116.85
O017875,C3141,2025-05-10,148.85
O017876,C3142,2025-07-31,62.8
O017877,C3142,2025-11-26,89.54
O017878,C3143,2025-10-03,261.27
O017879,C3143,2025-11-16,24.94
O017880,C3143,2025-12-07,24.64
O017881,C3144,2025-10-11,197.79
O017882,C3144,2025-12-18,166.4
O017883,C3145,2024-10-16,57.24
O017884,C3145,2024-11-30,19.81
O017885,C3145,2025-02-01,36.2
O017886,C3145,2025-02-21,14.07
O017887,C3146,2024-06-15,194.35
O017888,C3146,2024-08-11,18.38
O017889,C3146,2025-04-08,49.62
O017890,C3146,2025-06-10,212.53
O017891,C3146,2025-08-29,100.59
O017892,C3146,2025-11-07,60.72
O017893,C3147,2024-01-16,51.56
O017894,C3147,2024-02-29,12.17
O017895,C3147,2024-03-06,123.29
O017896,C3147,2024-05-23,168.62
O017897,C3147,2024-09-05,62.38
O017898,C3147,2024-09-22,126.81
O017899,C3147,2024-10-25,245.52
O017900,C3147,2024-11-07,122.58
O017901,C3147,2024-12-06,184.82
O017902,C3147,2024-12-25,43.33
O017903,C3147,2025-02-16,59.85
O017904,C3147,2025-03-06,94.89
O017905,C3147,2025-03-13,132.11
O017906,C3147,2025-03-31,89.86
O017907,C3147,2025-06-30,86.69
O017908,C3147,2025-07-23,246.49
O017909,C3147,2025-09-01,231.09
O017910,C3147,2025-09-22,90.06
O017911,C3147,2025-12-19,62.72
O017912,C3148,2024-02-26,118.81
O017913,C3148,2024-07-01,119.14
O017914,C3148,2024-11-03,12.72
O017915,C3148,2024-12-07,92.73
O017916,C3148,2024-12-26,24.72
O017917,C3149,2024-08-31,33.2
O017918,C3149,2024-10-10,12.84
O017919,C3150,2025-04-18,54.72
O017920,C3150,2025-06-26,30.26
O017921,C3152,2025-03-22,139.83
O017922,C3152,2025-05-08,242.7
O017923,C3152,2025-05-25,86.78
O017924,C3152,2025-06-18,274.46
O017925,C3152,2025-07-18,159.18
O017926,C3152,2025-08-16,97.69
O017927,C3152,2025-10-22,145.45
O017928,C3152,2025-11-21,392.87
O017929,C3152,2025-12-08,87.35
O017930,C3153,2025-01-30,61.68
O017931,C3153,2025-04-06,242.12
O017932,C3153,2025-06-26,225.7
O017933,C3153,2025-07-02,186.84
O017934,C3153,2025-08-06,519.36
O017935,C3153,2025-10-30,82.89
O017936,C3153,2025-12-08,57.2
O017937,C3154,2024-02-02,7.1
O017938,C3154,2024-02-22,51.59
O017939,C3154,2024-10-19,277.89
O017940,C3154,2024-12-25,76.05
O017941,C3154,2025-03-17,7.58
O017942,C3154,2025-09-10,309.83
O017943,C3155,2025-05-08,202.63
O017944,C3155,2025-05-28,63.06
O017945,C3156,2025-06-17,29.68
O017946,C3156,2025-07-13,55.47
O017947,C3156,2025-08-18,247.6
O017948,C3156,2025-10-05,83.87
O017949,C3156,2025-10-11,84.98
O017950,C3156,2025-12-02,163.72
O017951,C3156,2025-12-17,114.84
O017952,C3156,2025-12-30,145.59
O017953,C3157,2025-04-12,104.6
O017954,C3157,2025-05-02,156.13
O017955,C3158,2024-10-12,33.56
O017956,C3158,2024-11-21,41.0
O017957,C3158,2024-12-25,115.71
O017958,C3158,2025-03-09,127.46
O017959,C3159,2024-06-02,81.82
O017960,C3159,2024-08-26,71.73
O017961,C3159,2025-02-20,36.33
O017962,C3159,2025-07-12,43.3
O017963,C3159,2025-09-03,16.89
O017964,C3159,2025-11-09,12.3
O017965,C3160,2025-05-11,74.28
O017966,C3160,2025-05-22,97.53
O017967,C3160,2025-08-11,264.84
O017968,C3160,2025-09-18,65.06
O017969,C3160,2025-10-24,360.56
O017970,C3160,2025-12-21,110.99
O017971,C3160,2025-12-27,61.47
O017972,C3161,2024-04-16,159.42
O017973,C3161,2024-05-17,32.89
O017974,C3161,2024-07-04,123.86
O017975,C3161,2024-07-12,109.52
O017976,C3161,2024-08-12,95.55
O017977,C3161,2024-08-30,131.86
O017978,C3161,2024-09-26,189.2
O017979,C3161,2024-10-13,102.79
O017980,C3161,2024-11-04,150.61
O017981,C3161,2024-11-24,56.02
O017982,C3161,2025-01-11,121.86
O017983,C3161,2025-02-02,65.93
O017984,C3161,2025-02-19,121.0
O017985,C3161,2025-02-26,36.74
O017986,C3161,2025-03-10,77.64
O017987,C3161,2025-04-05,35.38
O017988,C3161,2025-05-15,126.74
O017989,C3161,2025-06-02,80.4
O017990,C3161,2025-07-29,243.96
O017991,C3161,2025-08-28,102.03
O017992,C3161,2025-09-20,53.2
O017993,C3162,2025-04-14,12.87
O017994,C3162,2025-09-03,53.67
O017995,C3162,2025-12-14,65.12
O017996,C3163,2025-07-08,34.13
O017997,C3165,2024-11-14,198.55
O017998,C3166,2025-04-04,403.85
O017999,C3166,2025-04-28,201.08
O018000,C3166,2025-05-04,192.38
O018001,C3166,2025-05-13,7.03
O018002,C3166,2025-08-17,12.37
O018003,C3166,2025-09-09,366.57
O018004,C3166,2025-12-09,277.55
O018005,C3167,2025-06-08,30.01
O018006,C3167,2025-08-19,13.49
O018007,C3168,2025-06-27,68.14
O018008,C3168,2025-08-04,105.39
O018009,C3168,2025-08-11,66.73
O018010,C3168,2025-12-15,211.96
O018011,C3169,2024-08-02,176.28
O018012,C3169,2024-09-16,388.26
O018013,C3170,2025-09-18,65.16
O018014,C3170,2025-10-27,11.43
O018015,C3170,2025-12-10,54.85
O018016,C3171,2025-04-11,84.6
O018017,C3171,2025-04-30,105.56
O018018,C3171,2025-07-13,64.72
O018019,C3172,2025-07-24,39.66
O018020,C3172,2025-08-27,154.16
O018021,C3173,2024-05-22,254.83
O018022,C3173,2024-06-16,65.29
O018023,C3173,2024-09-05,152.11
O018024,C3173,2024-11-11,77.97
O018025,C3173,2025-02-23,382.68
O018026,C3173,2025-05-03,105.14
O018027,C3173,2025-07-30,93.55
O018028,C3173,2025-10-06,221.63
O018029,C3173,2025-12-09,23.64
O018030,C3173,2025-12-21,136.34
O018031,C3174,2024-09-18,102.15
O018032,C3174,2024-10-14,261.68
O018033,C3174,2025-01-25,200.96
O018034,C3174,2025-03-23,87.78
O018035,C3174,2025-06-16,79.72
O018036,C3174,2025-07-11,115.92
O018037,C3174,2025-09-10,6.94
O018038,C3174,2025-10-18,251.99
O018039,C3175,2024-08-07,106.94
O018040,C3175,2024-09-05,71.47
O018041,C3175,2024-09-11,69.32
O018042,C3175,2025-01-31,29.1
O018043,C3176,2025-02-28,20.46
O018044,C3176,2025-04-29,81.88
O018045,C3176,2025-10-18,44.12
O018046,C3177,2025-11-25,86.46
O018047,C3178,2024-03-27,40.08
O018048,C3178,2024-05-04,44.28
O018049,C3178,2024-05-12,30.3
O018050,C3178,2024-06-10,9.28
O018051,C3178,2024-06-28,262.44
O018052,C3178,2024-07-17,65.69
O018053,C3178,2024-09-20,246.35
O018054,C3178,2024-10-28,123.11
O018055,C3178,2024-12-07,50.55
O018056,C3178,2025-02-01,100.44
O018057,C3178,2025-02-21,114.44
O018058,C3178,2025-03-27,43.95
O018059,C3178,2025-04-17,47.79
O018060,C3178,2025-06-11,59.63
O018061,C3178,2025-08-24,151.56
O018062,C3178,2025-09-02,218.1
O018063,C3178,2025-09-30,67.07
O018064,C3178,2025-10-13,275.08
O018065,C3178,2025-11-09,21.74
O018066,C3178,2025-12-12,186.56
O018067,C3179,2024-07-07,77.17
O018068,C3179,2024-08-21,12.3
O018069,C3179,2024-11-24,12.96
O018070,C3179,2024-12-14,40.02
O018071,C3179,2025-01-28,25.11
O018072,C3179,2025-03-10,79.76
O018073,C3181,2025-02-03,234.78
O018074,C3181,2025-02-14,58.76
O018075,C3181,2025-08-22,127.99
O018076,C3181,2025-11-08,90.82
O018077,C3182,2024-05-03,154.43
O018078,C3182,2024-06-12,85.67
O018079,C3182,2024-07-01,173.32
O018080,C3182,2024-07-19,127.54
O018081,C3182,2024-08-28,57.53
O018082,C3182,2024-09-07,132.01
O018083,C3182,2024-09-28,108.54
O018084,C3182,2024-10-22,201.96
O018085,C3182,2024-11-29,113.3
O018086,C3182,2025-02-17,76.14
O018087,C3182,2025-04-15,112.36
O018088,C3182,2025-04-22,20.8
O018089,C3182,2025-05-17,113.52
O018090,C3182,2025-06-05,159.01
O018091,C3182,2025-09-08,50.96
O018092,C3182,2025-11-23,64.18
O018093,C3183,2025-01-10,127.96
O018094,C3183,2025-02-22,356.34
O018095,C3183,2025-04-27,82.56
O018096,C3183,2025-05-26,21.49
O018097,C3184,2025-04-30,77.04
O018098,C3184,2025-05-23,54.2
O018099,C3184,2025-07-04,28.49
O018100,C3184,2025-10-04,142.85
O018101,C3186,2024-12-13,16.02
O018102,C3186,2025-03-11,188.93
O018103,C3186,2025-07-21,32.41
O018104,C3186,2025-09-04,208.27
O018105,C3186,2025-12-22,22.47
O018106,C3187,2025-09-25,13.08
O018107,C3187,2025-10-05,53.49
O018108,C3187,2025-12-11,68.12
O018109,C3188,2025-04-10,176.83
O018110,C3188,2025-06-27,59.26
O018111,C3188,2025-07-20,100.36
O018112,C3188,2025-07-29,73.82
O018113,C3189,2024-11-16,210.86
O018114,C3189,2025-03-03,305.93
O018115,C3189,2025-04-30,52.1
O018116,C3189,2025-10-07,59.01
O018117,C3191,2025-03-15,7.09
O018118,C3191,2025-03-24,32.58
O018119,C3191,2025-05-14,152.59
O018120,C3191,2025-06-24,30.97
O018121,C3191,2025-09-15,25.31
O018122,C3191,2025-11-14,16.64
O018123,C3192,2025-09-22,124.58
O018124,C3192,2025-10-29,300.64
O018125,C3192,2025-12-13,123.92
O018126,C3193,2024-09-27,12.82
O018127,C3193,2024-11-16,265.37
O018128,C3193,2024-12-25,30.83
O018129,C3193,2025-02-03,21.54
O018130,C3193,2025-04-13,36.43
O018131,C3193,2025-06-14,44.34
O018132,C3193,2025-08-21,198.98
O018133,C3193,2025-09-30,40.02
O018134,C3193,2025-12-05,22.0
O018135,C3193,2025-12-11,67.72
O018136,C3194,2025-10-23,26.4
O018137,C3195,2024-03-28,29.66
O018138,C3195,2024-08-14,8.9
O018139,C3195,2024-10-07,75.56
O018140,C3195,2024-11-21,90.09
O018141,C3195,2025-01-11,20.3
O018142,C3195,2025-02-24,38.54
O018143,C3195,2025-03-30,93.11
O018144,C3196,2024-05-22,145.19
O018145,C3196,2024-07-25,10.64
O018146,C3196,2024-08-11,61.26
O018147,C3196,2024-10-18,49.11
O018148,C3197,2024-05-27,39.18
O018149,C3197,2024-11-29,13.03
O018150,C3197,2025-06-10,124.76
O018151,C3197,2025-07-27,29.11
O018152,C3197,2025-10-26,44.65
O018153,C3198,2025-03-23,25.5
O018154,C3198,2025-04-08,18.65
O018155,C3198,2025-05-16,69.58
O018156,C3199,2025-04-05,65.6
O018157,C3199,2025-04-11,61.12
O018158,C3199,2025-06-28,9.1
O018159,C3199,2025-08-26,116.05
O018160,C3199,2025-11-02,127.15
O018161,C3199,2025-12-21,6.84
O018162,C3201,2024-03-05,131.29
O018163,C3201,2024-04-21,14.61
O018164,C3201,2024-08-07,18.42
O018165,C3201,2024-10-22,86.11
O018166,C3201,2024-11-29,29.7
O018167,C3201,2025-02-19,115.4
O018168,C3201,2025-03-01,76.65
O018169,C3202,2024-06-27,385.16
O018170,C3202,2024-08-11,105.12
O018171,C3202,2024-11-04,213.67
O018172,C3202,2024-12-28,20.32
O018173,C3202,2025-02-24,252.16
O018174,C3202,2025-03-12,282.32
O018175,C3202,2025-04-28,158.22
O018176,C3202,2025-10-11,208.53
O018177,C3202,2025-10-27,84.22
O018178,C3203,2024-07-03,164.12
O018179,C3203,2024-10-05,13.75
O018180,C3203,2024-12-18,14.41
O018181,C3203,2025-04-30,16.29
O018182,C3203,2025-08-05,21.94
O018183,C3203,2025-10-18,93.41
O018184,C3204,2024-01-20,262.65
O018185,C3204,2024-03-06,31.91
O018186,C3204,2024-03-25,89.85
O018187,C3204,2024-06-13,79.66
O018188,C3204,2024-06-27,14.05
O018189,C3204,2024-09-05,25.17
O018190,C3204,2024-10-26,208.37
O018191,C3204,2025-02-11,13.83
O018192,C3204,2025-02-20,21.8
O018193,C3204,2025-03-17,66.14
O018194,C3204,2025-03-27,47.26
O018195,C3204,2025-05-06,316.36
O018196,C3204,2025-08-04,74.53
O018197,C3204,2025-09-08,184.57
O018198,C3204,2025-10-24,23.13
O018199,C3204,2025-12-13,75.11
O018200,C3205,2024-06-06,12.38
O018201,C3205,2024-09-06,254.49
O018202,C3205,2025-01-21,28.3
O018203,C3205,2025-02-26,275.96
O018204,C3205,2025-05-14,28.42
O018205,C3205,2025-06-12,58.53
O018206,C3205,2025-07-28,267.0
O018207,C3205,2025-09-12,72.76
O018208,C3205,2025-10-09,82.21
O018209,C3205,2025-11-09,152.06
O018210,C3206,2024-08-25,298.45
O018211,C3207,2025-05-06,258.39
O018212,C3207,2025-06-17,157.23
O018213,C3207,2025-08-24,94.27
O018214,C3208,2024-04-20,18.35
O018215,C3208,2024-06-11,151.26
O018216,C3208,2024-08-19,20.87
O018217,C3208,2024-09-05,67.88
O018218,C3209,2025-04-25,216.08
O018219,C3209,2025-08-20,197.74
O018220,C3209,2025-11-09,108.46
O018221,C3209,2025-11-21,107.41
O018222,C3209,2025-12-08,85.1
O018223,C3211,2024-04-06,46.14
O018224,C3211,2024-05-21,38.8
O018225,C3212,2024-06-18,207.78
O018226,C3212,2025-03-05,119.47
O018227,C3212,2025-04-22,30.14
O018228,C3213,2024-09-27,72.38
O018229,C3213,2025-01-01,192.47
O018230,C3214,2025-11-17,215.5
O018231,C3216,2025-06-28,91.62
O018232,C3216,2025-09-07,22.36
O018233,C3216,2025-10-31,49.3
O018234,C3217,2024-07-05,66.26
O018235,C3217,2024-10-21,39.89
O018236,C3217,2025-04-10,105.76
O018237,C3219,2025-08-03,105.75
O018238,C3219,2025-09-08,86.62
O018239,C3220,2024-11-30,7.53
O018240,C3221,2024-04-06,61.63
O018241,C3221,2024-07-25,52.54
O018242,C3221,2024-09-07,117.56
O018243,C3221,2025-01-03,36.6
O018244,C3221,2025-01-25,29.3
O018245,C3221,2025-03-07,12.91
O018246,C3221,2025-03-13,13.82
O018247,C3221,2025-05-28,36.92
O018248,C3221,2025-06-20,34.87
O018249,C3221,2025-08-10,73.03
O018250,C3221,2025-08-26,64.64
O018251,C3222,2024-05-27,58.27
O018252,C3222,2024-09-02,29.12
O018253,C3222,2024-09-23,55.55
O018254,C3222,2024-10-16,12.87
O018255,C3223,2024-03-12,170.78
O018256,C3223,2024-03-18,171.86
O018257,C3223,2024-04-29,103.93
O018258,C3223,2024-05-22,258.66
O018259,C3223,2024-07-07,77.76
O018260,C3223,2024-07-26,9.01
O018261,C3223,2024-09-06,90.9
O018262,C3223,2024-09-12,152.87
O018263,C3223,2024-09-27,249.47
O018264,C3223,2024-11-12,82.49
O018265,C3223,2024-12-16,174.22
O018266,C3223,2024-12-28,241.52
O018267,C3223,2025-01-15,99.69
O018268,C3223,2025-02-15,133.16
O018269,C3223,2025-02-24,153.72
O018270,C3223,2025-03-22,215.69
O018271,C3223,2025-04-11,71.47
O018272,C3223,2025-05-09,110.39
O018273,C3223,2025-06-03,125.4
O018274,C3223,2025-06-19,134.08
O018275,C3223,2025-06-25,225.81
O018276,C3223,2025-07-26,424.17
O018277,C3223,2025-09-02,254.22
O018278,C3223,2025-09-21,96.74
O018279,C3223,2025-10-07,264.94
O018280,C3223,2025-11-07,110.88
O018281,C3223,2025-11-29,190.3
O018282,C3223,2025-12-14,61.02
O018283,C3224,2025-03-20,67.98
O018284,C3224,2025-04-28,150.27
O018285,C3224,2025-05-10,195.13
O018286,C3224,2025-05-20,38.42
O018287,C3224,2025-06-20,618.37
O018288,C3224,2025-08-05,361.77
O018289,C3224,2025-08-11,104.47
O018290,C3224,2025-09-08,244.66
O018291,C3225,2025-08-02,173.23
O018292,C3225,2025-09-08,226.52
O018293,C3225,2025-10-20,287.68
O018294,C3225,2025-12-24,110.58
O018295,C3226,2025-01-30,35.47
O018296,C3226,2025-02-27,177.13
O018297,C3226,2025-04-04,55.11
O018298,C3227,2025-08-06,11.07
O018299,C3227,2025-09-02,27.45
O018300,C3227,2025-12-21,30.22
O018301,C3228,2025-11-21,6.72
O018302,C3229,2025-04-07,82.07
O018303,C3230,2024-08-11,53.6
O018304,C3230,2024-09-28,130.62
O018305,C3230,2024-12-27,60.4
O018306,C3230,2025-02-22,159.66
O018307,C3230,2025-04-13,126.41
O018308,C3230,2025-06-11,267.57
O018309,C3230,2025-06-21,45.71
O018310,C3230,2025-07-31,116.12
O018311,C3230,2025-11-08,91.34
O018312,C3231,2024-09-25,50.75
O018313,C3231,2024-11-05,10.78
O018314,C3231,2025-01-09,92.24
O018315,C3231,2025-03-15,151.69
O018316,C3231,2025-08-02,83.7
O018317,C3231,2025-11-07,182.38
O018318,C3232,2024-03-09,7.18
O018319,C3232,2024-06-13,17.47
O018320,C3232,2024-07-24,28.28
O018321,C3232,2025-03-11,18.85
O018322,C3232,2025-06-18,44.75
O018323,C3232,2025-09-08,12.39
O018324,C3232,2025-09-22,12.94
O018325,C3233,2024-04-08,29.69
O018326,C3233,2024-06-29,161.96
O018327,C3233,2024-08-08,16.4
O018328,C3233,2024-09-28,73.27
O018329,C3233,2024-10-17,125.21
O018330,C3233,2024-12-16,158.34
O018331,C3234,2025-11-23,20.65
O018332,C3235,2025-04-04,325.52
O018333,C3235,2025-05-08,341.76
O018334,C3235,2025-06-18,390.78
O018335,C3235,2025-07-25,30.38
O018336,C3235,2025-08-09,351.36
O018337,C3236,2025-05-08,68.07
O018338,C3236,2025-06-23,95.15
O018339,C3236,2025-07-27,122.98
O018340,C3236,2025-11-20,144.47
O018341,C3236,2025-12-29,24.37
O018342,C3237,2024-12-22,58.07
O018343,C3237,2025-04-05,161.29
O018344,C3237,2025-05-30,22.4
O018345,C3237,2025-07-09,119.62
O018346,C3237,2025-08-16,38.0
O018347,C3237,2025-09-15,61.86
O018348,C3237,2025-11-05,234.06
O018349,C3238,2024-05-05,158.42
O018350,C3238,2024-06-14,618.54
O018351,C3238,2024-08-12,84.61
O018352,C3238,2024-10-22,117.19
O018353,C3238,2024-11-27,196.78
O018354,C3238,2024-12-30,109.53
O018355,C3238,2025-03-31,178.52
O018356,C3238,2025-05-24,71.09
O018357,C3238,2025-09-24,54.83
O018358,C3238,2025-11-09,130.46
O018359,C3238,2025-12-08,99.06
O018360,C3239,2024-03-04,136.84
O018361,C3239,2024-03-24,90.28
O018362,C3239,2024-05-25,7.69
O018363,C3239,2024-06-28,117.92
O018364,C3239,2024-09-11,48.31
O018365,C3239,2024-09-20,26.5
O018366,C3239,2024-10-07,13.34
O018367,C3239,2024-12-17,51.83
O018368,C3239,2024-12-26,45.27
O018369,C3239,2025-03-04,86.59
O018370,C3239,2025-04-17,34.66
O018371,C3239,2025-05-31,94.62
O018372,C3239,2025-09-08,30.88
O018373,C3239,2025-10-21,81.42
O018374,C3240,2025-03-01,99.48
O018375,C3240,2025-09-14,25.37
O018376,C3240,2025-12-07,20.79
O018377,C3241,2024-07-13,259.95
O018378,C3241,2024-07-26,77.72
O018379,C3241,2024-08-26,38.02
O018380,C3241,2024-10-07,24.01
O018381,C3241,2024-11-03,52.17
O018382,C3241,2024-11-23,35.58
O018383,C3242,2024-01-10,150.73
O018384,C3242,2024-03-13,31.22
O018385,C3242,2024-04-22,45.52
O018386,C3242,2024-09-27,76.11
O018387,C3242,2024-11-28,16.63
O018388,C3242,2025-02-06,83.55
O018389,C3242,2025-06-17,20.85
O018390,C3242,2025-09-02,14.3
O018391,C3242,2025-10-19,29.58
O018392,C3242,2025-11-09,62.44
O018393,C3242,2025-12-19,166.97
O018394,C3243,2025-06-12,134.62
O018395,C3243,2025-07-25,92.05
O018396,C3243,2025-09-06,21.28
O018397,C3243,2025-11-22,77.49
O018398,C3244,2024-11-21,11.83
O018399,C3244,2025-01-17,46.59
O018400,C3244,2025-04-01,15.37
O018401,C3244,2025-06-05,149.88
O018402,C3244,2025-10-31,60.73
O018403,C3244,2025-12-16,37.97
O018404,C3245,2025-04-16,292.47
O018405,C3246,2024-08-21,40.22
O018406,C3246,2024-10-14,85.09
O018407,C3246,2024-11-13,30.0
O018408,C3246,2024-12-09,64.74
O018409,C3246,2025-03-31,45.38
O018410,C3246,2025-04-06,27.51
O018411,C3246,2025-06-12,105.09
O018412,C3246,2025-09-20,115.22
O018413,C3247,2025-07-19,26.81
O018414,C3247,2025-08-08,84.73
O018415,C3247,2025-10-01,198.99
O018416,C3247,2025-10-16,135.98
O018417,C3247,2025-11-27,25.33
O018418,C3248,2024-08-13,55.13
O018419,C3248,2024-11-17,214.41
O018420,C3248,2024-12-26,13.85
O018421,C3248,2025-02-12,171.61
O018422,C3248,2025-07-27,14.53
O018423,C3248,2025-08-02,56.79
O018424,C3248,2025-09-24,230.68
O018425,C3248,2025-11-14,51.94
O018426,C3249,2025-10-16,24.57
O018427,C3249,2025-12-28,59.22
O018428,C3250,2024-06-06,155.96
O018429,C3250,2024-12-21,115.77
O018430,C3250,2025-01-18,23.23
O018431,C3250,2025-02-01,239.39
O018432,C3250,2025-05-22,48.79
O018433,C3250,2025-07-11,134.67
O018434,C3250,2025-09-10,110.68
O018435,C3251,2024-12-10,132.84
O018436,C3251,2025-04-17,37.92
O018437,C3251,2025-05-07,82.91
O018438,C3251,2025-07-09,25.5
O018439,C3251,2025-11-06,28.5
O018440,C3252,2024-06-08,7.22
O018441,C3252,2024-10-02,10.59
O018442,C3254,2024-10-08,12.08
O018443,C3254,2024-11-16,48.74
O018444,C3254,2025-06-20,117.35
O018445,C3254,2025-10-04,29.86
O018446,C3254,2025-12-19,41.61
O018447,C3255,2024-03-26,74.41
O018448,C3255,2024-11-23,113.77
O018449,C3255,2025-01-14,75.49
O018450,C3255,2025-04-23,60.9
O018451,C3255,2025-08-16,35.85
O018452,C3255,2025-11-19,49.94
O018453,C3256,2025-09-08,79.29
O018454,C3256,2025-09-24,32.46
O018455,C3257,2024-07-26,68.62
O018456,C3257,2025-02-12,23.44
O018457,C3257,2025-06-16,241.96
O018458,C3257,2025-12-01,10.05
O018459,C3257,2025-12-18,13.39
O018460,C3258,2024-10-10,36.48
O018461,C3258,2024-12-14,39.78
O018462,C3258,2025-01-17,62.86
O018463,C3258,2025-01-23,92.04
O018464,C3258,2025-07-15,74.37
O018465,C3258,2025-08-23,214.63
O018466,C3259,2024-06-05,127.32
O018467,C3259,2024-08-16,95.05
O018468,C3259,2024-10-14,104.82
O018469,C3259,2025-01-07,158.54
O018470,C3259,2025-03-28,272.92
O018471,C3259,2025-05-06,163.05
O018472,C3259,2025-07-24,137.34
O018473,C3259,2025-10-10,158.66
O018474,C3259,2025-12-25,105.62
O018475,C3260,2024-11-17,55.08
O018476,C3260,2024-12-04,24.47
O018477,C3260,2024-12-14,185.36
O018478,C3260,2025-03-22,123.52
O018479,C3260,2025-04-08,64.37
O018480,C3260,2025-05-14,104.36
O018481,C3260,2025-06-04,72.44
O018482,C3260,2025-07-04,104.46
O018483,C3260,2025-07-13,163.15
O018484,C3261,2025-11-16,121.91
O018485,C3262,2025-01-31,19.45
O018486,C3262,2025-02-21,21.84
O018487,C3262,2025-03-07,106.48
O018488,C3262,2025-06-01,62.98
O018489,C3263,2024-08-02,79.54
O018490,C3263,2024-11-27,27.36
O018491,C3264,2025-01-30,74.6
O018492,C3264,2025-06-10,33.95
O018493,C3264,2025-12-01,29.96
O018494,C3265,2025-06-17,17.45
O018495,C3265,2025-08-28,8.17
O018496,C3265,2025-09-07,50.95
O018497,C3265,2025-09-24,109.18
O018498,C3265,2025-10-09,33.28
O018499,C3265,2025-10-21,121.57
O018500,C3265,2025-10-27,82.05
O018501,C3265,2025-11-02,56.81
O018502,C3265,2025-11-12,32.64
O018503,C3266,2024-05-13,160.87
O018504,C3267,2024-05-23,34.28
O018505,C3267,2024-06-19,29.41
O018506,C3267,2024-10-28,24.25
O018507,C3267,2024-11-09,12.78
O018508,C3268,2024-01-23,227.27
O018509,C3268,2024-03-18,25.48
O018510,C3268,2024-04-17,42.24
O018511,C3268,2024-06-03,76.22
O018512,C3268,2024-09-16,86.97
O018513,C3268,2024-12-06,99.75
O018514,C3268,2025-01-12,35.05
O018515,C3268,2025-04-14,20.9
O018516,C3268,2025-06-07,137.08
O018517,C3269,2025-04-07,94.18
O018518,C3269,2025-05-27,58.15
O018519,C3269,2025-10-07,137.69
O018520,C3270,2025-04-07,197.8
O018521,C3270,2025-05-30,156.04
O018522,C3270,2025-06-09,66.13
O018523,C3270,2025-06-15,37.36
O018524,C3270,2025-08-26,57.23
O018525,C3270,2025-09-18,219.86
O018526,C3270,2025-10-24,262.53
O018527,C3271,2024-08-30,107.77
O018528,C3271,2024-09-22,144.77
O018529,C3273,2025-01-04,57.34
O018530,C3273,2025-02-09,121.73
O018531,C3273,2025-02-24,97.48
O018532,C3273,2025-04-03,42.86
O018533,C3273,2025-05-23,200.33
O018534,C3273,2025-09-14,162.34
O018535,C3273,2025-09-30,21.78
O018536,C3273,2025-11-07,142.99
O018537,C3274,2025-06-28,184.49
O018538,C3274,2025-07-07,98.43
O018539,C3274,2025-08-11,243.69
O018540,C3274,2025-09-28,28.95
O018541,C3274,2025-10-25,67.75
O018542,C3274,2025-12-19,171.87
O018543,C3276,2025-06-13,138.16
O018544,C3276,2025-07-18,83.23
O018545,C3276,2025-09-26,194.26
O018546,C3276,2025-11-10,213.64
O018547,C3276,2025-12-05,151.3
O018548,C3276,2025-12-25,139.2
O018549,C3277,2024-09-07,57.09
O018550,C3277,2024-10-07,73.26
O018551,C3277,2024-10-13,38.11
O018552,C3277,2024-11-10,86.44
O018553,C3277,2025-02-08,153.98
O018554,C3277,2025-04-15,40.87
O018555,C3277,2025-06-02,103.09
O018556,C3277,2025-10-05,66.51
O018557,C3277,2025-11-07,97.51
O018558,C3278,2024-12-26,51.89
O018559,C3279,2024-04-06,12.44
O018560,C3279,2024-05-16,49.0
O018561,C3279,2024-10-29,39.02
O018562,C3279,2025-01-28,13.13
O018563,C3279,2025-02-20,14.47
O018564,C3280,2025-05-18,77.69
O018565,C3280,2025-06-10,87.84
O018566,C3280,2025-06-23,151.76
O018567,C3280,2025-08-25,120.65
O018568,C3280,2025-11-06,57.92
O018569,C3281,2024-07-03,10.74
O018570,C3281,2024-09-13,112.75
O018571,C3281,2024-09-19,143.39
O018572,C3281,2024-12-04,18.02
O018573,C3281,2024-12-26,43.91
O018574,C3281,2025-01-15,39.97
O018575,C3281,2025-03-11,190.48
O018576,C3281,2025-05-07,112.24
O018577,C3282,2024-09-10,47.33
O018578,C3282,2024-09-19,102.56
O018579,C3282,2024-10-14,69.7
O018580,C3282,2025-01-19,217.84
O018581,C3282,2025-03-23,23.23
O018582,C3282,2025-06-14,79.56
O018583,C3282,2025-09-03,31.28
O018584,C3282,2025-09-26,79.46
O018585,C3282,2025-10-26,62.41
O018586,C3282,2025-11-18,99.74
O018587,C3283,2025-01-02,275.8
O018588,C3283,2025-01-30,128.43
O018589,C3283,2025-03-20,362.9
O018590,C3284,2025-03-24,35.91
O018591,C3284,2025-05-29,27.97
O018592,C3284,2025-08-03,31.88
O018593,C3284,2025-10-19,55.25
O018594,C3284,2025-10-29,97.04
O018595,C3285,2025-02-07,416.5
O018596,C3285,2025-02-13,214.61
O018597,C3285,2025-03-11,165.95
O018598,C3285,2025-04-10,121.97
O018599,C3285,2025-05-26,168.74
O018600,C3285,2025-06-29,194.44
O018601,C3285,2025-07-18,235.41
O018602,C3285,2025-08-30,42.34
O018603,C3285,2025-09-05,214.83
O018604,C3285,2025-11-12,236.66
O018605,C3285,2025-12-09,153.56
O018606,C3285,2025-12-21,39.82
O018607,C3286,2025-06-11,162.97
O018608,C3286,2025-10-22,110.69
O018609,C3286,2025-10-28,63.1
O018610,C3287,2025-03-15,153.19
O018611,C3287,2025-06-10,70.13
O018612,C3287,2025-12-03,77.72
O018613,C3289,2024-11-10,25.58
O018614,C3289,2024-11-28,45.9
O018615,C3289,2024-12-30,97.13
O018616,C3289,2025-01-23,91.66
O018617,C3289,2025-02-15,73.85
O018618,C3289,2025-03-07,187.44
O018619,C3289,2025-03-18,58.79
O018620,C3289,2025-04-26,61.97
O018621,C3289,2025-05-14,108.02
O018622,C3289,2025-06-05,18.29
O018623,C3289,2025-07-07,39.57
O018624,C3289,2025-07-20,147.61
O018625,C3289,2025-07-26,58.63
O018626,C3289,2025-09-10,153.78
O018627,C3289,2025-09-20,39.19
O018628,C3289,2025-11-12,101.7
O018629,C3290,2024-09-11,75.04
O018630,C3290,2024-10-11,127.69
O018631,C3290,2024-11-17,25.33
O018632,C3290,2025-02-01,53.39
O018633,C3290,2025-02-26,86.56
O018634,C3290,2025-05-16,99.16
O018635,C3290,2025-09-03,57.33
O018636,C3290,2025-10-17,37.39
O018637,C3290,2025-11-29,159.37
O018638,C3291,2025-11-20,199.65
O018639,C3292,2025-08-29,23.82
O018640,C3292,2025-10-17,10.02
O018641,C3292,2025-11-09,8.31
O018642,C3293,2024-12-25,189.54
O018643,C3293,2025-01-11,13.21
O018644,C3293,2025-04-08,113.15
O018645,C3293,2025-05-25,6.52
O018646,C3293,2025-09-14,82.99
O018647,C3293,2025-10-22,71.25
O018648,C3294,2024-06-26,50.46
O018649,C3294,2024-07-03,47.32
O018650,C3294,2024-08-14,320.73
O018651,C3294,2024-08-31,11.53
O018652,C3294,2024-10-24,85.36
O018653,C3294,2025-01-01,37.63
O018654,C3294,2025-01-10,53.27
O018655,C3294,2025-01-29,64.48
O018656,C3294,2025-02-06,44.65
O018657,C3294,2025-03-03,24.55
O018658,C3294,2025-05-19,45.11
O018659,C3294,2025-08-15,21.97
O018660,C3294,2025-09-11,39.93
O018661,C3294,2025-11-15,58.84
O018662,C3295,2024-10-16,35.53
O018663,C3295,2025-02-17,78.84
O018664,C3295,2025-06-22,71.68
O018665,C3295,2025-07-30,59.67
O018666,C3295,2025-10-11,61.06
O018667,C3296,2024-07-20,67.6
O018668,C3296,2024-09-07,35.51
O018669,C3296,2025-01-27,237.67
O018670,C3296,2025-04-10,203.46
O018671,C3296,2025-06-14,235.18
O018672,C3296,2025-08-23,34.03
O018673,C3296,2025-10-09,52.86
O018674,C3296,2025-11-12,66.36
O018675,C3297,2024-06-09,54.92
O018676,C3297,2024-08-12,231.28
O018677,C3297,2024-11-02,88.25
O018678,C3297,2024-12-17,220.53
O018679,C3297,2025-02-22,90.61
O018680,C3297,2025-05-25,219.1
O018681,C3297,2025-08-14,112.89
O018682,C3297,2025-08-29,42.2
O018683,C3297,2025-09-16,24.03
O018684,C3297,2025-10-19,58.23
O018685,C3297,2025-10-25,217.73
O018686,C3298,2025-04-27,91.67
O018687,C3298,2025-07-01,96.06
O018688,C3298,2025-07-22,23.94
O018689,C3298,2025-10-29,108.91
O018690,C3299,2025-04-10,100.38
O018691,C3299,2025-07-18,114.76
O018692,C3300,2025-01-25,76.29
O018693,C3300,2025-03-27,6.74
O018694,C3300,2025-04-06,56.0
O018695,C3300,2025-05-17,49.69
O018696,C3300,2025-06-22,158.36
O018697,C3300,2025-07-07,111.44
O018698,C3300,2025-08-01,86.2
O018699,C3300,2025-09-24,15.54
O018700,C3300,2025-11-07,43.44
O018701,C3300,2025-12-11,28.72
O018702,C3301,2024-02-21,28.87
O018703,C3301,2024-04-07,69.43
O018704,C3301,2024-07-24,29.18
O018705,C3301,2024-09-04,74.57
O018706,C3301,2024-11-14,17.85
O018707,C3301,2025-05-03,13.13
O018708,C3301,2025-11-03,11.04
O018709,C3302,2024-06-07,54.13
O018710,C3302,2024-07-17,83.07
O018711,C3302,2024-09-03,195.7
O018712,C3302,2024-09-12,114.76
O018713,C3302,2024-11-02,165.09
O018714,C3302,2024-11-22,267.38
O018715,C3302,2025-03-28,131.77
O018716,C3302,2025-04-15,83.54
O018717,C3302,2025-05-26,98.94
O018718,C3302,2025-06-23,385.92
O018719,C3302,2025-08-23,404.47
O018720,C3302,2025-11-21,91.83
O018721,C3303,2024-05-02,40.87
O018722,C3303,2024-07-02,22.25
O018723,C3303,2024-07-24,333.97
O018724,C3303,2024-08-19,263.44
O018725,C3303,2024-08-26,73.51
O018726,C3303,2024-09-07,141.86
O018727,C3303,2024-12-19,34.84
O018728,C3303,2025-01-30,167.12
O018729,C3303,2025-02-26,101.54
O018730,C3303,2025-04-05,119.56
O018731,C3303,2025-07-01,249.54
O018732,C3303,2025-07-18,261.61
O018733,C3303,2025-09-29,220.47
O018734,C3305,2025-05-11,120.53
O018735,C3306,2024-08-05,394.14
O018736,C3306,2024-09-11,55.09
O018737,C3307,2024-08-09,187.68
O018738,C3307,2024-11-03,85.87
O018739,C3307,2025-05-15,74.38
O018740,C3307,2025-09-10,96.78
O018741,C3307,2025-10-27,159.0
O018742,C3308,2024-11-25,165.05
O018743,C3308,2025-03-02,81.22
O018744,C3308,2025-04-13,94.03
O018745,C3308,2025-08-06,74.22
O018746,C3308,2025-08-31,79.15
O018747,C3308,2025-11-03,228.46
O018748,C3309,2025-07-06,30.55
O018749,C3309,2025-09-19,145.54
O018750,C3309,2025-11-06,13.43
O018751,C3309,2025-12-24,17.52
O018752,C3310,2024-07-26,140.04
O018753,C3310,2024-12-08,32.36
O018754,C3310,2025-02-15,63.23
O018755,C3310,2025-04-06,7.56
O018756,C3310,2025-04-22,7.24
O018757,C3311,2024-06-13,70.4
O018758,C3311,2024-09-10,12.37
O018759,C3311,2024-11-16,48.83
O018760,C3311,2024-12-16,79.02
O018761,C3311,2025-02-08,114.63
O018762,C3311,2025-03-29,34.37
O018763,C3311,2025-05-05,82.53
O018764,C3311,2025-07-11,92.19
O018765,C3311,2025-08-08,97.59
O018766,C3311,2025-09-14,17.31
O018767,C3311,2025-11-18,131.7
O018768,C3312,2024-10-30,228.53
O018769,C3312,2025-01-14,119.69
O018770,C3312,2025-05-30,91.08
O018771,C3312,2025-08-15,95.68
O018772,C3313,2025-06-02,9.36
O018773,C3314,2025-02-26,125.8
O018774,C3314,2025-03-19,56.47
O018775,C3314,2025-10-08,12.09
O018776,C3314,2025-10-17,74.72
O018777,C3314,2025-12-31,79.94
O018778,C3315,2024-10-21,236.62
O018779,C3315,2024-12-02,115.22
O018780,C3315,2024-12-13,145.39
O018781,C3315,2024-12-26,199.25
O018782,C3315,2025-01-02,156.26
O018783,C3315,2025-01-08,101.91
O018784,C3315,2025-02-20,228.41
O018785,C3315,2025-03-26,91.96
O018786,C3315,2025-04-12,396.78
O018787,C3315,2025-04-24,257.72
O018788,C3315,2025-05-03,569.95
O018789,C3315,2025-06-09,171.3
O018790,C3315,2025-07-23,479.94
O018791,C3315,2025-08-20,283.06
O018792,C3315,2025-09-22,274.06
O018793,C3315,2025-10-29,267.35
O018794,C3315,2025-11-27,307.67
O018795,C3315,2025-12-28,63.89
O018796,C3316,2025-02-08,67.27
O018797,C3316,2025-03-06,390.33
O018798,C3316,2025-04-19,38.64
O018799,C3316,2025-05-20,57.07
O018800,C3316,2025-06-11,149.99
O018801,C3317,2025-06-05,41.55
O018802,C3317,2025-07-08,90.71
O018803,C3317,2025-08-11,56.32
O018804,C3317,2025-11-11,83.85
O018805,C3317,2025-12-26,25.69
O018806,C3318,2025-03-16,25.69
O018807,C3318,2025-04-29,193.21
O018808,C3318,2025-06-03,162.4
O018809,C3318,2025-12-08,44.7
O018810,C3319,2024-03-06,303.84
O018811,C3319,2024-07-18,186.14
O018812,C3319,2024-08-02,65.32
O018813,C3319,2024-09-04,224.56
O018814,C3319,2024-10-25,117.56
O018815,C3319,2024-12-24,216.53
O018816,C3319,2025-02-03,78.96
O018817,C3319,2025-04-12,202.69
O018818,C3319,2025-05-11,65.3
O018819,C3319,2025-06-05,34.04
O018820,C3319,2025-08-05,94.09
O018821,C3320,2024-08-08,52.94
O018822,C3320,2024-09-07,124.84
O018823,C3320,2024-11-27,401.62
O018824,C3320,2024-12-21,144.1
O018825,C3320,2025-02-06,139.7
O018826,C3320,2025-03-16,238.91
O018827,C3320,2025-04-10,180.39
O018828,C3320,2025-05-03,236.74
O018829,C3320,2025-08-20,245.39
O018830,C3320,2025-09-17,71.17
O018831,C3320,2025-10-14,113.08
O018832,C3320,2025-11-06,306.59
O018833,C3320,2025-12-05,261.77
O018834,C3321,2024-07-16,32.93
O018835,C3321,2024-09-05,43.66
O018836,C3321,2024-11-01,13.6
O018837,C3321,2024-12-13,75.49
O018838,C3321,2025-05-16,38.3
O018839,C3321,2025-06-29,132.91
O018840,C3322,2025-01-13,171.27
O018841,C3322,2025-03-05,159.84
O018842,C3322,2025-05-10,288.16
O018843,C3323,2024-07-14,92.24
O018844,C3323,2024-09-03,7.3
O018845,C3323,2025-02-08,46.39
O018846,C3324,2024-05-30,123.1
O018847,C3324,2024-07-01,340.12
O018848,C3325,2025-06-24,63.21
O018849,C3325,2025-08-10,43.34
O018850,C3325,2025-12-02,31.04
O018851,C3326,2024-10-10,124.09
O018852,C3326,2025-01-06,32.16
O018853,C3326,2025-01-22,71.8
O018854,C3326,2025-03-08,40.66
O018855,C3326,2025-04-07,85.81
O018856,C3326,2025-04-28,219.97
O018857,C3326,2025-08-05,100.09
O018858,C3326,2025-09-24,95.37
O018859,C3326,2025-09-30,107.43
O018860,C3326,2025-12-24,318.3
O018861,C3327,2025-02-14,16.65
O018862,C3327,2025-03-20,37.29
O018863,C3327,2025-03-29,87.57
O018864,C3327,2025-04-07,41.85
O018865,C3327,2025-05-09,74.84
O018866,C3327,2025-05-17,61.0
O018867,C3327,2025-06-04,40.11
O018868,C3327,2025-06-30,170.57
O018869,C3327,2025-07-06,103.43
O018870,C3327,2025-08-05,221.14
O018871,C3327,2025-10-19,70.65
O018872,C3327,2025-11-09,101.98
O018873,C3327,2025-11-22,239.93
O018874,C3327,2025-12-23,134.52
O018875,C3328,2024-11-24,45.54
O018876,C3328,2024-12-13,9.34
O018877,C3328,2024-12-24,27.87
O018878,C3328,2025-01-02,82.69
O018879,C3328,2025-01-20,55.12
O018880,C3328,2025-03-02,141.16
O018881,C3328,2025-06-10,183.51
O018882,C3328,2025-06-25,156.69
O018883,C3328,2025-07-09,187.7
O018884,C3328,2025-08-11,121.36
O018885,C3328,2025-09-06,44.16
O018886,C3328,2025-09-26,51.3
O018887,C3328,2025-10-31,78.01
O018888,C3328,2025-12-04,106.86
O018889,C3328,2025-12-11,113.24
O018890,C3329,2025-01-16,21.49
O018891,C3329,2025-04-09,137.55
O018892,C3329,2025-07-01,11.86
O018893,C3329,2025-07-30,172.53
O018894,C3329,2025-09-20,51.84
O018895,C3330,2025-10-07,60.06
O018896,C3330,2025-12-03,54.59
O018897,C3331,2025-01-13,407.72
O018898,C3331,2025-02-27,122.85
O018899,C3331,2025-04-30,50.99
O018900,C3331,2025-05-22,186.82
O018901,C3331,2025-07-20,162.31
O018902,C3332,2025-06-07,64.79
O018903,C3332,2025-10-16,52.23
O018904,C3333,2025-04-14,182.83
O018905,C3333,2025-09-01,111.66
O018906,C3333,2025-09-27,59.54
O018907,C3334,2024-06-19,18.01
O018908,C3334,2024-06-25,144.08
O018909,C3334,2024-07-21,61.05
O018910,C3334,2024-07-31,152.58
O018911,C3334,2024-09-17,27.92
O018912,C3334,2024-11-22,25.1
O018913,C3334,2025-01-05,113.41
O018914,C3334,2025-02-18,192.04
O018915,C3334,2025-03-24,24.25
O018916,C3334,2025-05-12,167.33
O018917,C3334,2025-06-17,44.53
O018918,C3334,2025-08-19,52.4
O018919,C3334,2025-09-21,97.16
O018920,C3334,2025-10-15,55.29
O018921,C3334,2025-12-15,75.12
O018922,C3335,2024-04-24,42.11
O018923,C3335,2024-06-11,55.7
O018924,C3335,2024-07-15,51.34
O018925,C3335,2024-08-18,60.51
O018926,C3335,2024-10-15,31.22
O018927,C3335,2024-11-27,51.72
O018928,C3335,2025-02-09,60.01
O018929,C3335,2025-04-05,89.64
O018930,C3335,2025-04-30,62.05
O018931,C3335,2025-07-21,385.06
O018932,C3335,2025-09-21,152.93
O018933,C3336,2025-04-11,81.33
O018934,C3336,2025-11-04,16.7
O018935,C3336,2025-12-19,66.09
O018936,C3337,2024-08-22,33.69
O018937,C3337,2024-12-11,68.78
O018938,C3337,2025-06-02,42.14
O018939,C3337,2025-06-26,37.37
O018940,C3337,2025-07-18,19.14
O018941,C3337,2025-09-11,54.98
O018942,C3338,2024-06-30,23.32
O018943,C3338,2024-07-29,32.16
O018944,C3338,2025-01-05,97.82
O018945,C3339,2024-03-07,7.44
O018946,C3339,2024-05-12,193.98
O018947,C3339,2024-08-26,259.1
O018948,C3339,2024-10-17,66.98
O018949,C3339,2024-11-18,103.54
O018950,C3339,2025-03-26,310.91
O018951,C3340,2024-10-29,68.3
O018952,C3340,2024-11-25,198.17
O018953,C3341,2024-10-18,27.69
O018954,C3341,2024-10-28,22.04
O018955,C3341,2024-12-06,33.72
O018956,C3341,2025-01-16,7.46
O018957,C3341,2025-02-04,12.59
O018958,C3342,2025-11-01,49.72
O018959,C3343,2025-02-21,196.27
O018960,C3344,2025-02-09,22.14
O018961,C3344,2025-03-27,32.1
O018962,C3344,2025-04-11,7.93
O018963,C3345,2024-10-28,24.28
O018964,C3346,2025-04-25,197.65
O018965,C3348,2025-10-29,27.54
O018966,C3348,2025-12-26,39.83
O018967,C3349,2024-07-12,58.76
O018968,C3350,2024-06-29,10.43
O018969,C3350,2025-03-12,13.44
O018970,C3350,2025-08-31,84.0
O018971,C3350,2025-09-12,57.63
O018972,C3351,2024-01-06,34.53
O018973,C3351,2024-05-17,58.35
O018974,C3351,2024-08-27,90.05
O018975,C3351,2025-02-01,47.5
O018976,C3351,2025-02-24,82.52
O018977,C3351,2025-05-18,24.22
O018978,C3351,2025-07-20,36.76
O018979,C3351,2025-08-02,22.83
O018980,C3351,2025-09-10,11.82
O018981,C3351,2025-11-03,28.77
O018982,C3351,2025-12-08,15.68
O018983,C3353,2025-02-19,22.29
O018984,C3353,2025-04-08,13.34
O018985,C3353,2025-09-09,18.39
O018986,C3353,2025-12-01,49.92
O018987,C3356,2025-09-18,179.66
O018988,C3356,2025-12-12,32.93
O018989,C3357,2024-03-21,65.15
O018990,C3357,2024-04-28,121.28
O018991,C3357,2024-11-02,47.96
O018992,C3357,2024-11-27,166.6
O018993,C3357,2025-01-03,82.94
O018994,C3357,2025-02-08,26.75
O018995,C3357,2025-03-20,87.22
O018996,C3357,2025-03-27,59.86
O018997,C3358,2024-02-01,47.5
O018998,C3358,2024-04-25,120.77
O018999,C3358,2024-06-12,77.49
O019000,C3358,2024-09-29,46.04
O019001,C3358,2024-12-06,59.69
O019002,C3360,2025-08-03,33.24
O019003,C3360,2025-10-22,63.01
O019004,C3361,2025-08-20,149.43
O019005,C3361,2025-09-08,54.14
O019006,C3361,2025-11-16,196.41
O019007,C3362,2025-04-05,124.24
O019008,C3362,2025-05-21,53.02
O019009,C3362,2025-12-10,19.51
O019010,C3363,2024-09-24,84.76
O019011,C3363,2024-11-27,62.16
O019012,C3363,2025-02-18,65.46
O019013,C3363,2025-05-26,66.95
O019014,C3363,2025-10-19,49.26
O019015,C3363,2025-12-22,14.72
O019016,C3364,2025-06-19,37.82
O019017,C3364,2025-08-18,125.22
O019018,C3364,2025-09-12,21.68
O019019,C3364,2025-10-17,27.79
O019020,C3364,2025-12-08,53.36
O019021,C3365,2025-09-14,34.4
O019022,C3365,2025-10-22,94.71
O019023,C3366,2025-04-02,159.0
O019024,C3366,2025-04-27,181.92
O019025,C3366,2025-06-20,102.85
O019026,C3366,2025-07-25,106.26
O019027,C3366,2025-08-16,53.41
O019028,C3366,2025-08-30,102.52
O019029,C3366,2025-09-20,75.33
O019030,C3367,2024-04-14,130.04
O019031,C3367,2024-05-24,171.4
O019032,C3367,2024-08-17,472.69
O019033,C3368,2024-09-09,107.25
O019034,C3368,2024-10-31,18.69
O019035,C3369,2024-05-03,48.68
O019036,C3369,2025-03-13,55.17
O019037,C3369,2025-10-17,195.87
O019038,C3369,2025-11-22,73.31
O019039,C3370,2024-02-01,89.67
O019040,C3370,2024-03-27,64.58
O019041,C3370,2024-06-28,40.0
O019042,C3370,2024-07-19,38.03
O019043,C3370,2024-08-21,25.33
O019044,C3370,2024-09-23,81.44
O019045,C3370,2024-12-09,87.03
O019046,C3370,2025-02-06,49.54
O019047,C3370,2025-04-11,35.53
O019048,C3370,2025-06-09,92.25
O019049,C3370,2025-09-22,14.3
O019050,C3370,2025-11-02,15.08
O019051,C3370,2025-11-25,138.94
O019052,C3370,2025-12-06,75.96
O019053,C3371,2025-07-08,64.0
O019054,C3371,2025-09-16,93.69
O019055,C3371,2025-10-01,51.8
O019056,C3371,2025-10-25,8.77
O019057,C3372,2024-10-12,6.72
O019058,C3372,2024-11-17,69.57
O019059,C3372,2025-01-09,62.74
O019060,C3372,2025-01-30,73.0
O019061,C3373,2024-09-08,48.77
O019062,C3373,2025-01-24,30.89
O019063,C3373,2025-04-02,163.71
O019064,C3373,2025-10-03,136.36
O019065,C3374,2024-08-24,424.78
O019066,C3374,2024-10-25,282.23
O019067,C3374,2024-12-07,311.63
O019068,C3374,2025-01-04,439.44
O019069,C3374,2025-01-29,333.44
O019070,C3374,2025-02-04,366.32
O019071,C3374,2025-02-10,584.39
O019072,C3374,2025-03-02,118.37
O019073,C3374,2025-03-12,367.8
O019074,C3374,2025-03-23,240.04
O019075,C3374,2025-05-06,123.98
O019076,C3374,2025-06-11,374.01
O019077,C3374,2025-08-07,394.99
O019078,C3374,2025-09-06,251.85
O019079,C3374,2025-10-02,41.92
O019080,C3374,2025-11-16,659.24
O019081,C3374,2025-11-26,148.16
O019082,C3374,2025-12-05,51.24
O019083,C3375,2024-05-24,109.38
O019084,C3375,2024-11-24,123.76
O019085,C3375,2025-01-26,44.5
O019086,C3376,2024-03-15,142.31
O019087,C3376,2024-04-13,62.93
O019088,C3376,2024-04-26,315.02
O019089,C3376,2024-06-16,64.32
O019090,C3376,2024-10-03,50.26
O019091,C3376,2024-10-12,231.39
O019092,C3376,2024-12-15,117.6
O019093,C3376,2025-03-13,133.15
O019094,C3376,2025-06-28,91.04
O019095,C3376,2025-07-18,265.77
O019096,C3376,2025-10-16,282.49
O019097,C3378,2024-02-28,70.5
O019098,C3378,2024-04-11,114.38
O019099,C3378,2024-06-07,65.28
O019100,C3378,2024-10-11,21.95
O019101,C3378,2025-01-25,13.95
O019102,C3378,2025-03-18,40.44
O019103,C3378,2025-06-15,65.89
O019104,C3378,2025-07-13,28.88
O019105,C3378,2025-08-22,14.08
O019106,C3378,2025-11-29,172.48
O019107,C3379,2024-08-15,7.94
O019108,C3379,2024-11-27,16.3
O019109,C3379,2024-12-20,184.15
O019110,C3379,2025-01-10,88.13
O019111,C3379,2025-04-24,90.85
O019112,C3380,2024-03-25,117.62
O019113,C3380,2024-04-07,37.91
O019114,C3381,2025-06-04,23.14
O019115,C3381,2025-08-05,31.7
O019116,C3381,2025-09-15,47.58
O019117,C3381,2025-10-28,24.34
O019118,C3382,2024-05-24,169.49
O019119,C3382,2024-10-19,35.64
O019120,C3382,2024-11-26,93.65
O019121,C3382,2025-01-28,44.08
O019122,C3382,2025-03-17,83.47
O019123,C3382,2025-05-11,44.56
O019124,C3382,2025-07-17,19.96
O019125,C3382,2025-09-06,6.89
O019126,C3382,2025-10-28,55.54
O019127,C3383,2024-08-21,36.27
O019128,C3383,2024-09-11,70.2
O019129,C3383,2024-11-02,29.72
O019130,C3383,2025-04-05,15.8
O019131,C3384,2025-04-22,41.17
O019132,C3384,2025-08-12,59.62
O019133,C3385,2024-11-08,266.92
O019134,C3385,2024-12-12,77.04
O019135,C3385,2025-01-30,96.56
O019136,C3385,2025-03-28,102.82
O019137,C3385,2025-04-10,40.26
O019138,C3385,2025-07-11,144.78
O019139,C3385,2025-07-19,66.14
O019140,C3385,2025-10-17,162.13
O019141,C3385,2025-12-24,49.53
O019142,C3386,2024-08-06,211.27
O019143,C3386,2024-08-26,55.41
O019144,C3386,2024-10-28,58.91
O019145,C3386,2024-11-12,59.33
O019146,C3386,2024-12-27,31.06
O019147,C3386,2025-01-13,95.94
O019148,C3386,2025-02-22,74.83
O019149,C3386,2025-03-14,142.87
O019150,C3386,2025-04-15,234.88
O019151,C3386,2025-05-11,25.04
O019152,C3386,2025-06-01,30.92
O019153,C3386,2025-08-25,14.34
O019154,C3386,2025-09-09,86.76
O019155,C3386,2025-10-27,110.34
O019156,C3386,2025-11-24,26.94
O019157,C3386,2025-12-19,23.86
O019158,C3386,2025-12-30,228.35
O019159,C3387,2024-11-13,212.38
O019160,C3387,2025-01-13,115.45
O019161,C3387,2025-04-08,224.92
O019162,C3387,2025-05-10,25.02
O019163,C3387,2025-08-26,115.01
O019164,C3387,2025-09-08,154.53
O019165,C3388,2025-08-16,64.77
O019166,C3388,2025-11-01,35.12
O019167,C3388,2025-12-02,79.85
O019168,C3388,2025-12-12,197.31
O019169,C3389,2024-06-21,259.39
O019170,C3389,2024-07-16,120.92
O019171,C3389,2024-08-15,143.72
O019172,C3389,2024-10-01,191.5
O019173,C3389,2024-10-24,134.78
O019174,C3389,2024-11-06,51.68
O019175,C3389,2025-02-08,362.26
O019176,C3389,2025-04-09,157.24
O019177,C3389,2025-06-13,64.26
O019178,C3389,2025-08-14,272.78
O019179,C3389,2025-11-02,141.49
O019180,C3389,2025-12-23,19.11
O019181,C3390,2025-09-15,130.94
O019182,C3390,2025-11-05,76.08
O019183,C3391,2024-07-28,88.22
O019184,C3391,2024-08-23,104.77
O019185,C3391,2024-10-18,209.34
O019186,C3391,2025-01-19,106.77
O019187,C3391,2025-03-05,426.82
O019188,C3391,2025-06-28,47.75
O019189,C3391,2025-10-06,6.88
O019190,C3391,2025-10-12,217.25
O019191,C3392,2025-06-15,91.46
O019192,C3392,2025-08-30,319.91
O019193,C3392,2025-09-21,38.03
O019194,C3392,2025-11-12,121.48
O019195,C3392,2025-12-26,313.37
O019196,C3393,2024-10-15,37.1
O019197,C3393,2024-11-06,99.56
O019198,C3393,2024-12-21,35.86
O019199,C3393,2025-03-14,116.44
O019200,C3393,2025-04-05,411.47
O019201,C3393,2025-08-11,50.0
O019202,C3393,2025-10-21,110.65
O019203,C3394,2025-02-26,116.87
O019204,C3394,2025-03-15,40.46
O019205,C3394,2025-03-21,100.29
O019206,C3394,2025-05-09,178.47
O019207,C3394,2025-06-22,86.73
O019208,C3394,2025-06-28,96.8
O019209,C3394,2025-07-04,101.38
O019210,C3394,2025-07-10,49.59
O019211,C3394,2025-08-19,59.63
O019212,C3394,2025-09-15,81.5
O019213,C3394,2025-09-30,87.63
O019214,C3394,2025-10-30,41.0
O019215,C3394,2025-11-30,38.99
O019216,C3395,2024-05-14,72.13
O019217,C3395,2024-07-10,72.44
O019218,C3395,2024-09-23,32.97
O019219,C3395,2024-11-28,95.29
O019220,C3395,2025-01-29,139.1
O019221,C3396,2025-01-09,17.12
O019222,C3396,2025-07-20,32.63
O019223,C3396,2025-08-25,47.55
O019224,C3396,2025-12-23,62.18
O019225,C3397,2024-11-06,24.47
O019226,C3397,2025-02-17,111.19
O019227,C3397,2025-08-23,197.24
O019228,C3397,2025-10-31,44.86
O019229,C3397,2025-11-08,94.69
O019230,C3397,2025-11-28,205.18
O019231,C3398,2025-03-29,45.74
O019232,C3398,2025-05-24,13.24
O019233,C3398,2025-11-28,19.77
O019234,C3399,2024-09-15,45.45
O019235,C3399,2024-11-15,13.9
O019236,C3399,2025-05-29,86.01
O019237,C3400,2025-10-05,16.63
O019238,C3400,2025-12-10,155.76
O019239,C3401,2025-06-29,63.61
O019240,C3402,2025-02-07,40.78
O019241,C3402,2025-03-08,34.73
O019242,C3402,2025-03-17,28.04
O019243,C3402,2025-06-05,55.68
O019244,C3402,2025-10-26,47.07
O019245,C3404,2024-10-04,72.09
O019246,C3404,2024-10-31,51.77
O019247,C3404,2024-12-03,194.76
O019248,C3404,2024-12-22,171.07
O019249,C3404,2025-03-30,28.06
O019250,C3405,2024-02-07,137.65
O019251,C3405,2024-03-31,139.72
O019252,C3406,2024-11-16,77.74
O019253,C3407,2025-03-14,181.06
O019254,C3407,2025-03-21,34.56
O019255,C3407,2025-04-12,247.45
O019256,C3407,2025-04-22,42.39
O019257,C3407,2025-05-30,142.29
O019258,C3407,2025-06-19,77.65
O019259,C3407,2025-07-29,63.56
O019260,C3407,2025-08-04,259.77
O019261,C3407,2025-08-29,387.93
O019262,C3407,2025-10-15,222.91
O019263,C3407,2025-10-29,133.32
O019264,C3407,2025-12-18,91.14
O019265,C3408,2024-11-02,17.42
O019266,C3408,2024-11-16,16.62
O019267,C3408,2025-02-09,231.94
O019268,C3408,2025-04-21,54.22
O019269,C3409,2025-06-21,70.19
O019270,C3409,2025-11-25,89.17
O019271,C3409,2025-12-12,189.18
O019272,C3410,2024-08-09,146.83
O019273,C3410,2024-08-28,58.48
O019274,C3412,2025-07-29,81.98
O019275,C3412,2025-08-04,135.23
O019276,C3412,2025-10-01,60.64
O019277,C3412,2025-10-11,144.88
O019278,C3412,2025-12-21,123.83
O019279,C3413,2024-10-30,129.5
O019280,C3413,2024-12-07,31.13
O019281,C3413,2024-12-21,23.53
O019282,C3413,2025-02-12,44.1
O019283,C3413,2025-03-17,149.12
O019284,C3413,2025-04-09,19.68
O019285,C3413,2025-05-13,93.42
O019286,C3413,2025-06-18,31.81
O019287,C3413,2025-10-01,248.42
O019288,C3413,2025-11-10,36.03
O019289,C3413,2025-12-30,23.59
O019290,C3414,2024-09-01,27.45
O019291,C3414,2024-10-25,100.34
O019292,C3414,2025-01-20,97.59
O019293,C3414,2025-08-30,21.21
O019294,C3414,2025-12-21,136.36
O019295,C3415,2025-10-16,108.46
O019296,C3416,2025-08-18,64.35
O019297,C3416,2025-09-28,36.52
O019298,C3417,2024-08-05,11.86
O019299,C3417,2024-08-16,18.44
O019300,C3417,2024-09-04,130.2
O019301,C3417,2024-11-30,11.79
O019302,C3417,2025-02-12,91.57
O019303,C3417,2025-04-20,193.31
O019304,C3417,2025-05-24,316.62
O019305,C3417,2025-06-27,54.51
O019306,C3417,2025-07-07,130.86
O019307,C3417,2025-07-23,76.88
O019308,C3417,2025-10-22,13.88
O019309,C3417,2025-11-06,53.93
O019310,C3417,2025-11-21,93.66
O019311,C3418,2024-11-28,58.2
O019312,C3418,2025-02-12,642.52
O019313,C3418,2025-04-20,113.3
O019314,C3418,2025-05-03,216.46
O019315,C3418,2025-08-25,131.38
O019316,C3418,2025-11-11,180.84
O019317,C3419,2024-11-29,150.06
O019318,C3419,2025-05-06,74.1
O019319,C3419,2025-07-01,172.38
O019320,C3419,2025-12-15,169.78
O019321,C3420,2024-10-04,31.41
O019322,C3420,2024-11-23,90.32
O019323,C3420,2024-12-19,44.8
O019324,C3420,2025-01-14,73.82
O019325,C3420,2025-02-26,126.94
O019326,C3420,2025-03-21,169.75
O019327,C3420,2025-06-05,30.94
O019328,C3421,2024-06-03,118.28
O019329,C3421,2024-06-12,115.89
O019330,C3421,2024-08-06,33.44
O019331,C3421,2024-09-06,18.75
O019332,C3421,2024-12-23,113.91
O019333,C3421,2025-03-02,125.88
O019334,C3421,2025-04-26,52.04
O019335,C3421,2025-09-15,171.6
O019336,C3421,2025-10-15,276.61
O019337,C3421,2025-11-17,56.15
O019338,C3421,2025-12-13,69.68
O019339,C3422,2024-03-07,62.07
O019340,C3422,2024-05-03,198.33
O019341,C3422,2024-05-29,43.15
O019342,C3422,2024-07-05,18.64
O019343,C3422,2024-07-26,77.82
O019344,C3422,2024-08-16,174.98
O019345,C3422,2024-09-11,97.44
O019346,C3422,2024-09-29,146.3
O019347,C3423,2025-01-21,235.67
O019348,C3424,2024-08-11,52.59
O019349,C3424,2024-09-19,41.94
O019350,C3424,2024-12-28,44.94
O019351,C3424,2025-04-05,16.72
O019352,C3424,2025-04-12,73.0
O019353,C3424,2025-06-14,63.15
O019354,C3424,2025-08-22,32.2
O019355,C3424,2025-09-15,18.01
O019356,C3425,2024-12-09,128.87
O019357,C3425,2025-10-20,22.0
O019358,C3426,2024-08-29,97.75
O019359,C3426,2024-12-20,47.85
O019360,C3428,2025-02-06,88.57
O019361,C3428,2025-04-29,67.4
O019362,C3429,2024-08-09,19.51
O019363,C3429,2024-09-18,331.88
O019364,C3429,2024-10-12,7.39
O019365,C3430,2024-07-06,121.81
O019366,C3430,2024-08-13,51.97
O019367,C3430,2024-08-30,238.58
O019368,C3430,2024-09-05,119.24
O019369,C3430,2024-10-21,183.21
O019370,C3430,2024-11-20,64.18
O019371,C3430,2025-01-19,226.74
O019372,C3430,2025-02-05,314.27
O019373,C3430,2025-02-20,237.89
O019374,C3430,2025-03-03,78.77
O019375,C3430,2025-03-30,39.41
O019376,C3430,2025-04-18,265.15
O019377,C3430,2025-04-28,131.51
O019378,C3430,2025-06-02,322.4
O019379,C3430,2025-06-08,302.51
O019380,C3430,2025-06-26,108.11
O019381,C3430,2025-07-14,429.53
O019382,C3430,2025-09-09,88.99
O019383,C3430,2025-09-15,136.36
O019384,C3430,2025-09-29,244.16
O019385,C3430,2025-10-21,410.59
O019386,C3430,2025-11-03,219.64
O019387,C3431,2025-03-07,100.12
O019388,C3431,2025-04-04,43.06
O019389,C3431,2025-05-20,36.06
O019390,C3431,2025-06-26,163.27
O019391,C3431,2025-08-27,84.05
O019392,C3431,2025-10-15,184.64
O019393,C3432,2024-01-06,151.63
O019394,C3432,2024-02-09,69.12
O019395,C3432,2024-02-15,437.45
O019396,C3432,2024-03-01,279.87
O019397,C3432,2024-03-16,644.37
O019398,C3432,2024-04-04,368.64
O019399,C3432,2024-06-16,219.1
O019400,C3432,2024-08-17,174.12
O019401,C3432,2024-09-27,203.93
O019402,C3432,2024-11-19,227.2
O019403,C3432,2024-12-20,91.83
O019404,C3432,2025-01-28,187.82
O019405,C3432,2025-02-05,145.47
O019406,C3432,2025-04-06,163.67
O019407,C3432,2025-04-30,135.17
O019408,C3432,2025-07-11,38.37
O019409,C3432,2025-09-02,317.57
O019410,C3432,2025-09-27,35.62
O019411,C3432,2025-10-14,7.24
O019412,C3432,2025-11-23,43.62
O019413,C3433,2024-02-09,282.83
O019414,C3433,2024-06-05,203.7
O019415,C3433,2024-08-17,68.7
O019416,C3433,2024-09-18,26.33
O019417,C3433,2024-10-25,62.92
O019418,C3434,2024-02-20,76.55
O019419,C3434,2024-02-26,157.89
O019420,C3434,2024-04-17,222.56
O019421,C3434,2024-05-06,75.9
O019422,C3435,2024-07-11,172.18
O019423,C3435,2024-08-15,15.98
O019424,C3435,2024-09-23,390.84
O019425,C3435,2024-12-08,27.76
O019426,C3435,2025-01-08,36.8
O019427,C3435,2025-01-17,102.39
O019428,C3435,2025-01-31,75.96
O019429,C3435,2025-04-23,54.41
O019430,C3435,2025-06-17,216.4
O019431,C3435,2025-07-20,54.61
O019432,C3435,2025-09-21,82.3
O019433,C3436,2024-10-06,44.56
O019434,C3436,2025-12-13,129.79
O019435,C3437,2024-06-17,6.76
O019436,C3437,2024-09-17,13.43
O019437,C3437,2024-12-20,104.48
O019438,C3437,2025-01-14,50.03
O019439,C3437,2025-02-22,43.16
O019440,C3437,2025-04-17,41.74
O019441,C3437,2025-08-14,120.32
O019442,C3438,2025-07-31,153.5
O019443,C3438,2025-10-17,37.86
O019444,C3439,2024-07-07,58.6
O019445,C3439,2024-08-12,14.81
O019446,C3439,2024-11-20,19.14
O019447,C3440,2024-10-31,126.94
O019448,C3440,2024-11-28,40.28
O019449,C3441,2024-07-08,136.24
O019450,C3441,2024-08-26,71.94
O019451,C3441,2024-10-13,109.83
O019452,C3441,2024-10-19,63.09
O019453,C3441,2024-11-05,27.69
O019454,C3441,2024-12-04,26.7
O019455,C3441,2024-12-27,138.81
O019456,C3441,2025-01-05,174.27
O019457,C3441,2025-01-12,71.35
O019458,C3441,2025-02-16,119.83
O019459,C3441,2025-04-15,68.52
O019460,C3441,2025-06-05,35.14
O019461,C3441,2025-06-27,120.28
O019462,C3441,2025-07-17,49.19
O019463,C3442,2024-12-10,71.36
O019464,C3442,2025-03-31,23.01
O019465,C3442,2025-05-12,50.08
O019466,C3442,2025-10-16,26.75
O019467,C3443,2024-08-03,388.04
O019468,C3443,2024-09-04,7.51
O019469,C3443,2024-10-21,264.22
O019470,C3443,2024-12-09,205.89
O019471,C3443,2025-02-14,110.83
O019472,C3443,2025-02-20,108.42
O019473,C3443,2025-03-21,181.69
O019474,C3443,2025-05-09,340.58
O019475,C3443,2025-06-07,218.22
O019476,C3443,2025-07-11,212.58
O019477,C3443,2025-08-18,98.34
O019478,C3443,2025-10-27,248.6
O019479,C3443,2025-11-26,526.54
O019480,C3443,2025-12-10,155.25
O019481,C3444,2025-07-16,32.7
O019482,C3444,2025-11-03,73.36
O019483,C3444,2025-12-21,59.97
O019484,C3445,2025-07-14,100.04
O019485,C3445,2025-09-05,17.51
O019486,C3445,2025-09-19,66.34
O019487,C3445,2025-11-10,64.76
O019488,C3446,2025-01-28,58.19
O019489,C3446,2025-02-10,95.31
O019490,C3447,2024-11-03,34.21
O019491,C3447,2024-12-22,211.64
O019492,C3447,2025-01-19,125.8
O019493,C3447,2025-02-15,146.65
O019494,C3448,2024-02-15,56.38
O019495,C3448,2024-06-19,46.64
O019496,C3448,2024-09-04,20.46
O019497,C3448,2024-12-31,28.64
O019498,C3448,2025-01-15,17.26
O019499,C3449,2024-12-16,44.79
O019500,C3449,2025-01-21,100.67
O019501,C3449,2025-02-03,172.48
O019502,C3449,2025-04-07,11.74
O019503,C3450,2024-07-31,56.96
O019504,C3450,2024-09-23,43.82
O019505,C3451,2024-06-08,191.08
O019506,C3451,2024-08-06,31.07
O019507,C3452,2025-03-16,97.03
O019508,C3452,2025-10-16,79.05
O019509,C3453,2024-02-02,78.32
O019510,C3453,2024-02-08,123.84
O019511,C3453,2024-04-06,117.18
O019512,C3453,2024-04-23,194.09
O019513,C3453,2024-05-11,42.5
O019514,C3453,2024-06-04,186.91
O019515,C3453,2024-06-11,119.91
O019516,C3453,2024-06-21,91.46
O019517,C3453,2024-07-13,150.36
O019518,C3453,2024-08-14,100.0
O019519,C3453,2024-09-10,68.25
O019520,C3453,2024-10-02,16.7
O019521,C3453,2024-10-26,19.23
O019522,C3453,2024-11-13,57.37
O019523,C3454,2024-05-24,362.32
O019524,C3454,2024-08-07,39.03
O019525,C3455,2025-03-27,12.77
O019526,C3455,2025-08-06,81.82
O019527,C3455,2025-12-16,7.23
O019528,C3455,2025-12-28,53.74
O019529,C3456,2025-06-09,285.57
O019530,C3456,2025-07-09,96.59
O019531,C3456,2025-09-24,26.36
O019532,C3456,2025-11-18,14.97
O019533,C3456,2025-11-28,170.47
O019534,C3457,2024-11-01,42.23
O019535,C3457,2025-01-25,92.43
O019536,C3457,2025-03-25,93.98
O019537,C3457,2025-05-22,140.74
O019538,C3457,2025-08-10,120.93
O019539,C3457,2025-12-18,82.53
O019540,C3458,2025-10-08,82.77
O019541,C3459,2025-06-30,74.2
O019542,C3459,2025-07-23,44.2
O019543,C3459,2025-11-29,12.14
O019544,C3460,2024-03-04,19.17
O019545,C3460,2024-06-09,22.38
O019546,C3460,2024-07-28,191.73
O019547,C3460,2024-10-02,117.6
O019548,C3460,2025-02-25,38.19
O019549,C3460,2025-06-30,100.7
O019550,C3460,2025-10-20,24.18
O019551,C3460,2025-12-28,97.85
O019552,C3461,2024-10-05,32.31
O019553,C3462,2024-06-23,9.74
O019554,C3462,2025-02-07,174.33
O019555,C3462,2025-03-18,21.11
O019556,C3462,2025-06-25,131.85
O019557,C3462,2025-09-13,32.84
O019558,C3462,2025-11-16,94.48
O019559,C3463,2024-10-14,133.58
O019560,C3463,2025-01-23,36.7
O019561,C3463,2025-06-07,118.84
O019562,C3464,2025-05-30,51.35
O019563,C3464,2025-07-21,101.61
O019564,C3464,2025-09-01,63.81
O019565,C3464,2025-11-05,42.1
O019566,C3465,2024-11-29,57.84
O019567,C3465,2025-05-22,31.61
O019568,C3465,2025-06-10,22.22
O019569,C3466,2025-08-11,139.38
O019570,C3466,2025-12-12,24.31
O019571,C3467,2024-10-05,13.24
O019572,C3467,2024-10-20,42.54
O019573,C3467,2024-12-28,26.1
O019574,C3467,2025-01-06,63.69
O019575,C3467,2025-02-20,238.22
O019576,C3467,2025-03-06,179.09
O019577,C3467,2025-03-17,105.86
O019578,C3467,2025-03-26,195.45
O019579,C3467,2025-05-30,143.9
O019580,C3467,2025-06-21,78.8
O019581,C3467,2025-08-02,153.47
O019582,C3467,2025-08-25,173.62
O019583,C3467,2025-11-19,228.54
O019584,C3467,2025-12-14,121.77
O019585,C3469,2024-04-15,243.38
O019586,C3469,2024-07-18,151.16
O019587,C3469,2024-11-02,149.18
O019588,C3469,2024-12-10,277.75
O019589,C3469,2025-01-13,229.89
O019590,C3469,2025-03-18,96.21
O019591,C3469,2025-05-28,147.5
O019592,C3469,2025-06-10,83.89
O019593,C3469,2025-08-10,107.01
O019594,C3469,2025-09-07,175.28
O019595,C3470,2024-07-26,207.97
O019596,C3471,2024-06-22,87.81
O019597,C3471,2024-12-08,27.35
O019598,C3471,2025-02-09,98.41
O019599,C3471,2025-04-25,114.42
O019600,C3471,2025-07-02,48.24
O019601,C3471,2025-08-11,39.21
O019602,C3471,2025-11-15,42.58
O019603,C3472,2025-03-12,69.14
O019604,C3472,2025-07-06,60.53
O019605,C3472,2025-09-19,106.34
O019606,C3473,2024-12-03,6.36
O019607,C3473,2025-01-22,6.89
O019608,C3473,2025-06-22,10.8
O019609,C3473,2025-08-19,97.5
O019610,C3473,2025-10-28,40.43
O019611,C3473,2025-11-27,63.08
O019612,C3474,2025-07-23,51.06
O019613,C3474,2025-08-15,135.36
O019614,C3475,2024-05-18,30.46
O019615,C3475,2024-09-15,16.9
O019616,C3475,2024-12-04,11.58
O019617,C3475,2025-05-13,197.41
O019618,C3475,2025-06-01,135.29
O019619,C3475,2025-10-08,32.98
O019620,C3475,2025-12-28,7.05
O019621,C3477,2024-04-07,85.81
O019622,C3477,2024-04-27,175.35
O019623,C3477,2024-07-12,224.57
O019624,C3477,2024-08-17,9.49
O019625,C3477,2024-09-07,169.96
O019626,C3478,2025-02-12,33.2
O019627,C3478,2025-04-02,30.78
O019628,C3478,2025-06-15,16.63
O019629,C3478,2025-07-27,121.29
O019630,C3478,2025-09-04,46.51
O019631,C3478,2025-09-10,80.22
O019632,C3479,2025-04-10,43.57
O019633,C3479,2025-04-21,71.65
O019634,C3479,2025-05-21,99.75
O019635,C3479,2025-06-20,74.72
O019636,C3479,2025-09-19,269.54
O019637,C3479,2025-11-05,14.65
O019638,C3480,2025-06-24,25.08
O019639,C3480,2025-11-03,27.9
O019640,C3480,2025-12-05,26.57
O019641,C3481,2024-05-13,28.55
O019642,C3481,2024-09-02,356.53
O019643,C3481,2024-09-26,262.15
O019644,C3481,2024-11-21,69.06
O019645,C3481,2025-02-11,185.04
O019646,C3481,2025-06-24,169.62
O019647,C3481,2025-07-25,245.71
O019648,C3481,2025-09-12,139.35
O019649,C3482,2024-10-02,129.89
O019650,C3482,2024-11-06,53.43
O019651,C3482,2025-01-11,209.04
O019652,C3482,2025-04-19,67.57
O019653,C3482,2025-05-25,11.43
O019654,C3482,2025-06-11,162.6
O019655,C3482,2025-07-20,272.32
O019656,C3482,2025-09-30,236.58
O019657,C3482,2025-12-05,97.41
O019658,C3483,2024-10-18,130.6
O019659,C3484,2024-09-30,56.53
O019660,C3484,2024-12-01,18.98
O019661,C3484,2025-04-05,20.66
O019662,C3484,2025-04-24,35.9
O019663,C3484,2025-07-11,41.91
O019664,C3484,2025-11-22,29.32
O019665,C3484,2025-12-07,27.65
O019666,C3485,2024-09-18,27.46
O019667,C3485,2024-10-09,63.07
O019668,C3485,2025-01-08,108.84
O019669,C3485,2025-03-08,170.31
O019670,C3485,2025-05-25,7.58
O019671,C3486,2024-05-04,188.37
O019672,C3486,2024-07-18,14.19
O019673,C3486,2024-08-25,58.46
O019674,C3487,2024-04-18,50.55
O019675,C3487,2024-08-10,98.23
O019676,C3487,2024-09-10,32.32
O019677,C3487,2025-04-27,47.62
O019678,C3487,2025-07-15,81.31
O019679,C3487,2025-12-20,17.22
O019680,C3488,2024-09-02,37.55
O019681,C3488,2024-09-28,173.18
O019682,C3488,2024-12-08,72.28
O019683,C3489,2024-02-27,105.39
O019684,C3489,2024-04-06,101.5
O019685,C3489,2024-04-17,122.12
O019686,C3489,2024-05-18,156.6
O019687,C3489,2024-05-29,89.66
O019688,C3489,2024-08-01,73.9
O019689,C3489,2024-08-16,353.39
O019690,C3489,2024-09-07,199.01
O019691,C3489,2024-09-18,114.68
O019692,C3489,2024-10-03,121.89
O019693,C3489,2024-10-30,60.17
O019694,C3489,2024-12-04,96.97
O019695,C3490,2024-02-15,141.58
O019696,C3490,2024-04-08,101.18
O019697,C3490,2024-07-11,80.19
O019698,C3490,2024-11-14,48.74
O019699,C3490,2024-12-01,22.44
O019700,C3490,2025-03-12,115.9
O019701,C3490,2025-06-29,135.4
O019702,C3490,2025-07-09,72.4
O019703,C3491,2024-10-17,135.79
O019704,C3491,2024-11-23,391.57
O019705,C3491,2024-12-16,95.4
O019706,C3491,2025-01-09,340.67
O019707,C3491,2025-01-31,232.19
O019708,C3491,2025-02-08,158.91
O019709,C3491,2025-04-17,217.81
O019710,C3491,2025-05-21,437.49
O019711,C3491,2025-07-07,87.48
O019712,C3491,2025-07-13,122.59
O019713,C3491,2025-09-07,105.96
O019714,C3491,2025-10-22,80.97
O019715,C3491,2025-11-10,103.22
O019716,C3492,2025-04-17,110.44
O019717,C3492,2025-07-21,54.68
O019718,C3492,2025-09-02,61.52
O019719,C3493,2024-11-14,179.73
O019720,C3493,2024-11-20,64.76
O019721,C3493,2024-12-14,219.63
O019722,C3493,2025-02-02,27.96
O019723,C3493,2025-03-04,111.1
O019724,C3493,2025-03-18,360.05
O019725,C3493,2025-06-02,183.45
O019726,C3493,2025-07-28,76.26
O019727,C3493,2025-09-28,86.38
O019728,C3494,2025-06-16,43.56
O019729,C3494,2025-07-01,200.7
O019730,C3494,2025-11-14,167.0
O019731,C3494,2025-12-09,195.71
O019732,C3495,2025-04-13,88.63
O019733,C3495,2025-07-15,75.57
O019734,C3496,2025-01-12,43.37
O019735,C3496,2025-03-03,12.93
O019736,C3496,2025-07-16,19.19
O019737,C3496,2025-11-16,34.85
O019738,C3497,2024-06-19,12.58
O019739,C3497,2024-09-30,80.79
O019740,C3497,2024-10-17,27.49
O019741,C3497,2025-01-02,73.9
O019742,C3497,2025-01-21,13.69
O019743,C3497,2025-02-17,93.1
O019744,C3497,2025-06-26,65.41
O019745,C3498,2024-05-31,289.77
O019746,C3498,2024-11-06,137.34
O019747,C3498,2025-01-19,114.65
O019748,C3498,2025-07-16,35.37
O019749,C3499,2025-05-27,20.8
O019750,C3499,2025-12-04,39.65
O019751,C3500,2024-09-23,84.67
O019752,C3500,2024-10-27,38.87
O019753,C3500,2024-12-12,146.72
O019754,C3500,2025-01-16,191.8
O019755,C3500,2025-03-14,221.5
O019756,C3500,2025-05-30,36.09
O019757,C3500,2025-06-20,7.79
O019758,C3500,2025-10-03,24.78
O019759,C3500,2025-10-16,138.22
O019760,C3500,2025-12-31,566.34
O019761,C3501,2024-04-06,99.81
O019762,C3501,2024-07-19,125.43
O019763,C3501,2024-09-14,369.84
O019764,C3501,2024-09-26,45.46
O019765,C3501,2024-10-24,80.13
O019766,C3501,2024-12-08,254.56
O019767,C3502,2024-06-10,291.87
O019768,C3502,2024-07-17,65.46
O019769,C3502,2024-08-07,153.61
O019770,C3502,2024-08-26,136.58
O019771,C3502,2024-09-15,310.95
O019772,C3502,2024-10-20,275.41
O019773,C3502,2024-10-27,69.41
O019774,C3502,2024-11-24,264.23
O019775,C3502,2025-01-19,27.89
O019776,C3502,2025-01-25,165.3
O019777,C3502,2025-04-02,123.49
O019778,C3502,2025-05-01,230.67
O019779,C3502,2025-05-17,30.1
O019780,C3502,2025-06-12,60.25
O019781,C3502,2025-07-10,277.26
O019782,C3502,2025-08-10,276.69
O019783,C3502,2025-08-22,246.59
O019784,C3502,2025-09-05,63.0
O019785,C3502,2025-11-18,309.76
O019786,C3502,2025-12-08,27.06
O019787,C3503,2024-05-25,407.17
O019788,C3503,2024-06-21,178.26
O019789,C3503,2024-06-29,65.96
O019790,C3503,2024-07-18,148.62
O019791,C3503,2024-07-27,119.02
O019792,C3503,2024-08-03,45.67
O019793,C3503,2024-08-27,109.61
O019794,C3503,2024-10-07,204.79
O019795,C3503,2024-11-09,181.8
O019796,C3503,2024-11-15,89.97
O019797,C3503,2024-12-16,275.84
O019798,C3503,2025-01-29,289.05
O019799,C3503,2025-02-20,130.91
O019800,C3503,2025-03-04,108.19
O019801,C3503,2025-03-27,135.72
O019802,C3503,2025-05-24,56.8
O019803,C3503,2025-06-13,203.75
O019804,C3503,2025-07-09,35.84
O019805,C3503,2025-07-26,302.65
O019806,C3503,2025-08-20,113.39
O019807,C3503,2025-09-17,163.29
O019808,C3503,2025-11-11,83.87
O019809,C3503,2025-12-11,133.61
O019810,C3504,2025-08-26,6.7
O019811,C3504,2025-11-01,50.49
O019812,C3505,2024-07-31,41.1
O019813,C3505,2024-11-20,30.02
O019814,C3506,2024-10-27,159.75
O019815,C3506,2024-12-18,98.33
O019816,C3506,2024-12-24,267.73
O019817,C3506,2025-01-07,183.94
O019818,C3507,2025-08-24,62.0
O019819,C3507,2025-11-06,36.92
O019820,C3508,2024-12-17,111.37
O019821,C3508,2025-01-15,129.99
O019822,C3508,2025-02-23,96.88
O019823,C3508,2025-03-24,178.25
O019824,C3508,2025-04-19,84.62
O019825,C3508,2025-07-16,294.29
O019826,C3508,2025-10-11,280.6
O019827,C3508,2025-10-28,110.94
O019828,C3508,2025-11-26,27.43
O019829,C3508,2025-12-25,291.37
O019830,C3509,2024-10-13,138.14
O019831,C3509,2025-03-01,112.11
O019832,C3509,2025-04-20,119.02
O019833,C3511,2025-11-02,89.3
O019834,C3511,2025-11-24,185.94
O019835,C3512,2024-07-09,57.56
O019836,C3513,2024-01-27,27.98
O019837,C3513,2024-04-09,71.63
O019838,C3513,2024-08-13,156.88
O019839,C3514,2025-10-03,105.95
O019840,C3514,2025-12-23,125.24
O019841,C3515,2024-07-18,112.52
O019842,C3515,2024-07-24,272.18
O019843,C3515,2024-09-04,201.89
O019844,C3515,2024-09-30,56.1
O019845,C3515,2024-11-25,124.11
O019846,C3515,2024-12-16,101.23
O019847,C3515,2025-01-03,40.98
O019848,C3515,2025-01-15,102.2
O019849,C3515,2025-02-27,69.37
O019850,C3515,2025-03-22,16.14
O019851,C3515,2025-04-21,114.84
O019852,C3515,2025-05-06,25.53
O019853,C3515,2025-06-16,183.76
O019854,C3515,2025-07-18,60.88
O019855,C3515,2025-07-30,205.17
O019856,C3515,2025-08-12,130.62
O019857,C3515,2025-09-11,17.06
O019858,C3515,2025-10-18,124.1
O019859,C3515,2025-11-21,91.21
O019860,C3515,2025-11-27,37.33
O019861,C3515,2025-12-12,181.94
O019862,C3516,2025-11-22,32.03
O019863,C3517,2024-08-29,15.56
O019864,C3517,2024-10-27,136.1
O019865,C3518,2025-08-22,25.45
O019866,C3518,2025-09-25,94.2
O019867,C3518,2025-11-16,88.33
O019868,C3519,2024-07-13,252.37
O019869,C3519,2024-11-15,261.52
O019870,C3519,2025-02-04,160.31
O019871,C3519,2025-05-02,293.2
O019872,C3519,2025-05-16,202.22
O019873,C3519,2025-06-28,153.23
O019874,C3519,2025-08-17,205.16
O019875,C3519,2025-12-11,50.81
O019876,C3520,2025-04-20,72.91
O019877,C3520,2025-07-10,86.13
O019878,C3520,2025-09-14,69.93
O019879,C3520,2025-09-23,221.65
O019880,C3521,2024-03-24,19.39
O019881,C3521,2024-05-16,209.4
O019882,C3521,2024-06-22,67.91
O019883,C3521,2024-09-18,20.19
O019884,C3521,2024-11-06,41.78
O019885,C3521,2025-02-05,21.29
O019886,C3521,2025-05-25,6.62
O019887,C3521,2025-06-08,31.11
O019888,C3521,2025-06-14,38.87
O019889,C3521,2025-08-29,50.06
O019890,C3521,2025-11-27,100.54
O019891,C3521,2025-12-07,151.47
O019892,C3522,2025-06-12,13.59
O019893,C3522,2025-09-04,53.91
O019894,C3523,2024-06-10,115.61
O019895,C3523,2024-08-04,184.71
O019896,C3523,2024-10-28,133.84
O019897,C3523,2025-02-16,79.9
O019898,C3523,2025-03-28,77.81
O019899,C3523,2025-04-13,63.03
O019900,C3523,2025-07-09,6.82
O019901,C3523,2025-08-05,57.67
O019902,C3523,2025-10-26,88.54
O019903,C3523,2025-12-05,21.7
O019904,C3524,2025-11-20,47.66
O019905,C3525,2024-12-21,110.82
O019906,C3525,2025-06-02,97.39
O019907,C3525,2025-07-18,143.24
O019908,C3525,2025-09-25,10.53
O019909,C3526,2024-11-15,116.05
O019910,C3526,2024-11-29,31.71
O019911,C3526,2025-02-05,342.9
O019912,C3526,2025-04-21,93.13
O019913,C3526,2025-07-09,100.95
O019914,C3526,2025-09-20,74.14
O019915,C3526,2025-10-26,31.55
O019916,C3526,2025-12-15,38.48
O019917,C3527,2024-05-08,28.52
O019918,C3527,2024-06-07,197.17
O019919,C3528,2025-02-20,75.27
O019920,C3528,2025-07-05,28.52
O019921,C3528,2025-07-31,166.44
O019922,C3528,2025-11-02,91.98
O019923,C3528,2025-11-20,23.86
O019924,C3528,2025-12-07,36.8
O019925,C3528,2025-12-19,13.73
O019926,C3529,2024-12-25,79.95
O019927,C3530,2024-11-04,84.86
O019928,C3530,2024-11-22,399.77
O019929,C3530,2025-02-27,67.87
O019930,C3530,2025-06-02,90.78
O019931,C3530,2025-11-15,300.14
O019932,C3531,2024-09-24,94.64
O019933,C3531,2024-11-09,214.14
O019934,C3532,2024-11-26,26.43
O019935,C3533,2024-09-28,46.85
O019936,C3533,2025-04-03,35.47
O019937,C3534,2025-06-26,43.48
O019938,C3534,2025-07-14,69.87
O019939,C3534,2025-08-10,172.31
O019940,C3534,2025-09-09,71.32
O019941,C3534,2025-11-03,230.2
O019942,C3535,2024-02-01,40.81
O019943,C3536,2024-06-03,78.15
O019944,C3537,2025-12-01,12.78
O019945,C3538,2025-04-04,20.13
O019946,C3538,2025-10-01,38.02
O019947,C3539,2024-07-19,10.2
O019948,C3539,2024-08-31,166.01
O019949,C3539,2024-09-23,168.13
O019950,C3539,2024-11-07,56.68
O019951,C3539,2024-11-27,182.68
O019952,C3539,2025-01-19,46.47
O019953,C3540,2024-10-13,32.92
O019954,C3540,2025-02-12,24.69
O019955,C3540,2025-09-20,31.92
O019956,C3540,2025-11-05,116.11
O019957,C3541,2024-03-05,43.34
O019958,C3541,2024-05-13,13.37
O019959,C3542,2024-04-10,141.87
O019960,C3542,2024-06-19,20.62
O019961,C3543,2025-06-13,113.83
O019962,C3543,2025-06-21,29.28
O019963,C3543,2025-08-15,13.85
O019964,C3543,2025-11-03,20.55
O019965,C3544,2024-12-27,63.44
O019966,C3544,2025-01-04,11.36
O019967,C3544,2025-05-11,11.01
O019968,C3544,2025-07-08,21.08
O019969,C3544,2025-09-21,65.54
O019970,C3544,2025-12-24,10.82
O019971,C3545,2024-03-03,40.25
O019972,C3545,2024-03-26,41.42
O019973,C3545,2024-04-02,67.73
O019974,C3545,2024-06-23,103.13
O019975,C3545,2024-09-25,26.16
O019976,C3545,2024-11-30,312.99
O019977,C3545,2024-12-26,65.69
O019978,C3545,2025-02-15,123.01
O019979,C3545,2025-05-25,57.34
O019980,C3545,2025-08-11,14.76
O019981,C3545,2025-09-06,105.14
O019982,C3546,2025-03-25,45.08
O019983,C3547,2024-09-20,154.98
O019984,C3548,2025-01-12,5.97
O019985,C3548,2025-05-06,61.08
O019986,C3548,2025-09-07,22.6
O019987,C3548,2025-09-29,104.34
O019988,C3549,2025-04-16,82.66
O019989,C3549,2025-05-25,78.71
O019990,C3549,2025-07-14,24.8
O019991,C3549,2025-09-14,89.12
O019992,C3550,2025-04-04,169.57
O019993,C3550,2025-05-26,286.51
O019994,C3550,2025-06-29,33.98
O019995,C3550,2025-08-26,56.01
O019996,C3550,2025-09-23,163.21
O019997,C3550,2025-10-31,199.77
O019998,C3551,2024-04-01,95.04
O019999,C3551,2024-09-14,10.27
O020000,C3552,2024-07-31,31.27
O020001,C3552,2024-09-21,183.48
O020002,C3552,2025-01-10,160.68
O020003,C3552,2025-05-04,261.44
O020004,C3552,2025-05-14,56.92
O020005,C3552,2025-05-24,234.7
O020006,C3552,2025-06-05,155.45
O020007,C3552,2025-06-17,241.49
O020008,C3552,2025-07-11,205.55
O020009,C3552,2025-08-23,125.52
O020010,C3552,2025-09-02,165.98
O020011,C3552,2025-10-15,169.24
O020012,C3553,2025-08-06,38.93
O020013,C3553,2025-09-06,24.3
O020014,C3553,2025-12-16,68.91
O020015,C3554,2025-05-17,57.86
O020016,C3554,2025-08-06,255.27
O020017,C3554,2025-10-03,69.81
O020018,C3554,2025-10-17,147.84
O020019,C3554,2025-11-16,60.96
O020020,C3555,2025-03-23,175.08
O020021,C3556,2025-01-07,13.32
O020022,C3556,2025-04-25,101.7
O020023,C3556,2025-08-03,38.78
O020024,C3556,2025-08-17,43.55
O020025,C3556,2025-12-25,151.34
O020026,C3557,2024-02-15,74.48
O020027,C3557,2024-03-30,87.91
O020028,C3557,2024-04-28,71.42
O020029,C3558,2025-03-17,79.58
O020030,C3558,2025-09-05,66.69
O020031,C3558,2025-09-14,78.62
O020032,C3558,2025-10-20,155.02
O020033,C3558,2025-10-31,64.48
O020034,C3558,2025-11-25,117.3
O020035,C3559,2025-09-16,31.01
O020036,C3559,2025-11-23,77.71
O020037,C3560,2024-06-14,32.76
O020038,C3560,2024-07-09,37.99
O020039,C3560,2024-12-01,13.65
O020040,C3560,2025-01-15,20.27
O020041,C3560,2025-02-04,124.18
O020042,C3560,2025-04-03,134.57
O020043,C3561,2024-09-19,26.98
O020044,C3561,2024-09-26,82.86
O020045,C3561,2024-12-24,50.73
O020046,C3561,2025-03-07,248.94
O020047,C3561,2025-06-12,51.06
O020048,C3561,2025-07-28,89.96
O020049,C3562,2024-09-19,164.92
O020050,C3562,2025-02-03,76.12
O020051,C3562,2025-04-12,28.79
O020052,C3562,2025-08-07,31.25
O020053,C3562,2025-08-19,267.97
O020054,C3562,2025-09-10,177.96
O020055,C3563,2024-06-14,28.08
O020056,C3563,2024-07-30,73.77
O020057,C3563,2024-08-20,9.46
O020058,C3563,2024-09-20,102.44
O020059,C3563,2024-10-26,44.13
O020060,C3563,2025-01-11,29.44
O020061,C3563,2025-03-31,31.41
O020062,C3563,2025-04-14,177.93
O020063,C3563,2025-04-20,178.74
O020064,C3563,2025-04-26,10.27
O020065,C3563,2025-05-26,81.26
O020066,C3563,2025-06-13,57.39
O020067,C3563,2025-09-03,31.21
O020068,C3563,2025-09-21,13.3
O020069,C3563,2025-10-12,105.93
O020070,C3563,2025-10-18,91.97
O020071,C3563,2025-11-23,76.94
O020072,C3563,2025-12-02,189.12
O020073,C3563,2025-12-23,118.52
O020074,C3564,2025-06-16,153.12
O020075,C3564,2025-08-17,42.82
O020076,C3565,2025-05-22,181.38
O020077,C3565,2025-07-07,41.13
O020078,C3565,2025-09-01,96.35
O020079,C3565,2025-09-16,38.15
O020080,C3566,2024-02-07,33.29
O020081,C3566,2024-04-21,125.14
O020082,C3566,2024-05-21,117.36
O020083,C3566,2024-05-30,572.61
O020084,C3566,2024-08-01,36.64
O020085,C3566,2024-08-21,27.77
O020086,C3566,2024-09-30,146.08
O020087,C3566,2024-10-31,240.89
O020088,C3566,2024-12-30,212.86
O020089,C3566,2025-02-16,55.29
O020090,C3566,2025-02-27,153.44
O020091,C3566,2025-05-16,71.04
O020092,C3566,2025-09-01,30.96
O020093,C3566,2025-10-17,31.06
O020094,C3566,2025-11-20,31.96
O020095,C3567,2025-06-08,24.63
O020096,C3567,2025-08-16,110.08
O020097,C3567,2025-10-15,18.3
O020098,C3568,2024-08-14,113.7
O020099,C3568,2025-04-14,39.2
O020100,C3568,2025-07-05,118.54
O020101,C3568,2025-08-26,46.7
O020102,C3568,2025-11-20,7.18
O020103,C3569,2025-03-14,630.82
O020104,C3569,2025-04-02,409.38
O020105,C3569,2025-04-15,136.98
O020106,C3569,2025-05-14,111.86
O020107,C3569,2025-06-01,264.05
O020108,C3569,2025-07-26,101.1
O020109,C3569,2025-09-06,132.78
O020110,C3569,2025-09-29,42.73
O020111,C3569,2025-10-06,257.9
O020112,C3569,2025-10-29,306.45
O020113,C3569,2025-12-14,158.94
O020114,C3570,2025-03-05,9.53
O020115,C3570,2025-03-30,49.83
O020116,C3570,2025-05-20,38.37
O020117,C3570,2025-06-27,120.81
O020118,C3570,2025-07-24,75.67
O020119,C3570,2025-08-22,34.26
O020120,C3570,2025-08-30,106.37
O020121,C3570,2025-10-26,91.9
O020122,C3570,2025-11-21,82.47
O020123,C3570,2025-12-08,40.79
O020124,C3571,2024-12-01,50.58
O020125,C3571,2025-01-11,48.01
O020126,C3571,2025-03-14,44.49
O020127,C3571,2025-06-18,224.05
O020128,C3571,2025-08-25,248.4
O020129,C3571,2025-12-26,99.36
O020130,C3572,2025-02-27,56.47
O020131,C3572,2025-06-09,151.82
O020132,C3572,2025-07-23,32.02
O020133,C3572,2025-08-05,164.74
O020134,C3572,2025-10-09,145.84
O020135,C3572,2025-12-19,133.3
O020136,C3573,2025-01-13,73.13
O020137,C3573,2025-02-22,36.04
O020138,C3573,2025-04-15,21.83
O020139,C3573,2025-07-25,144.66
O020140,C3573,2025-09-05,122.67
O020141,C3573,2025-11-15,98.15
O020142,C3574,2025-04-26,55.44
O020143,C3574,2025-07-19,78.32
O020144,C3574,2025-09-05,135.81
O020145,C3574,2025-09-18,200.3
O020146,C3574,2025-12-28,131.39
O020147,C3575,2025-10-08,23.74
O020148,C3576,2025-02-17,410.59
O020149,C3576,2025-06-14,274.37
O020150,C3576,2025-08-14,112.32
O020151,C3576,2025-08-26,57.02
O020152,C3576,2025-10-03,26.81
O020153,C3576,2025-11-27,311.41
O020154,C3577,2025-06-23,291.37
O020155,C3577,2025-09-08,203.7
O020156,C3577,2025-09-15,37.47
O020157,C3577,2025-10-11,148.84
O020158,C3577,2025-11-05,160.21
O020159,C3577,2025-11-24,162.89
O020160,C3577,2025-12-25,172.9
O020161,C3579,2024-04-04,102.25
O020162,C3579,2024-06-02,70.8
O020163,C3579,2024-08-09,62.36
O020164,C3579,2024-11-01,93.09
O020165,C3579,2025-04-14,128.84
O020166,C3579,2025-09-18,181.51
O020167,C3579,2025-10-30,336.99
O020168,C3579,2025-11-14,21.87
O020169,C3580,2024-10-17,64.28
O020170,C3580,2025-07-12,75.26
O020171,C3580,2025-10-19,35.67
O020172,C3581,2025-09-14,50.19
O020173,C3581,2025-09-21,28.45
O020174,C3581,2025-12-14,72.86
O020175,C3582,2025-10-01,17.91
O020176,C3582,2025-12-23,58.92
O020177,C3583,2025-01-01,253.52
O020178,C3584,2025-04-16,97.58
O020179,C3584,2025-06-29,174.82
O020180,C3584,2025-07-27,40.36
O020181,C3584,2025-08-09,277.19
O020182,C3584,2025-09-10,705.16
O020183,C3584,2025-10-15,153.88
O020184,C3584,2025-12-04,115.89
O020185,C3584,2025-12-28,75.93
O020186,C3585,2024-11-12,390.46
O020187,C3585,2025-01-01,125.12
O020188,C3585,2025-02-25,30.89
O020189,C3586,2025-10-22,47.11
O020190,C3586,2025-11-14,83.65
O020191,C3587,2025-11-27,30.1
O020192,C3588,2024-02-28,286.82
O020193,C3588,2024-03-05,145.25
O020194,C3588,2024-05-13,177.27
O020195,C3588,2024-06-17,59.16
O020196,C3588,2024-08-16,80.33
O020197,C3588,2024-08-26,35.86
O020198,C3588,2024-11-10,463.59
O020199,C3588,2024-11-18,74.45
O020200,C3588,2025-02-10,108.82
O020201,C3588,2025-03-10,45.6
O020202,C3588,2025-03-18,49.71
O020203,C3588,2025-04-15,71.62
O020204,C3588,2025-05-16,62.47
O020205,C3588,2025-07-10,124.69
O020206,C3588,2025-07-21,32.78
O020207,C3588,2025-08-29,16.25
O020208,C3588,2025-09-28,179.98
O020209,C3588,2025-10-15,41.85
O020210,C3588,2025-10-21,204.4
O020211,C3588,2025-11-25,10.1
O020212,C3589,2025-01-14,18.29
O020213,C3589,2025-02-10,13.14
O020214,C3589,2025-06-19,6.79
O020215,C3589,2025-12-15,39.56
O020216,C3589,2025-12-31,12.16
O020217,C3590,2024-08-09,78.86
O020218,C3590,2024-12-11,38.34
O020219,C3590,2025-01-23,95.26
O020220,C3590,2025-04-03,84.1
O020221,C3590,2025-06-22,124.47
O020222,C3590,2025-10-01,115.06
O020223,C3591,2025-05-26,87.71
O020224,C3591,2025-07-06,57.35
O020225,C3591,2025-08-13,35.7
O020226,C3591,2025-12-07,389.55
O020227,C3592,2024-12-30,47.38
O020228,C3593,2024-12-09,41.11
O020229,C3593,2025-01-21,136.92
O020230,C3594,2025-03-03,62.93
O020231,C3594,2025-07-31,61.19
O020232,C3594,2025-08-18,47.63
O020233,C3594,2025-11-15,31.35
O020234,C3595,2024-05-15,274.22
O020235,C3595,2024-06-22,110.91
O020236,C3595,2024-07-15,210.81
O020237,C3595,2024-07-29,130.17
O020238,C3595,2024-08-26,208.46
O020239,C3595,2024-09-28,353.14
O020240,C3595,2024-10-04,173.49
O020241,C3595,2024-10-26,67.55
O020242,C3595,2024-12-16,112.63
O020243,C3595,2025-02-07,132.26
O020244,C3595,2025-03-05,289.98
O020245,C3595,2025-03-28,285.83
O020246,C3595,2025-05-12,118.82
O020247,C3595,2025-05-31,40.16
O020248,C3595,2025-06-20,260.67
O020249,C3595,2025-10-22,263.04
O020250,C3595,2025-11-28,252.46
O020251,C3595,2025-12-07,294.95
O020252,C3596,2024-10-29,63.36
O020253,C3596,2025-02-02,116.09
O020254,C3596,2025-10-25,180.19
O020255,C3597,2025-03-10,164.05
O020256,C3597,2025-07-03,146.95
O020257,C3597,2025-08-10,266.75
O020258,C3597,2025-10-07,78.47
O020259,C3598,2025-03-19,12.92
O020260,C3598,2025-04-12,183.32
O020261,C3598,2025-06-08,41.63
O020262,C3598,2025-11-26,99.65
O020263,C3599,2024-05-10,183.93
O020264,C3599,2024-06-16,30.63
O020265,C3599,2024-08-17,36.28
O020266,C3599,2024-11-22,14.51
O020267,C3599,2025-01-09,64.89
O020268,C3599,2025-02-14,25.13
O020269,C3599,2025-04-02,18.45
O020270,C3599,2025-06-07,15.79
O020271,C3599,2025-08-13,37.75
O020272,C3599,2025-09-03,66.78
O020273,C3599,2025-11-13,32.16
O020274,C3599,2025-12-26,37.77
O020275,C3600,2025-11-10,19.81
O020276,C3600,2025-11-26,14.89
O020277,C3600,2025-12-24,49.12
O020278,C3601,2024-04-15,70.53
O020279,C3601,2024-05-12,189.52
O020280,C3601,2024-06-23,58.65
O020281,C3601,2024-09-15,117.43
O020282,C3601,2024-11-01,33.74
O020283,C3601,2024-12-08,43.05
O020284,C3601,2025-01-04,65.68
O020285,C3601,2025-03-04,6.48
O020286,C3601,2025-03-31,75.58
O020287,C3601,2025-06-04,152.43
O020288,C3601,2025-06-12,216.0
O020289,C3601,2025-07-11,64.85
O020290,C3601,2025-09-12,19.84
O020291,C3601,2025-10-17,89.92
O020292,C3601,2025-11-21,31.72
O020293,C3601,2025-12-19,95.18
O020294,C3602,2024-07-08,65.05
O020295,C3602,2024-11-08,42.06
O020296,C3602,2025-03-01,73.28
O020297,C3602,2025-03-19,40.9
O020298,C3602,2025-08-04,44.72
O020299,C3602,2025-09-13,158.91
O020300,C3603,2025-04-20,93.51
O020301,C3603,2025-05-27,408.2
O020302,C3603,2025-07-20,167.28
O020303,C3603,2025-10-07,209.38
O020304,C3603,2025-12-18,71.01
O020305,C3604,2024-12-09,61.23
O020306,C3604,2025-03-18,94.18
O020307,C3604,2025-04-10,129.08
O020308,C3604,2025-04-24,91.66
O020309,C3604,2025-04-30,67.02
O020310,C3604,2025-05-09,92.37
O020311,C3605,2024-10-25,84.27
O020312,C3605,2024-11-09,444.25
O020313,C3605,2024-12-03,48.65
O020314,C3605,2024-12-27,69.97
O020315,C3605,2025-01-16,13.66
O020316,C3605,2025-03-24,75.18
O020317,C3605,2025-05-27,123.71
O020318,C3605,2025-07-21,229.64
O020319,C3605,2025-09-16,103.29
O020320,C3606,2024-11-02,164.09
O020321,C3606,2025-01-12,82.38
O020322,C3606,2025-03-11,114.0
O020323,C3606,2025-04-22,303.3
O020324,C3606,2025-05-10,353.29
O020325,C3606,2025-05-19,233.58
O020326,C3606,2025-07-27,322.33
O020327,C3606,2025-08-20,68.22
O020328,C3606,2025-08-26,91.3
O020329,C3606,2025-09-28,179.58
O020330,C3606,2025-10-12,62.36
O020331,C3606,2025-12-31,65.03
O020332,C3607,2025-07-01,54.88
O020333,C3607,2025-10-21,99.43
O020334,C3608,2024-06-16,10.23
O020335,C3608,2024-09-12,61.35
O020336,C3608,2024-10-13,23.08
O020337,C3608,2025-01-18,39.54
O020338,C3608,2025-04-20,20.36
O020339,C3608,2025-05-23,50.86
O020340,C3608,2025-06-04,39.63
O020341,C3608,2025-07-30,33.18
O020342,C3608,2025-11-07,43.08
O020343,C3609,2024-07-07,157.82
O020344,C3609,2024-09-05,11.65
O020345,C3609,2024-10-27,141.21
O020346,C3609,2025-02-18,34.42
O020347,C3609,2025-03-04,138.4
O020348,C3609,2025-03-21,199.07
O020349,C3609,2025-06-13,18.39
O020350,C3609,2025-08-16,81.04
O020351,C3609,2025-12-13,124.43
O020352,C3610,2024-10-15,233.96
O020353,C3610,2024-11-02,213.28
O020354,C3610,2024-12-01,92.36
O020355,C3610,2024-12-24,103.07
O020356,C3610,2025-01-21,378.6
O020357,C3610,2025-03-15,102.68
O020358,C3610,2025-07-08,86.01
O020359,C3610,2025-08-28,102.55
O020360,C3610,2025-09-23,171.45
O020361,C3610,2025-10-06,339.1
O020362,C3610,2025-10-22,123.36
O020363,C3610,2025-11-24,16.86
O020364,C3610,2025-12-28,131.39
O020365,C3611,2025-04-18,20.84
O020366,C3611,2025-07-07,15.41
O020367,C3611,2025-10-30,161.52
O020368,C3612,2024-11-07,16.73
O020369,C3612,2025-05-08,110.67
O020370,C3613,2025-02-12,210.89
O020371,C3613,2025-02-18,134.53
O020372,C3613,2025-06-03,609.78
O020373,C3613,2025-07-09,12.45
O020374,C3613,2025-10-18,83.84
O020375,C3613,2025-11-27,105.61
O020376,C3614,2025-04-10,16.34
O020377,C3614,2025-06-12,39.27
O020378,C3614,2025-07-27,154.45
O020379,C3614,2025-08-22,89.87
O020380,C3614,2025-10-31,39.35
O020381,C3614,2025-11-08,17.01
O020382,C3615,2025-05-23,22.26
O020383,C3615,2025-06-10,427.51
O020384,C3615,2025-06-24,47.48
O020385,C3615,2025-07-26,323.71
O020386,C3615,2025-08-27,41.5
O020387,C3615,2025-09-16,155.9
O020388,C3615,2025-10-10,260.44
O020389,C3615,2025-12-12,160.92
O020390,C3616,2024-09-24,48.97
O020391,C3616,2024-12-04,36.28
O020392,C3616,2025-01-10,15.64
O020393,C3616,2025-02-20,18.07
O020394,C3616,2025-04-01,85.28
O020395,C3616,2025-06-17,75.82
O020396,C3616,2025-08-25,97.37
O020397,C3616,2025-09-11,12.81
O020398,C3616,2025-09-18,102.95
O020399,C3616,2025-10-02,11.69
O020400,C3616,2025-11-10,40.05
O020401,C3617,2024-10-05,139.51
O020402,C3617,2025-01-23,30.37
O020403,C3617,2025-02-24,30.64
O020404,C3617,2025-04-02,143.82
O020405,C3617,2025-05-22,55.11
O020406,C3617,2025-08-20,22.12
O020407,C3617,2025-11-01,6.52
O020408,C3618,2025-06-21,119.36
O020409,C3618,2025-07-29,31.19
O020410,C3618,2025-09-14,99.96
O020411,C3618,2025-11-25,36.53
O020412,C3619,2025-06-16,13.82
O020413,C3620,2025-09-12,108.07
O020414,C3620,2025-10-30,97.93
O020415,C3620,2025-11-28,263.39
O020416,C3621,2025-02-23,122.85
O020417,C3621,2025-04-20,35.47
O020418,C3621,2025-12-27,73.0
O020419,C3622,2025-04-17,170.97
O020420,C3622,2025-05-13,49.35
O020421,C3622,2025-05-28,202.65
O020422,C3622,2025-08-25,124.63
O020423,C3622,2025-09-18,185.64
O020424,C3622,2025-09-29,405.8
O020425,C3622,2025-11-02,182.26
O020426,C3623,2024-08-22,42.19
O020427,C3623,2024-10-25,36.39
O020428,C3623,2024-11-18,293.36
O020429,C3623,2025-03-05,23.81
O020430,C3624,2024-11-21,120.15
O020431,C3624,2025-01-25,114.17
O020432,C3625,2025-03-27,201.04
O020433,C3625,2025-04-07,182.87
O020434,C3625,2025-05-14,163.93
O020435,C3625,2025-06-09,64.52
O020436,C3625,2025-07-01,108.38
O020437,C3625,2025-07-08,180.74
O020438,C3625,2025-07-31,256.1
O020439,C3625,2025-08-24,124.27
O020440,C3625,2025-10-04,32.05
O020441,C3625,2025-10-11,125.77
O020442,C3625,2025-11-16,118.66
O020443,C3625,2025-12-03,95.17
O020444,C3625,2025-12-13,129.73
O020445,C3626,2024-06-30,114.01
O020446,C3626,2024-07-17,74.97
O020447,C3626,2024-07-27,234.87
O020448,C3626,2024-09-04,145.98
O020449,C3626,2024-11-07,47.74
O020450,C3626,2024-12-04,36.57
O020451,C3626,2025-01-25,108.09
O020452,C3626,2025-02-27,74.28
O020453,C3627,2024-06-04,33.21
O020454,C3627,2024-06-16,37.18
O020455,C3627,2024-10-02,25.25
O020456,C3627,2025-08-20,14.14
O020457,C3627,2025-09-29,106.49
O020458,C3628,2025-05-19,529.95
O020459,C3628,2025-07-28,204.72
O020460,C3628,2025-11-10,367.91
O020461,C3629,2024-10-26,22.68
O020462,C3629,2025-02-10,168.36
O020463,C3629,2025-03-26,257.59
O020464,C3629,2025-04-20,149.44
O020465,C3629,2025-06-10,128.0
O020466,C3629,2025-07-01,125.02
O020467,C3630,2024-04-01,116.22
O020468,C3630,2024-05-20,416.84
O020469,C3630,2024-07-26,244.91
O020470,C3630,2024-11-04,116.9
O020471,C3630,2024-12-23,411.66
O020472,C3631,2024-05-28,36.0
O020473,C3631,2024-08-12,63.4
O020474,C3631,2024-09-06,147.99
O020475,C3631,2024-09-29,144.07
O020476,C3631,2024-10-20,65.92
O020477,C3631,2024-12-04,120.11
O020478,C3631,2025-08-12,57.6
O020479,C3631,2025-10-25,187.28
O020480,C3631,2025-11-18,142.97
O020481,C3631,2025-12-31,203.55
O020482,C3632,2024-07-18,102.32
O020483,C3632,2024-08-10,22.62
O020484,C3632,2024-08-27,61.12
O020485,C3632,2024-11-02,15.39
O020486,C3632,2024-12-04,35.38
O020487,C3633,2024-04-27,224.29
O020488,C3633,2024-06-25,81.87
O020489,C3633,2024-09-12,78.49
O020490,C3633,2024-09-24,157.35
O020491,C3633,2024-10-01,59.24
O020492,C3633,2024-12-02,15.09
O020493,C3633,2024-12-25,26.44
O020494,C3633,2025-03-15,25.2
O020495,C3633,2025-04-23,108.12
O020496,C3634,2024-09-28,110.34
O020497,C3634,2024-11-27,153.19
O020498,C3634,2025-02-05,127.57
O020499,C3634,2025-04-24,33.68
O020500,C3635,2025-04-02,26.92
O020501,C3635,2025-05-16,101.06
O020502,C3635,2025-06-22,28.12
O020503,C3635,2025-07-12,52.72
O020504,C3635,2025-07-18,25.83
O020505,C3635,2025-08-27,200.79
O020506,C3635,2025-10-08,153.0
O020507,C3635,2025-10-20,111.06
O020508,C3635,2025-11-02,29.74
O020509,C3635,2025-11-28,28.82
O020510,C3636,2025-02-18,26.36
O020511,C3636,2025-03-10,21.55
O020512,C3636,2025-08-27,18.18
O020513,C3636,2025-11-26,24.47
O020514,C3637,2025-05-28,12.6
O020515,C3637,2025-07-04,49.52
O020516,C3637,2025-07-23,14.11
O020517,C3637,2025-10-31,125.19
O020518,C3637,2025-12-14,51.05
O020519,C3637,2025-12-28,177.88
O020520,C3638,2025-04-11,257.26
O020521,C3638,2025-07-02,60.74
O020522,C3638,2025-09-24,46.85
O020523,C3638,2025-11-05,278.25
O020524,C3638,2025-12-11,39.25
O020525,C3638,2025-12-17,151.49
O020526,C3638,2025-12-27,113.0
O020527,C3639,2024-08-02,39.52
O020528,C3639,2024-12-11,56.43
O020529,C3639,2025-06-02,74.65
O020530,C3639,2025-12-30,86.16
O020531,C3640,2024-02-07,34.29
O020532,C3640,2024-02-27,107.32
O020533,C3640,2024-03-20,137.87
O020534,C3640,2024-04-14,106.03
O020535,C3640,2024-06-09,228.53
O020536,C3640,2024-07-07,197.79
O020537,C3640,2024-08-08,321.13
O020538,C3640,2024-10-30,83.7
O020539,C3640,2024-12-10,104.74
O020540,C3640,2025-01-09,279.73
O020541,C3641,2024-03-26,50.13
O020542,C3641,2024-06-07,54.69
O020543,C3641,2024-07-20,169.92
O020544,C3641,2024-09-08,57.0
O020545,C3641,2024-10-16,212.52
O020546,C3641,2025-01-25,81.85
O020547,C3641,2025-03-15,76.82
O020548,C3641,2025-05-16,97.0
O020549,C3641,2025-07-19,24.4
O020550,C3641,2025-09-13,33.53
O020551,C3641,2025-11-20,102.71
O020552,C3642,2025-10-28,251.93
O020553,C3643,2024-07-11,65.72
O020554,C3643,2024-07-31,151.98
O020555,C3643,2024-08-22,112.81
O020556,C3643,2024-09-28,287.01
O020557,C3643,2024-10-10,88.41
O020558,C3643,2024-12-04,67.34
O020559,C3643,2024-12-26,108.17
O020560,C3643,2025-02-06,139.69
O020561,C3643,2025-03-03,66.94
O020562,C3643,2025-03-22,82.01
O020563,C3643,2025-04-03,133.84
O020564,C3643,2025-04-15,130.92
O020565,C3643,2025-04-29,166.62
O020566,C3643,2025-06-03,141.08
O020567,C3643,2025-08-04,392.7
O020568,C3643,2025-08-20,219.69
O020569,C3643,2025-09-01,172.45
O020570,C3643,2025-10-18,288.35
O020571,C3644,2025-02-05,51.6
O020572,C3644,2025-06-18,46.26
O020573,C3644,2025-08-07,105.11
O020574,C3645,2024-10-13,30.0
O020575,C3645,2024-12-03,49.9
O020576,C3645,2025-03-11,60.21
O020577,C3645,2025-05-15,21.96
O020578,C3645,2025-10-08,67.14
O020579,C3646,2025-05-10,70.67
O020580,C3646,2025-06-19,67.01
O020581,C3646,2025-08-14,146.18
O020582,C3646,2025-09-15,106.83
O020583,C3646,2025-12-12,78.4
O020584,C3647,2024-10-16,53.18
O020585,C3647,2025-01-12,100.96
O020586,C3647,2025-03-31,60.12
O020587,C3647,2025-04-22,102.77
O020588,C3647,2025-07-30,18.01
O020589,C3648,2025-06-04,254.16
O020590,C3648,2025-07-12,368.2
O020591,C3648,2025-08-27,110.36
O020592,C3648,2025-09-02,72.82
O020593,C3648,2025-10-19,66.28
O020594,C3648,2025-11-11,173.53
O020595,C3649,2024-05-22,54.58
O020596,C3649,2024-08-01,45.02
O020597,C3649,2024-08-14,125.0
O020598,C3649,2024-08-24,163.8
O020599,C3649,2024-10-31,68.56
O020600,C3649,2024-11-16,47.57
O020601,C3649,2024-11-30,86.57
O020602,C3650,2025-03-24,24.4
O020603,C3650,2025-04-03,199.4
O020604,C3650,2025-05-13,37.5
O020605,C3650,2025-07-07,117.18
O020606,C3650,2025-08-02,138.55
O020607,C3650,2025-10-20,22.41
O020608,C3651,2024-10-25,33.98
O020609,C3651,2025-01-19,81.69
O020610,C3651,2025-02-01,42.34
O020611,C3651,2025-04-05,152.53
O020612,C3651,2025-06-14,37.81
O020613,C3651,2025-09-25,82.64
O020614,C3651,2025-10-01,24.05
O020615,C3651,2025-11-12,115.15
O020616,C3652,2024-05-01,49.88
O020617,C3652,2024-08-09,59.04
O020618,C3652,2024-10-01,105.12
O020619,C3652,2024-10-12,286.41
O020620,C3652,2024-12-26,176.45
O020621,C3652,2025-01-17,96.34
O020622,C3652,2025-03-02,76.04
O020623,C3652,2025-10-08,118.95
O020624,C3652,2025-11-03,73.31
O020625,C3652,2025-12-26,57.96
O020626,C3653,2025-08-10,136.61
O020627,C3653,2025-11-29,245.21
O020628,C3654,2024-06-29,30.71
O020629,C3654,2024-08-27,40.72
O020630,C3655,2025-07-01,27.23
O020631,C3656,2025-07-07,125.12
O020632,C3656,2025-07-31,48.99
O020633,C3656,2025-10-31,52.32
O020634,C3657,2024-05-18,24.12
O020635,C3657,2024-12-28,50.95
O020636,C3657,2025-02-13,14.39
O020637,C3657,2025-03-13,34.52
O020638,C3657,2025-06-23,23.6
O020639,C3657,2025-08-07,13.15
O020640,C3658,2024-12-16,44.27
O020641,C3658,2025-01-06,69.99
O020642,C3659,2025-09-12,50.14
O020643,C3659,2025-10-08,25.32
O020644,C3659,2025-12-02,67.78
O020645,C3660,2025-03-02,195.27
O020646,C3660,2025-07-16,48.17
O020647,C3661,2024-12-13,53.88
O020648,C3661,2025-02-11,169.52
O020649,C3661,2025-02-24,147.66
O020650,C3661,2025-03-20,105.03
O020651,C3661,2025-06-10,115.56
O020652,C3661,2025-07-29,103.66
O020653,C3661,2025-08-29,31.2
O020654,C3661,2025-09-16,60.86
O020655,C3661,2025-10-15,150.28
O020656,C3661,2025-11-02,102.65
O020657,C3661,2025-12-03,87.24
O020658,C3661,2025-12-12,35.8
O020659,C3662,2025-05-23,112.62
O020660,C3662,2025-08-12,207.87
O020661,C3663,2025-08-18,6.9
O020662,C3663,2025-09-20,46.97
O020663,C3664,2025-05-08,105.67
O020664,C3664,2025-05-19,74.15
O020665,C3664,2025-05-25,46.06
O020666,C3664,2025-07-03,33.17
O020667,C3664,2025-08-29,41.88
O020668,C3664,2025-09-29,87.72
O020669,C3664,2025-12-30,18.94
O020670,C3665,2024-11-07,12.56
O020671,C3666,2025-02-17,11.6
O020672,C3666,2025-03-01,394.0
O020673,C3666,2025-03-25,7.55
O020674,C3666,2025-06-19,154.58
O020675,C3666,2025-10-13,380.1
O020676,C3666,2025-11-01,45.55
O020677,C3667,2024-04-29,27.27
O020678,C3667,2024-05-30,54.23
O020679,C3667,2024-06-24,44.41
O020680,C3667,2024-08-01,192.23
O020681,C3667,2024-08-21,48.66
O020682,C3667,2024-11-03,97.3
O020683,C3667,2024-11-22,34.67
O020684,C3668,2025-04-28,78.3
O020685,C3668,2025-05-23,11.76
O020686,C3668,2025-06-05,91.21
O020687,C3668,2025-07-20,46.51
O020688,C3668,2025-08-13,117.78
O020689,C3668,2025-09-21,126.57
O020690,C3669,2024-05-07,59.86
O020691,C3669,2024-05-30,127.33
O020692,C3669,2024-06-22,25.28
O020693,C3670,2024-03-12,190.18
O020694,C3671,2025-04-10,26.4
O020695,C3672,2025-03-28,10.55
O020696,C3672,2025-04-21,153.4
O020697,C3672,2025-05-12,63.06
O020698,C3672,2025-08-06,37.24
O020699,C3672,2025-08-13,84.47
O020700,C3672,2025-09-19,90.31
O020701,C3672,2025-10-14,59.93
O020702,C3673,2025-07-18,261.19
O020703,C3673,2025-09-30,192.18
O020704,C3673,2025-11-18,118.66
O020705,C3673,2025-12-08,17.12
O020706,C3674,2025-07-13,179.64
O020707,C3674,2025-09-25,22.64
O020708,C3675,2024-03-07,113.5
O020709,C3675,2024-05-02,73.64
O020710,C3675,2024-07-11,95.9
O020711,C3675,2024-08-01,52.09
O020712,C3675,2024-10-19,142.4
O020713,C3675,2024-12-01,26.57
O020714,C3675,2024-12-25,137.37
O020715,C3675,2025-03-14,56.04
O020716,C3675,2025-04-05,60.31
O020717,C3675,2025-05-19,33.46
O020718,C3675,2025-06-16,46.49
O020719,C3675,2025-06-26,70.58
O020720,C3675,2025-08-19,104.03
O020721,C3675,2025-10-27,30.52
O020722,C3675,2025-11-24,188.59
O020723,C3675,2025-12-29,99.7
O020724,C3676,2024-02-09,82.89
O020725,C3676,2024-03-27,26.33
O020726,C3676,2024-07-19,76.77
O020727,C3676,2024-09-08,71.8
O020728,C3676,2025-01-07,240.93
O020729,C3676,2025-02-13,45.78
O020730,C3676,2025-05-22,61.22
O020731,C3676,2025-06-29,476.64
O020732,C3676,2025-11-15,44.56
O020733,C3676,2025-12-06,24.77
O020734,C3676,2025-12-21,104.11
O020735,C3677,2025-06-26,15.8
O020736,C3677,2025-07-25,42.57
O020737,C3677,2025-12-04,78.22
O020738,C3678,2024-05-11,101.35
O020739,C3678,2024-07-09,107.11
O020740,C3678,2024-10-07,127.46
O020741,C3678,2024-10-24,150.24
O020742,C3678,2025-01-02,219.97
O020743,C3678,2025-03-18,34.61
O020744,C3678,2025-05-10,683.87
O020745,C3678,2025-07-20,140.52
O020746,C3678,2025-08-13,106.93
O020747,C3679,2024-05-24,72.81
O020748,C3679,2024-08-31,27.64
O020749,C3679,2024-09-11,109.18
O020750,C3680,2025-11-02,95.4
O020751,C3680,2025-12-31,13.85
O020752,C3681,2024-12-02,35.12
O020753,C3681,2025-03-29,103.56
O020754,C3682,2024-10-25,303.85
O020755,C3682,2024-11-13,170.3
O020756,C3682,2025-02-12,152.6
O020757,C3682,2025-07-30,98.0
O020758,C3682,2025-08-21,23.39
O020759,C3682,2025-12-26,38.16
O020760,C3683,2025-07-19,53.2
O020761,C3683,2025-09-23,42.19
O020762,C3683,2025-11-20,12.41
O020763,C3684,2024-03-27,6.73
O020764,C3684,2024-04-23,32.62
O020765,C3686,2024-05-28,97.25
O020766,C3686,2024-11-26,6.7
O020767,C3686,2025-02-10,82.88
O020768,C3686,2025-03-27,150.29
O020769,C3686,2025-07-04,65.38
O020770,C3686,2025-09-13,221.46
O020771,C3686,2025-10-10,25.58
O020772,C3686,2025-12-19,244.79
O020773,C3687,2025-09-21,94.45
O020774,C3687,2025-10-28,104.91
O020775,C3687,2025-12-02,110.99
O020776,C3688,2024-07-10,34.87
O020777,C3688,2024-10-28,17.19
O020778,C3688,2025-04-07,198.14
O020779,C3689,2024-07-28,86.37
O020780,C3690,2025-08-24,56.73
O020781,C3691,2024-11-15,103.64
O020782,C3692,2025-05-02,44.69
O020783,C3692,2025-06-20,65.87
O020784,C3692,2025-11-28,78.41
O020785,C3692,2025-12-16,138.03
O020786,C3693,2024-03-05,83.3
O020787,C3693,2024-09-21,202.63
O020788,C3694,2025-01-13,69.74
O020789,C3694,2025-01-22,79.31
O020790,C3694,2025-02-16,45.91
O020791,C3694,2025-03-01,86.11
O020792,C3694,2025-03-08,118.11
O020793,C3694,2025-04-09,243.63
O020794,C3694,2025-05-16,66.28
O020795,C3694,2025-07-07,494.0
O020796,C3694,2025-09-02,119.03
O020797,C3694,2025-10-01,31.89
O020798,C3694,2025-11-26,58.46
O020799,C3695,2025-05-18,86.37
O020800,C3695,2025-06-04,203.28
O020801,C3696,2025-03-09,23.7
O020802,C3696,2025-06-07,98.46
O020803,C3696,2025-07-23,11.57
O020804,C3696,2025-09-16,13.9
O020805,C3696,2025-11-04,68.16
O020806,C3697,2025-07-15,36.21
O020807,C3697,2025-08-16,34.71
O020808,C3697,2025-10-18,118.62
O020809,C3697,2025-12-16,81.42
O020810,C3698,2025-06-23,53.51
O020811,C3698,2025-08-25,117.6
O020812,C3698,2025-11-26,55.19
O020813,C3699,2024-07-20,144.93
O020814,C3699,2024-08-10,124.72
O020815,C3699,2024-09-24,194.05
O020816,C3699,2024-09-30,70.3
O020817,C3699,2024-10-27,303.84
O020818,C3699,2025-01-19,146.53
O020819,C3699,2025-02-17,209.28
O020820,C3699,2025-04-13,97.55
O020821,C3699,2025-06-21,121.02
O020822,C3699,2025-07-08,87.31
O020823,C3699,2025-08-20,207.91
O020824,C3699,2025-12-14,103.69
O020825,C3700,2024-09-21,12.66
O020826,C3700,2025-02-14,153.14
O020827,C3700,2025-06-08,7.68
O020828,C3700,2025-08-06,161.8
O020829,C3701,2024-12-10,24.29
O020830,C3701,2025-03-25,375.61
O020831,C3701,2025-05-06,82.04
O020832,C3701,2025-11-04,30.89
O020833,C3702,2024-07-09,33.82
O020834,C3702,2024-09-16,12.48
O020835,C3702,2025-01-07,45.84
O020836,C3702,2025-02-25,25.56
O020837,C3702,2025-10-05,36.04
O020838,C3703,2024-05-22,44.43
O020839,C3703,2024-08-14,30.04
O020840,C3703,2024-09-19,158.09
O020841,C3703,2024-11-15,33.86
O020842,C3703,2024-12-06,21.68
O020843,C3703,2025-03-01,94.02
O020844,C3703,2025-04-01,45.59
O020845,C3703,2025-06-11,41.15
O020846,C3704,2025-04-19,382.12
O020847,C3704,2025-05-05,259.67
O020848,C3704,2025-05-21,126.54
O020849,C3704,2025-06-13,402.48
O020850,C3704,2025-07-09,346.02
O020851,C3704,2025-07-28,531.55
O020852,C3704,2025-08-13,340.05
O020853,C3704,2025-09-03,118.7
O020854,C3704,2025-09-12,223.55
O020855,C3704,2025-09-19,127.55
O020856,C3704,2025-09-30,49.48
O020857,C3704,2025-11-05,614.86
O020858,C3704,2025-11-30,82.4
O020859,C3705,2024-05-20,235.61
O020860,C3705,2024-07-02,41.45
O020861,C3705,2024-09-15,17.52
O020862,C3706,2025-06-10,26.43
O020863,C3706,2025-11-24,56.64
O020864,C3706,2025-12-20,29.72
O020865,C3707,2024-02-19,85.2
O020866,C3707,2024-09-10,68.74
O020867,C3707,2024-11-09,182.04
O020868,C3707,2024-11-27,171.85
O020869,C3707,2025-04-11,196.92
O020870,C3707,2025-07-26,198.58
O020871,C3707,2025-11-24,85.27
O020872,C3708,2024-09-04,30.71
O020873,C3708,2024-09-30,270.52
O020874,C3708,2024-11-28,14.16
O020875,C3709,2025-01-06,190.42
O020876,C3709,2025-02-18,19.44
O020877,C3710,2025-06-26,39.21
O020878,C3710,2025-07-15,149.73
O020879,C3710,2025-08-17,41.56
O020880,C3710,2025-09-05,78.26
O020881,C3710,2025-09-22,141.47
O020882,C3710,2025-11-21,266.06
O020883,C3711,2025-03-05,187.94
O020884,C3711,2025-03-15,288.16
O020885,C3711,2025-06-12,111.49
O020886,C3711,2025-07-14,39.67
O020887,C3711,2025-08-10,75.67
O020888,C3712,2024-01-28,61.66
O020889,C3712,2024-03-16,19.23
O020890,C3712,2024-04-11,195.3
O020891,C3712,2024-06-21,487.44
O020892,C3712,2024-07-23,182.82
O020893,C3713,2025-02-18,57.42
O020894,C3713,2025-06-04,53.73
O020895,C3713,2025-07-27,40.08
O020896,C3713,2025-09-13,47.26
O020897,C3713,2025-11-20,75.78
O020898,C3713,2025-12-25,25.83
O020899,C3714,2024-07-13,27.25
O020900,C3714,2024-08-05,107.67
O020901,C3714,2024-10-05,40.43
O020902,C3714,2025-03-02,12.76
O020903,C3714,2025-07-23,18.7
O020904,C3715,2025-10-28,239.84
O020905,C3715,2025-12-26,214.98
O020906,C3716,2025-04-07,54.39
O020907,C3716,2025-12-19,53.41
O020908,C3717,2024-04-23,69.96
O020909,C3717,2024-06-18,59.4
O020910,C3718,2024-07-23,44.82
O020911,C3718,2024-09-21,31.2
O020912,C3718,2024-10-14,206.32
O020913,C3718,2024-12-13,173.63
O020914,C3718,2025-01-07,17.04
O020915,C3718,2025-01-13,87.08
O020916,C3718,2025-02-19,17.22
O020917,C3718,2025-05-07,91.37
O020918,C3718,2025-05-16,76.64
O020919,C3718,2025-06-07,34.89
O020920,C3718,2025-07-28,43.02
O020921,C3718,2025-08-17,62.81
O020922,C3718,2025-09-22,27.27
O020923,C3718,2025-11-03,71.43
O020924,C3718,2025-11-15,118.76
O020925,C3719,2025-04-02,70.7
O020926,C3719,2025-04-27,55.68
O020927,C3719,2025-06-20,13.13
O020928,C3719,2025-10-15,16.69
O020929,C3719,2025-12-05,72.82
O020930,C3719,2025-12-11,26.68
O020931,C3720,2025-05-25,57.49
O020932,C3720,2025-06-09,39.96
O020933,C3720,2025-08-23,77.98
O020934,C3720,2025-11-18,43.71
O020935,C3720,2025-12-07,185.4
O020936,C3721,2024-12-26,71.19
O020937,C3721,2025-03-16,34.11
O020938,C3722,2024-05-21,181.71
O020939,C3722,2024-07-31,36.19
O020940,C3722,2024-12-09,138.13
O020941,C3722,2025-01-03,48.83
O020942,C3722,2025-03-22,59.6
O020943,C3723,2024-08-21,44.21
O020944,C3723,2024-09-15,21.64
O020945,C3723,2024-11-06,212.85
O020946,C3723,2024-12-12,17.82
O020947,C3723,2025-02-22,69.12
O020948,C3723,2025-05-04,29.97
O020949,C3723,2025-05-28,103.22
O020950,C3723,2025-06-07,93.19
O020951,C3723,2025-08-15,13.33
O020952,C3723,2025-09-12,14.04
O020953,C3723,2025-12-24,93.21
O020954,C3724,2025-03-20,145.87
O020955,C3724,2025-07-06,13.41
O020956,C3724,2025-08-19,46.96
O020957,C3724,2025-10-18,227.27
O020958,C3724,2025-12-18,63.3
O020959,C3725,2024-12-07,133.16
O020960,C3725,2024-12-28,132.36
O020961,C3725,2025-01-12,77.0
O020962,C3725,2025-03-13,84.6
O020963,C3725,2025-06-22,97.34
O020964,C3725,2025-07-30,17.73
O020965,C3725,2025-09-16,49.7
O020966,C3725,2025-11-03,118.0
O020967,C3726,2024-04-21,68.4
O020968,C3727,2024-06-14,13.42
O020969,C3727,2024-10-06,103.3
O020970,C3727,2024-11-30,134.11
O020971,C3727,2025-05-13,29.69
O020972,C3728,2024-05-07,32.63
O020973,C3728,2024-09-03,30.89
O020974,C3728,2024-12-16,54.67
O020975,C3729,2025-08-25,54.02
O020976,C3729,2025-11-26,95.28
O020977,C3730,2024-09-12,155.22
O020978,C3730,2024-12-06,69.93
O020979,C3730,2025-01-05,35.69
O020980,C3730,2025-06-04,32.68
O020981,C3730,2025-07-19,48.88
O020982,C3730,2025-08-01,15.61
O020983,C3730,2025-09-30,34.56
O020984,C3730,2025-10-07,204.89
O020985,C3730,2025-12-21,25.28
O020986,C3731,2024-11-07,66.78
O020987,C3731,2024-12-25,138.26
O020988,C3731,2025-12-05,66.37
O020989,C3732,2025-06-09,33.57
O020990,C3732,2025-07-06,55.47
O020991,C3733,2025-01-15,148.54
O020992,C3733,2025-02-27,246.33
O020993,C3733,2025-04-02,95.98
O020994,C3733,2025-05-30,450.36
O020995,C3733,2025-06-12,18.19
O020996,C3733,2025-07-13,359.64
O020997,C3733,2025-09-06,61.94
O020998,C3733,2025-09-24,97.85
O020999,C3733,2025-10-19,109.64
O021000,C3733,2025-11-22,31.63
O021001,C3733,2025-12-01,159.53
O021002,C3733,2025-12-07,15.75
O021003,C3734,2025-09-24,14.71
O021004,C3734,2025-11-29,113.28
O021005,C3735,2024-07-28,108.62
O021006,C3735,2024-08-26,82.37
O021007,C3735,2024-09-26,45.28
O021008,C3735,2024-10-03,40.12
O021009,C3735,2024-10-10,216.69
O021010,C3735,2025-01-08,23.92
O021011,C3735,2025-01-31,146.23
O021012,C3735,2025-03-13,122.38
O021013,C3735,2025-05-15,130.47
O021014,C3735,2025-07-04,58.6
O021015,C3735,2025-08-05,96.2
O021016,C3735,2025-09-12,26.38
O021017,C3735,2025-10-05,119.58
O021018,C3735,2025-11-01,106.38
O021019,C3736,2024-12-26,357.19
O021020,C3738,2025-07-06,10.99
O021021,C3738,2025-08-28,58.0
O021022,C3738,2025-09-27,138.15
O021023,C3739,2024-09-08,121.47
O021024,C3739,2025-01-23,47.18
O021025,C3739,2025-05-03,34.54
O021026,C3739,2025-10-18,34.38
O021027,C3740,2024-02-11,63.29
O021028,C3740,2024-03-15,291.73
O021029,C3740,2024-05-13,467.25
O021030,C3741,2024-05-22,102.47
O021031,C3741,2024-09-21,81.47
O021032,C3741,2024-10-11,35.67
O021033,C3742,2024-02-18,35.42
O021034,C3742,2024-05-21,28.34
O021035,C3742,2024-07-19,71.32
O021036,C3742,2024-08-05,71.73
O021037,C3742,2024-09-15,128.33
O021038,C3743,2024-11-26,24.42
O021039,C3743,2025-05-06,21.2
O021040,C3743,2025-05-26,41.35
O021041,C3743,2025-08-01,61.68
O021042,C3743,2025-09-22,29.23
O021043,C3743,2025-11-10,69.45
O021044,C3744,2025-04-10,47.63
O021045,C3744,2025-05-11,13.95
O021046,C3745,2025-06-10,134.58
O021047,C3745,2025-07-08,47.91
O021048,C3745,2025-10-24,68.92
O021049,C3745,2025-11-20,24.96
O021050,C3745,2025-12-26,39.3
O021051,C3746,2024-05-13,15.04
O021052,C3746,2024-11-30,31.47
O021053,C3746,2025-04-20,56.68
O021054,C3746,2025-06-25,12.73
O021055,C3746,2025-12-16,93.05
O021056,C3748,2024-08-01,180.46
O021057,C3748,2024-08-20,48.38
O021058,C3748,2024-09-15,136.93
O021059,C3748,2024-11-11,59.54
O021060,C3748,2024-11-29,45.74
O021061,C3748,2025-02-18,67.5
O021062,C3748,2025-04-06,73.35
O021063,C3748,2025-07-24,39.3
O021064,C3748,2025-08-06,33.72
O021065,C3748,2025-09-07,80.61
O021066,C3748,2025-10-03,256.08
O021067,C3748,2025-11-11,127.98
O021068,C3749,2024-07-05,184.36
O021069,C3749,2025-01-03,51.86
O021070,C3749,2025-03-26,43.81
O021071,C3749,2025-10-17,94.67
O021072,C3749,2025-12-25,30.42
O021073,C3750,2025-09-23,21.58
O021074,C3750,2025-11-02,11.86
O021075,C3750,2025-12-08,70.37
O021076,C3752,2025-09-25,26.59
O021077,C3752,2025-10-04,138.66
O021078,C3752,2025-11-27,24.01
O021079,C3752,2025-12-27,179.42
O021080,C3753,2024-02-27,70.37
O021081,C3753,2024-03-21,63.32
O021082,C3753,2024-05-01,115.03
O021083,C3753,2024-09-07,97.81
O021084,C3753,2025-03-12,32.78
O021085,C3753,2025-04-17,26.8
O021086,C3753,2025-05-25,14.73
O021087,C3753,2025-06-13,36.16
O021088,C3753,2025-07-21,104.77
O021089,C3753,2025-08-07,54.97
O021090,C3753,2025-09-30,134.14
O021091,C3753,2025-11-08,100.06
O021092,C3753,2025-12-27,112.56
O021093,C3754,2025-08-27,260.47
O021094,C3754,2025-10-31,19.77
O021095,C3754,2025-12-12,153.6
O021096,C3755,2024-06-16,165.07
O021097,C3755,2024-08-09,210.95
O021098,C3755,2024-08-26,232.67
O021099,C3755,2024-10-21,485.15
O021100,C3755,2024-12-10,266.78
O021101,C3755,2025-05-17,178.48
O021102,C3755,2025-07-23,99.12
O021103,C3755,2025-09-29,93.78
O021104,C3756,2024-01-16,132.51
O021105,C3756,2024-06-17,177.96
O021106,C3756,2024-08-22,154.28
O021107,C3756,2024-12-04,29.69
O021108,C3756,2025-02-08,59.43
O021109,C3756,2025-05-20,80.91
O021110,C3756,2025-10-12,128.7
O021111,C3756,2025-12-15,101.37
O021112,C3757,2024-02-04,20.16
O021113,C3757,2024-05-29,11.87
O021114,C3757,2024-09-16,13.14
O021115,C3757,2024-11-06,41.9
O021116,C3757,2025-01-31,34.26
O021117,C3757,2025-07-15,57.81
O021118,C3758,2024-09-18,199.34
O021119,C3758,2024-10-10,66.52
O021120,C3758,2024-12-17,154.81
O021121,C3758,2025-02-10,14.77
O021122,C3758,2025-02-17,160.13
O021123,C3759,2025-07-30,178.92
O021124,C3759,2025-10-29,122.43
O021125,C3761,2024-04-01,142.18
O021126,C3761,2024-06-23,13.79
O021127,C3761,2024-11-12,10.29
O021128,C3761,2025-02-12,88.0
O021129,C3761,2025-05-02,35.13
O021130,C3762,2024-05-19,81.38
O021131,C3762,2024-08-04,212.45
O021132,C3763,2025-07-06,61.66
O021133,C3763,2025-10-10,37.96
O021134,C3764,2025-02-04,22.52
O021135,C3764,2025-05-09,14.09
O021136,C3764,2025-07-01,99.73
O021137,C3764,2025-09-17,234.54
O021138,C3764,2025-11-14,23.31
O021139,C3765,2024-11-03,150.75
O021140,C3765,2024-11-29,254.82
O021141,C3765,2024-12-30,249.94
O021142,C3765,2025-02-07,247.25
O021143,C3765,2025-03-12,70.02
O021144,C3765,2025-04-23,105.12
O021145,C3765,2025-05-13,201.32
O021146,C3765,2025-05-31,168.5
O021147,C3765,2025-07-01,195.7
O021148,C3765,2025-07-12,108.75
O021149,C3765,2025-07-22,125.64
O021150,C3765,2025-07-28,50.3
O021151,C3765,2025-08-19,188.04
O021152,C3765,2025-09-06,116.06
O021153,C3765,2025-09-27,328.58
O021154,C3765,2025-11-06,70.28
O021155,C3765,2025-11-13,94.39
O021156,C3765,2025-12-03,112.54
O021157,C3765,2025-12-26,43.98
O021158,C3766,2024-04-25,45.25
O021159,C3766,2024-05-09,24.31
O021160,C3766,2024-10-05,34.62
O021161,C3766,2024-11-26,48.57
O021162,C3766,2025-01-15,39.9
O021163,C3766,2025-02-02,6.4
O021164,C3766,2025-08-31,93.79
O021165,C3766,2025-11-24,20.4
O021166,C3767,2024-01-25,27.62
O021167,C3767,2024-03-08,366.59
O021168,C3767,2024-07-16,32.74
O021169,C3767,2024-10-02,105.76
O021170,C3767,2024-11-20,367.55
O021171,C3770,2025-06-12,41.2
O021172,C3770,2025-09-11,443.9
O021173,C3770,2025-10-29,80.53
O021174,C3771,2025-04-06,93.37
O021175,C3771,2025-04-29,121.0
O021176,C3771,2025-06-11,7.08
O021177,C3771,2025-08-05,173.29
O021178,C3771,2025-10-21,226.74
O021179,C3772,2024-01-03,86.76
O021180,C3772,2024-02-01,123.15
O021181,C3772,2024-04-01,53.64
O021182,C3772,2024-04-27,346.5
O021183,C3772,2024-05-17,111.97
O021184,C3772,2024-06-30,149.25
O021185,C3772,2024-09-13,56.99
O021186,C3772,2024-10-15,50.51
O021187,C3772,2025-01-08,26.56
O021188,C3772,2025-01-14,187.85
O021189,C3772,2025-03-24,115.04
O021190,C3772,2025-06-17,114.47
O021191,C3772,2025-07-20,47.67
O021192,C3772,2025-10-09,106.2
O021193,C3772,2025-10-15,25.38
O021194,C3773,2025-04-12,68.81
O021195,C3773,2025-04-30,145.23
O021196,C3773,2025-06-21,108.63
O021197,C3773,2025-11-21,116.07
O021198,C3774,2024-09-08,18.49
O021199,C3774,2025-05-14,63.61
O021200,C3774,2025-07-16,226.91
O021201,C3774,2025-08-30,22.26
O021202,C3774,2025-12-16,50.82
O021203,C3775,2025-01-24,34.54
O021204,C3775,2025-02-23,239.28
O021205,C3775,2025-05-02,307.51
O021206,C3775,2025-06-08,357.02
O021207,C3775,2025-06-27,82.3
O021208,C3775,2025-10-06,205.87
O021209,C3775,2025-10-17,206.97
O021210,C3775,2025-11-28,99.78
O021211,C3776,2024-08-30,63.22
O021212,C3776,2024-09-23,86.01
O021213,C3777,2025-02-16,101.06
O021214,C3777,2025-05-17,47.48
O021215,C3777,2025-07-21,22.35
O021216,C3777,2025-11-04,20.96
O021217,C3778,2025-04-12,63.05
O021218,C3778,2025-11-15,12.91
O021219,C3778,2025-12-20,37.75
O021220,C3779,2025-07-10,44.45
O021221,C3779,2025-10-29,111.11
O021222,C3780,2024-12-08,298.47
O021223,C3780,2025-01-07,70.35
O021224,C3780,2025-03-07,128.29
O021225,C3780,2025-06-26,195.32
O021226,C3780,2025-07-26,48.65
O021227,C3781,2024-06-11,23.23
O021228,C3781,2024-09-01,69.79
O021229,C3782,2025-03-14,10.5
O021230,C3782,2025-04-15,58.23
O021231,C3782,2025-07-22,89.38
O021232,C3782,2025-10-29,61.82
O021233,C3783,2024-10-14,339.38
O021234,C3783,2025-02-03,68.03
O021235,C3783,2025-03-22,106.53
O021236,C3783,2025-06-25,39.67
O021237,C3783,2025-08-28,46.09
O021238,C3784,2024-04-27,107.24
O021239,C3784,2024-07-07,284.82
O021240,C3784,2024-09-17,23.95
O021241,C3784,2024-12-18,97.5
O021242,C3784,2025-02-24,45.3
O021243,C3784,2025-03-28,97.47
O021244,C3784,2025-06-16,50.6
O021245,C3784,2025-10-10,18.41
O021246,C3784,2025-10-31,25.82
O021247,C3785,2025-02-06,73.59
O021248,C3785,2025-02-23,63.45
O021249,C3785,2025-05-19,35.68
O021250,C3785,2025-06-07,108.58
O021251,C3785,2025-06-13,72.54
O021252,C3785,2025-07-20,86.81
O021253,C3785,2025-08-24,44.94
O021254,C3785,2025-10-01,13.92
O021255,C3785,2025-11-05,94.14
O021256,C3785,2025-11-17,79.82
O021257,C3786,2025-06-23,58.75
O021258,C3786,2025-08-06,84.46
O021259,C3786,2025-10-19,44.1
O021260,C3787,2024-08-09,356.1
O021261,C3787,2024-09-16,126.92
O021262,C3787,2024-10-02,108.14
O021263,C3787,2024-10-13,55.27
O021264,C3787,2024-11-12,104.8
O021265,C3787,2024-12-14,72.54
O021266,C3787,2025-04-04,20.76
O021267,C3787,2025-05-02,214.95
O021268,C3787,2025-06-24,189.93
O021269,C3787,2025-07-23,60.94
O021270,C3788,2025-01-17,37.85
O021271,C3789,2025-06-08,196.49
O021272,C3789,2025-09-25,49.63
O021273,C3789,2025-12-25,83.57
O021274,C3790,2024-12-11,85.96
O021275,C3790,2025-05-31,283.14
O021276,C3790,2025-09-28,249.86
O021277,C3790,2025-11-21,227.42
O021278,C3790,2025-12-30,65.15
O021279,C3791,2025-06-25,42.78
O021280,C3791,2025-08-17,74.15
O021281,C3791,2025-09-13,136.9
O021282,C3791,2025-11-13,110.64
O021283,C3792,2025-04-05,18.68
O021284,C3792,2025-05-06,172.5
O021285,C3793,2024-05-30,31.49
O021286,C3793,2024-07-14,21.4
O021287,C3793,2024-10-30,64.96
O021288,C3793,2025-04-13,79.75
O021289,C3793,2025-08-23,81.59
O021290,C3793,2025-11-16,105.82
O021291,C3794,2025-04-10,66.52
O021292,C3794,2025-07-04,20.63
O021293,C3795,2024-07-05,66.87
O021294,C3795,2024-09-18,51.52
O021295,C3795,2024-10-31,36.24
O021296,C3795,2025-01-01,172.68
O021297,C3795,2025-01-24,137.96
O021298,C3795,2025-03-16,232.99
O021299,C3795,2025-05-22,81.04
O021300,C3795,2025-08-30,310.49
O021301,C3795,2025-09-17,115.33
O021302,C3795,2025-10-07,131.18
O021303,C3795,2025-11-13,92.71
O021304,C3795,2025-12-29,241.1
O021305,C3796,2024-12-21,265.65
O021306,C3796,2025-01-27,233.57
O021307,C3796,2025-03-09,218.48
O021308,C3796,2025-03-17,288.65
O021309,C3796,2025-04-03,41.3
O021310,C3796,2025-04-09,144.93
O021311,C3796,2025-04-15,330.49
O021312,C3796,2025-06-06,515.57
O021313,C3796,2025-06-29,181.23
O021314,C3796,2025-07-26,391.15
O021315,C3796,2025-08-17,392.74
O021316,C3796,2025-09-04,166.67
O021317,C3796,2025-09-25,387.54
O021318,C3796,2025-11-01,305.17
O021319,C3796,2025-11-25,354.8
O021320,C3796,2025-12-19,252.9
O021321,C3797,2024-05-23,332.12
O021322,C3797,2024-10-13,149.1
O021323,C3797,2025-03-18,65.76
O021324,C3797,2025-04-24,81.62
O021325,C3797,2025-06-07,122.88
O021326,C3797,2025-11-30,225.46
O021327,C3798,2024-11-11,88.9
O021328,C3798,2025-02-17,84.52
O021329,C3799,2025-01-15,26.06
O021330,C3800,2025-12-07,30.05
O021331,C3800,2025-12-23,198.29
O021332,C3802,2025-11-01,25.27
O021333,C3802,2025-12-13,76.66
O021334,C3803,2024-11-14,140.7
O021335,C3803,2024-12-06,124.78
O021336,C3803,2025-01-12,188.08
O021337,C3803,2025-05-29,172.5
O021338,C3803,2025-08-02,138.69
O021339,C3803,2025-09-11,194.44
O021340,C3803,2025-09-20,81.7
O021341,C3803,2025-10-13,150.72
O021342,C3803,2025-11-19,128.58
O021343,C3804,2025-04-28,177.85
O021344,C3805,2024-03-26,27.57
O021345,C3805,2024-06-05,161.01
O021346,C3805,2024-07-13,233.21
O021347,C3805,2024-12-18,60.43
O021348,C3805,2025-07-25,41.06
O021349,C3805,2025-10-06,113.28
O021350,C3806,2025-07-28,54.66
O021351,C3806,2025-11-17,68.96
O021352,C3807,2025-08-03,6.86
O021353,C3807,2025-11-25,40.16
O021354,C3808,2024-08-31,18.76
O021355,C3809,2025-12-17,29.52
O021356,C3810,2025-02-02,31.64
O021357,C3810,2025-04-07,14.56
O021358,C3811,2025-05-05,55.71
O021359,C3811,2025-07-12,151.62
O021360,C3811,2025-09-23,138.16
O021361,C3811,2025-11-28,119.52
O021362,C3812,2025-04-01,8.02
O021363,C3812,2025-04-26,47.09
O021364,C3813,2024-12-21,95.8
O021365,C3813,2025-04-11,59.49
O021366,C3813,2025-05-21,56.16
O021367,C3813,2025-06-23,142.39
O021368,C3813,2025-07-26,84.34
O021369,C3813,2025-10-03,104.17
O021370,C3813,2025-10-21,72.87
O021371,C3813,2025-12-16,33.52
O021372,C3814,2025-07-16,35.2
O021373,C3814,2025-10-18,20.01
O021374,C3816,2024-12-28,47.12
O021375,C3816,2025-02-05,214.19
O021376,C3816,2025-04-07,133.34
O021377,C3816,2025-05-05,42.61
O021378,C3816,2025-05-19,91.92
O021379,C3816,2025-06-12,176.67
O021380,C3816,2025-07-08,282.92
O021381,C3816,2025-08-13,202.77
O021382,C3816,2025-08-28,71.99
O021383,C3816,2025-09-12,135.45
O021384,C3817,2025-01-12,58.66
O021385,C3817,2025-02-25,28.32
O021386,C3818,2024-08-29,306.61
O021387,C3818,2024-09-10,240.21
O021388,C3818,2024-10-05,227.83
O021389,C3818,2024-10-28,131.18
O021390,C3818,2024-12-11,250.4
O021391,C3818,2024-12-17,365.96
O021392,C3818,2025-01-08,352.68
O021393,C3818,2025-02-09,18.64
O021394,C3818,2025-04-06,114.31
O021395,C3818,2025-04-29,161.69
O021396,C3818,2025-05-07,113.43
O021397,C3818,2025-06-06,228.25
O021398,C3818,2025-07-25,204.78
O021399,C3818,2025-10-18,65.2
O021400,C3818,2025-12-15,148.66
O021401,C3818,2025-12-27,215.14
O021402,C3819,2025-06-18,47.25
O021403,C3820,2024-09-05,369.38
O021404,C3820,2024-09-13,138.91
O021405,C3820,2024-11-09,184.9
O021406,C3820,2024-11-16,109.99
O021407,C3820,2024-12-20,221.91
O021408,C3820,2025-01-06,43.92
O021409,C3820,2025-01-26,118.14
O021410,C3820,2025-03-05,17.43
O021411,C3820,2025-03-23,98.9
O021412,C3820,2025-04-30,205.98
O021413,C3820,2025-05-20,90.92
O021414,C3820,2025-07-09,195.71
O021415,C3820,2025-10-12,130.2
O021416,C3820,2025-10-28,109.35
O021417,C3820,2025-11-10,147.06
O021418,C3820,2025-11-17,146.09
O021419,C3820,2025-12-20,148.22
O021420,C3821,2024-05-07,261.54
O021421,C3821,2024-06-22,179.06
O021422,C3822,2024-04-28,101.76
O021423,C3822,2024-10-14,21.25
O021424,C3822,2025-01-11,48.23
O021425,C3822,2025-08-11,106.57
O021426,C3823,2025-02-04,38.9
O021427,C3823,2025-02-10,423.33
O021428,C3824,2025-02-15,98.69
O021429,C3824,2025-04-25,62.33
O021430,C3824,2025-06-19,97.2
O021431,C3824,2025-07-28,112.72
O021432,C3824,2025-08-18,27.85
O021433,C3824,2025-10-21,34.99
O021434,C3825,2024-05-02,18.7
O021435,C3825,2024-06-08,24.21
O021436,C3825,2024-11-14,19.74
O021437,C3825,2024-12-27,12.59
O021438,C3825,2025-03-13,15.0
O021439,C3825,2025-08-08,7.42
O021440,C3825,2025-10-30,101.75
O021441,C3826,2025-01-21,196.92
O021442,C3826,2025-04-18,568.11
O021443,C3826,2025-05-03,62.09
O021444,C3826,2025-05-09,637.38
O021445,C3826,2025-06-02,302.7
O021446,C3826,2025-07-17,403.69
O021447,C3826,2025-09-16,181.14
O021448,C3826,2025-10-08,174.43
O021449,C3826,2025-11-13,27.79
O021450,C3826,2025-12-10,148.87
O021451,C3827,2025-11-29,125.17
O021452,C3828,2024-10-21,229.02
O021453,C3828,2024-10-28,65.92
O021454,C3828,2025-02-04,47.66
O021455,C3828,2025-03-16,184.48
O021456,C3828,2025-03-28,243.14
O021457,C3828,2025-04-08,301.98
O021458,C3828,2025-06-25,133.02
O021459,C3828,2025-07-25,142.26
O021460,C3828,2025-08-16,23.76
O021461,C3828,2025-11-11,190.02
O021462,C3828,2025-12-10,133.26
O021463,C3829,2025-06-23,66.96
O021464,C3829,2025-08-09,101.81
O021465,C3829,2025-10-03,28.43
O021466,C3829,2025-10-25,104.42
O021467,C3830,2024-04-13,286.34
O021468,C3830,2024-06-08,26.98
O021469,C3830,2024-08-04,28.03
O021470,C3830,2024-11-28,81.47
O021471,C3831,2024-08-10,53.34
O021472,C3831,2024-08-27,35.43
O021473,C3832,2024-11-06,335.96
O021474,C3832,2024-12-08,200.27
O021475,C3832,2025-01-16,292.93
O021476,C3832,2025-02-04,23.51
O021477,C3833,2024-07-19,12.99
O021478,C3833,2024-10-22,159.36
O021479,C3833,2025-09-11,81.7
O021480,C3833,2025-12-22,165.46
O021481,C3834,2024-02-27,65.23
O021482,C3834,2024-06-04,25.87
O021483,C3834,2024-07-26,47.78
O021484,C3835,2024-09-15,187.9
O021485,C3836,2024-07-20,93.0
O021486,C3836,2024-09-22,123.6
O021487,C3836,2024-11-02,690.04
O021488,C3836,2025-01-01,52.24
O021489,C3836,2025-01-21,12.87
O021490,C3836,2025-02-23,284.24
O021491,C3836,2025-06-02,166.82
O021492,C3836,2025-08-30,192.56
O021493,C3836,2025-09-21,51.99
O021494,C3836,2025-09-27,19.36
O021495,C3836,2025-10-24,32.46
O021496,C3837,2024-04-29,415.19
O021497,C3837,2024-05-13,208.73
O021498,C3837,2024-07-05,66.89
O021499,C3837,2024-07-11,81.11
O021500,C3837,2024-08-03,163.35
O021501,C3837,2024-08-20,247.67
O021502,C3837,2024-10-22,110.25
O021503,C3837,2024-11-14,313.99
O021504,C3837,2024-12-29,289.89
O021505,C3837,2025-01-04,208.88
O021506,C3837,2025-02-14,220.89
O021507,C3837,2025-03-12,187.58
O021508,C3837,2025-03-25,433.37
O021509,C3837,2025-04-17,134.24
O021510,C3837,2025-05-18,103.01
O021511,C3838,2024-08-20,110.41
O021512,C3838,2025-01-09,156.72
O021513,C3838,2025-03-09,24.72
O021514,C3838,2025-06-30,81.35
O021515,C3838,2025-09-18,100.85
O021516,C3838,2025-12-13,22.48
O021517,C3839,2024-08-18,168.83
O021518,C3839,2024-11-11,106.09
O021519,C3839,2024-11-23,107.95
O021520,C3839,2025-02-01,21.49
O021521,C3839,2025-02-16,314.08
O021522,C3839,2025-02-25,22.09
O021523,C3839,2025-04-25,171.46
O021524,C3839,2025-06-17,66.32
O021525,C3839,2025-09-07,174.61
O021526,C3839,2025-10-19,30.33
O021527,C3840,2025-05-01,46.66
O021528,C3840,2025-10-24,12.58
O021529,C3841,2024-09-27,652.19
O021530,C3841,2024-11-08,209.24
O021531,C3841,2025-01-01,159.93
O021532,C3841,2025-02-24,53.06
O021533,C3841,2025-04-20,146.36
O021534,C3841,2025-07-12,181.18
O021535,C3841,2025-09-07,259.77
O021536,C3842,2024-09-13,20.63
O021537,C3842,2024-11-13,26.3
O021538,C3842,2025-04-07,12.83
O021539,C3842,2025-08-26,124.8
O021540,C3842,2025-10-22,218.11
O021541,C3842,2025-11-06,14.04
O021542,C3843,2024-08-01,231.01
O021543,C3843,2024-10-04,49.8
O021544,C3843,2024-10-26,141.64
O021545,C3843,2024-11-16,118.7
O021546,C3843,2024-12-14,40.96
O021547,C3843,2025-01-02,73.77
O021548,C3843,2025-03-25,61.99
O021549,C3843,2025-04-12,29.19
O021550,C3844,2024-12-05,41.42
O021551,C3844,2025-03-12,83.01
O021552,C3844,2025-03-27,21.82
O021553,C3845,2024-06-02,91.23
O021554,C3846,2025-05-24,240.52
O021555,C3847,2024-09-08,56.67
O021556,C3847,2024-09-28,18.76
O021557,C3847,2024-10-19,452.36
O021558,C3847,2024-11-18,163.41
O021559,C3847,2024-12-09,107.16
O021560,C3847,2024-12-19,30.43
O021561,C3847,2025-01-07,313.03
O021562,C3847,2025-01-22,37.53
O021563,C3847,2025-03-17,163.33
O021564,C3847,2025-04-25,433.76
O021565,C3847,2025-06-15,52.09
O021566,C3847,2025-06-24,292.5
O021567,C3847,2025-07-07,94.57
O021568,C3847,2025-08-17,101.17
O021569,C3847,2025-08-31,235.16
O021570,C3847,2025-10-04,77.18
O021571,C3847,2025-10-17,400.82
O021572,C3847,2025-11-05,271.47
O021573,C3847,2025-11-19,202.57
O021574,C3848,2025-08-29,154.69
O021575,C3848,2025-11-07,38.32
O021576,C3848,2025-12-08,131.15
O021577,C3849,2024-03-16,45.53
O021578,C3849,2024-06-05,24.25
O021579,C3849,2024-07-30,23.58
O021580,C3849,2025-02-04,51.76
O021581,C3849,2025-07-04,21.81
O021582,C3849,2025-09-27,36.45
O021583,C3849,2025-12-14,29.36
O021584,C3850,2025-04-30,154.16
O021585,C3850,2025-07-22,101.91
O021586,C3850,2025-09-10,30.58
O021587,C3850,2025-10-29,152.72
O021588,C3851,2024-09-21,495.61
O021589,C3851,2024-10-15,226.19
O021590,C3851,2024-11-08,234.14
O021591,C3851,2024-12-05,58.95
O021592,C3851,2025-01-12,289.8
O021593,C3851,2025-02-04,62.61
O021594,C3851,2025-03-04,436.85
O021595,C3851,2025-03-15,317.22
O021596,C3851,2025-03-27,52.55
O021597,C3851,2025-04-04,112.1
O021598,C3851,2025-04-14,736.45
O021599,C3851,2025-05-14,484.91
O021600,C3851,2025-06-29,271.89
O021601,C3851,2025-07-12,148.28
O021602,C3851,2025-08-08,189.36
O021603,C3851,2025-08-14,52.5
O021604,C3851,2025-09-27,103.59
O021605,C3851,2025-11-25,509.0
O021606,C3851,2025-12-05,80.24
O021607,C3852,2024-03-23,309.86
O021608,C3852,2024-04-11,163.65
O021609,C3852,2024-05-28,67.94
O021610,C3853,2024-04-20,25.54
O021611,C3853,2024-05-15,67.28
O021612,C3853,2024-08-30,53.44
O021613,C3853,2024-10-22,48.42
O021614,C3853,2024-11-15,27.73
O021615,C3853,2024-11-30,27.26
O021616,C3853,2025-01-26,79.15
O021617,C3853,2025-05-11,41.5
O021618,C3853,2025-06-01,43.26
O021619,C3853,2025-06-24,112.35
O021620,C3853,2025-08-28,204.64
O021621,C3853,2025-10-08,95.53
O021622,C3853,2025-11-16,40.87
O021623,C3854,2024-07-26,11.99
O021624,C3854,2024-09-27,34.35
O021625,C3854,2024-11-03,179.53
O021626,C3854,2025-02-22,238.21
O021627,C3854,2025-04-07,69.25
O021628,C3854,2025-04-23,24.34
O021629,C3854,2025-08-12,32.44
O021630,C3854,2025-08-31,255.22
O021631,C3854,2025-09-09,61.46
O021632,C3854,2025-09-18,241.34
O021633,C3856,2024-03-08,29.62
O021634,C3856,2024-04-12,209.49
O021635,C3856,2024-06-10,32.42
O021636,C3856,2024-07-10,98.97
O021637,C3856,2024-12-06,64.66
O021638,C3856,2025-01-27,156.69
O021639,C3856,2025-09-08,7.61
O021640,C3856,2025-12-27,32.04
O021641,C3857,2024-03-14,112.73
O021642,C3857,2024-04-30,145.43
O021643,C3857,2024-05-22,14.2
O021644,C3857,2024-08-26,199.21
O021645,C3857,2024-09-08,105.96
O021646,C3857,2024-10-30,130.39
O021647,C3857,2024-11-17,22.98
O021648,C3857,2024-12-24,60.72
O021649,C3857,2025-01-26,65.52
O021650,C3857,2025-02-25,158.98
O021651,C3857,2025-04-02,80.77
O021652,C3857,2025-05-01,228.04
O021653,C3857,2025-06-13,146.3
O021654,C3857,2025-06-29,95.8
O021655,C3858,2024-12-24,77.9
O021656,C3859,2024-10-15,13.5
O021657,C3859,2024-11-16,86.77
O021658,C3859,2025-02-03,118.17
O021659,C3859,2025-03-14,162.01
O021660,C3860,2025-12-14,44.4
O021661,C3861,2025-02-25,164.48
O021662,C3861,2025-03-22,180.6
O021663,C3861,2025-06-14,51.39
O021664,C3861,2025-07-10,64.05
O021665,C3861,2025-08-17,32.58
O021666,C3861,2025-09-14,122.66
O021667,C3861,2025-10-29,147.66
O021668,C3861,2025-11-14,34.47
O021669,C3861,2025-11-24,100.29
O021670,C3861,2025-12-08,45.84
O021671,C3861,2025-12-16,34.36
O021672,C3862,2024-12-30,120.99
O021673,C3862,2025-03-17,34.89
O021674,C3863,2024-07-09,63.21
O021675,C3863,2024-08-17,77.1
O021676,C3863,2024-10-11,83.39
O021677,C3864,2024-12-23,60.29
O021678,C3864,2025-01-16,122.07
O021679,C3864,2025-03-13,325.22
O021680,C3864,2025-04-16,17.91
O021681,C3864,2025-06-18,31.72
O021682,C3864,2025-06-28,112.84
O021683,C3864,2025-07-12,59.09
O021684,C3864,2025-08-23,28.16
O021685,C3865,2024-12-02,228.49
O021686,C3865,2025-02-08,178.46
O021687,C3865,2025-02-25,68.43
O021688,C3865,2025-03-20,22.53
O021689,C3865,2025-04-28,172.63
O021690,C3865,2025-05-21,122.66
O021691,C3865,2025-09-06,177.9
O021692,C3865,2025-10-04,235.73
O021693,C3865,2025-11-04,30.15
O021694,C3865,2025-11-26,71.93
O021695,C3865,2025-12-16,206.91
O021696,C3865,2025-12-22,79.24
O021697,C3866,2024-06-02,81.42
O021698,C3866,2024-08-10,118.62
O021699,C3866,2024-08-31,15.48
O021700,C3866,2024-12-08,50.41
O021701,C3866,2025-01-06,38.2
O021702,C3866,2025-02-17,66.27
O021703,C3866,2025-04-17,44.07
O021704,C3866,2025-05-09,179.5
O021705,C3866,2025-06-01,44.87
O021706,C3866,2025-08-13,14.94
O021707,C3866,2025-08-25,288.4
O021708,C3866,2025-11-12,64.34
O021709,C3866,2025-12-07,50.66
O021710,C3867,2024-08-09,122.68
O021711,C3867,2024-09-17,156.28
O021712,C3868,2025-06-05,50.23
O021713,C3869,2025-01-12,141.09
O021714,C3869,2025-03-20,46.83
O021715,C3869,2025-07-10,80.82
O021716,C3869,2025-08-19,117.83
O021717,C3869,2025-12-01,128.85
O021718,C3870,2024-09-15,97.84
O021719,C3870,2024-10-02,51.59
O021720,C3872,2024-07-29,55.51
O021721,C3872,2025-03-14,22.03
O021722,C3872,2025-05-22,26.86
O021723,C3872,2025-07-30,22.7
O021724,C3872,2025-11-15,50.73
O021725,C3873,2024-06-09,72.3
O021726,C3873,2024-07-28,30.92
O021727,C3873,2024-12-31,57.64
O021728,C3873,2025-10-12,48.91
O021729,C3873,2025-11-15,20.89
O021730,C3875,2025-03-28,218.76
O021731,C3875,2025-04-23,41.2
O021732,C3876,2024-08-23,120.59
O021733,C3876,2024-11-08,23.67
O021734,C3876,2024-11-19,156.25
O021735,C3876,2024-12-02,55.91
O021736,C3877,2025-06-10,16.8
O021737,C3877,2025-07-21,75.55
O021738,C3877,2025-08-15,127.65
O021739,C3877,2025-09-02,116.14
O021740,C3877,2025-09-11,85.4
O021741,C3877,2025-10-02,59.85
O021742,C3877,2025-11-11,196.78
O021743,C3877,2025-12-07,173.88
O021744,C3878,2024-07-24,50.19
O021745,C3878,2024-09-30,99.81
O021746,C3878,2024-11-22,45.52
O021747,C3878,2024-12-08,125.89
O021748,C3878,2025-01-18,66.84
O021749,C3878,2025-02-20,42.16
O021750,C3880,2024-01-22,56.72
O021751,C3880,2024-02-19,538.64
O021752,C3880,2024-08-06,34.65
O021753,C3880,2024-09-03,74.65
O021754,C3880,2024-10-27,261.74
O021755,C3880,2024-11-25,44.82
O021756,C3880,2024-12-25,41.52
O021757,C3880,2025-04-08,182.05
O021758,C3880,2025-05-02,198.73
O021759,C3880,2025-07-16,208.42
O021760,C3880,2025-10-01,129.07
O021761,C3880,2025-10-25,45.66
O021762,C3880,2025-11-10,216.04
O021763,C3880,2025-11-24,115.55
O021764,C3880,2025-12-10,181.79
O021765,C3881,2025-01-21,15.49
O021766,C3882,2024-04-10,167.73
O021767,C3882,2024-05-23,74.95
O021768,C3882,2024-08-07,208.52
O021769,C3882,2024-11-17,177.23
O021770,C3882,2025-01-05,106.1
O021771,C3882,2025-03-29,154.5
O021772,C3882,2025-06-13,119.12
O021773,C3882,2025-07-16,31.57
O021774,C3882,2025-11-07,231.59
O021775,C3883,2024-05-26,42.07
O021776,C3883,2024-07-22,93.76
O021777,C3883,2024-08-02,19.94
O021778,C3883,2024-10-26,54.69
O021779,C3883,2025-01-18,62.0
O021780,C3883,2025-09-18,196.94
O021781,C3883,2025-11-11,50.19
O021782,C3883,2025-11-28,94.74
O021783,C3884,2025-04-04,156.82
O021784,C3885,2024-04-23,52.93
O021785,C3885,2024-05-16,168.0
O021786,C3886,2024-09-25,147.07
O021787,C3886,2024-11-07,52.72
O021788,C3886,2024-12-21,63.47
O021789,C3886,2024-12-27,161.41
O021790,C3886,2025-01-28,21.73
O021791,C3886,2025-02-22,43.44
O021792,C3886,2025-05-19,76.26
O021793,C3886,2025-08-11,98.33
O021794,C3886,2025-08-17,41.97
O021795,C3886,2025-09-09,155.57
O021796,C3886,2025-10-29,50.68
O021797,C3886,2025-11-09,164.22
O021798,C3886,2025-11-25,65.79
O021799,C3887,2025-06-17,102.93
O021800,C3888,2025-11-15,114.13
O021801,C3888,2025-12-29,38.82
O021802,C3889,2024-09-13,26.26
O021803,C3889,2024-11-06,45.5
O021804,C3889,2025-02-23,7.27
O021805,C3889,2025-04-12,73.96
O021806,C3889,2025-09-22,26.1
O021807,C3890,2025-06-19,65.01
O021808,C3891,2025-07-22,14.4
O021809,C3891,2025-12-04,77.48
O021810,C3892,2025-01-03,57.61
O021811,C3892,2025-02-01,44.3
O021812,C3892,2025-03-07,68.77
O021813,C3892,2025-04-19,338.01
O021814,C3892,2025-06-20,126.02
O021815,C3892,2025-06-29,65.03
O021816,C3893,2024-07-06,52.66
O021817,C3893,2024-08-09,56.58
O021818,C3894,2025-02-17,83.28
O021819,C3895,2025-08-30,39.33
O021820,C3895,2025-12-15,81.38
O021821,C3896,2025-01-11,81.98
O021822,C3897,2024-12-16,6.83
O021823,C3898,2024-10-24,234.06
O021824,C3898,2024-11-28,92.22
O021825,C3898,2025-03-18,77.47
O021826,C3898,2025-04-02,51.65
O021827,C3899,2024-04-29,34.67
O021828,C3899,2024-07-27,106.58
O021829,C3899,2024-09-15,49.38
O021830,C3899,2024-09-29,36.8
O021831,C3899,2024-10-05,70.53
O021832,C3899,2024-10-26,87.19
O021833,C3899,2024-12-14,181.31
O021834,C3900,2025-10-03,12.89
O021835,C3901,2025-06-06,73.02
O021836,C3901,2025-08-17,17.81
O021837,C3903,2025-03-04,83.25
O021838,C3903,2025-04-28,25.75
O021839,C3903,2025-06-13,92.08
O021840,C3904,2025-04-25,55.06
O021841,C3904,2025-07-15,33.13
O021842,C3904,2025-10-21,62.01
O021843,C3904,2025-11-04,23.32
O021844,C3904,2025-12-26,136.42
O021845,C3905,2024-08-19,336.0
O021846,C3905,2024-08-26,183.52
O021847,C3905,2024-10-29,44.6
O021848,C3905,2024-11-23,241.9
O021849,C3905,2024-12-08,217.86
O021850,C3905,2025-02-02,90.89
O021851,C3905,2025-02-08,271.15
O021852,C3905,2025-03-26,191.38
O021853,C3905,2025-04-11,211.07
O021854,C3906,2024-08-14,54.67
O021855,C3908,2024-09-20,214.13
O021856,C3908,2024-10-26,98.14
O021857,C3908,2025-05-26,265.81
O021858,C3908,2025-07-26,189.38
O021859,C3908,2025-09-10,10.99
O021860,C3908,2025-11-04,86.32
O021861,C3908,2025-12-03,50.27
O021862,C3909,2025-02-27,181.3
O021863,C3910,2024-12-15,82.47
O021864,C3910,2025-01-11,102.52
O021865,C3910,2025-01-18,64.33
O021866,C3910,2025-03-09,117.9
O021867,C3910,2025-03-15,54.86
O021868,C3910,2025-04-08,190.22
O021869,C3910,2025-04-22,142.69
O021870,C3910,2025-05-07,33.15
O021871,C3910,2025-05-25,63.83
O021872,C3910,2025-06-19,17.96
O021873,C3910,2025-07-14,110.16
O021874,C3910,2025-09-22,39.7
O021875,C3910,2025-11-05,120.59
O021876,C3910,2025-12-12,16.76
O021877,C3910,2025-12-23,117.69
O021878,C3911,2024-03-19,11.33
O021879,C3911,2024-05-13,69.44
O021880,C3911,2024-05-28,61.86
O021881,C3911,2024-08-14,474.74
O021882,C3911,2024-08-23,110.29
O021883,C3911,2024-10-03,347.17
O021884,C3911,2024-11-07,92.77
O021885,C3911,2024-11-13,298.56
O021886,C3911,2024-11-24,465.35
O021887,C3911,2025-03-02,255.56
O021888,C3911,2025-03-21,66.75
O021889,C3911,2025-05-02,73.93
O021890,C3911,2025-07-19,67.75
O021891,C3911,2025-09-03,35.8
O021892,C3911,2025-10-08,346.61
O021893,C3911,2025-10-30,89.7
O021894,C3911,2025-12-23,92.67
O021895,C3911,2025-12-30,293.07
O021896,C3912,2024-07-20,35.22
O021897,C3912,2024-11-01,8.28
O021898,C3912,2025-02-27,24.2
O021899,C3912,2025-03-09,28.05
O021900,C3912,2025-05-16,13.11
O021901,C3912,2025-05-22,58.83
O021902,C3912,2025-08-03,7.81
O021903,C3913,2024-07-07,67.67
O021904,C3913,2024-07-25,158.98
O021905,C3913,2024-11-23,372.09
O021906,C3913,2024-12-19,405.71
O021907,C3913,2025-05-28,35.5
O021908,C3913,2025-09-15,269.26
O021909,C3913,2025-11-16,400.05
O021910,C3913,2025-12-11,72.49
O021911,C3913,2025-12-28,44.92
O021912,C3914,2025-07-17,105.81
O021913,C3914,2025-07-30,7.18
O021914,C3914,2025-09-08,115.62
O021915,C3914,2025-11-06,28.49
O021916,C3914,2025-12-16,48.24
O021917,C3915,2025-03-15,37.02
O021918,C3915,2025-05-20,195.23
O021919,C3915,2025-06-12,111.93
O021920,C3915,2025-08-14,106.05
O021921,C3915,2025-08-20,140.89
O021922,C3915,2025-10-31,378.65
O021923,C3915,2025-11-17,110.25
O021924,C3915,2025-12-23,211.74
O021925,C3916,2025-11-28,55.15
O021926,C3916,2025-12-28,56.39
O021927,C3917,2025-06-16,52.72
O021928,C3917,2025-07-28,142.4
O021929,C3917,2025-10-22,37.13
O021930,C3918,2025-07-16,49.08
O021931,C3918,2025-09-04,101.65
O021932,C3918,2025-09-29,33.05
O021933,C3918,2025-10-26,13.78
O021934,C3918,2025-12-29,166.74
O021935,C3919,2024-09-17,74.14
O021936,C3919,2025-02-22,49.58
O021937,C3919,2025-03-19,71.94
O021938,C3919,2025-08-01,52.77
O021939,C3919,2025-12-17,28.88
O021940,C3920,2024-05-18,98.0
O021941,C3920,2024-05-24,149.65
O021942,C3920,2024-06-11,119.14
O021943,C3920,2024-06-23,146.5
O021944,C3920,2024-09-19,74.44
O021945,C3920,2024-09-25,250.23
O021946,C3920,2024-10-02,188.55
O021947,C3921,2024-02-11,151.51
O021948,C3921,2024-03-14,109.19
O021949,C3921,2024-04-21,63.3
O021950,C3921,2024-05-02,214.54
O021951,C3922,2024-12-07,190.62
O021952,C3922,2024-12-27,295.67
O021953,C3922,2025-03-15,105.99
O021954,C3922,2025-03-22,231.61
O021955,C3922,2025-05-07,306.72
O021956,C3922,2025-05-17,220.22
O021957,C3922,2025-07-06,292.33
O021958,C3922,2025-07-21,140.27
O021959,C3922,2025-08-05,332.12
O021960,C3922,2025-09-05,185.42
O021961,C3922,2025-09-22,411.02
O021962,C3922,2025-10-04,44.71
O021963,C3922,2025-12-04,129.81
O021964,C3922,2025-12-21,213.44
O021965,C3923,2025-05-21,55.78
O021966,C3923,2025-06-26,12.25
O021967,C3923,2025-08-15,42.95
O021968,C3923,2025-09-27,46.73
O021969,C3923,2025-10-03,50.47
O021970,C3923,2025-12-11,13.08
O021971,C3924,2024-02-13,44.53
O021972,C3924,2024-03-24,101.04
O021973,C3925,2025-01-25,152.74
O021974,C3925,2025-07-05,22.91
O021975,C3926,2024-03-27,43.45
O021976,C3926,2025-03-21,32.61
O021977,C3926,2025-04-12,41.87
O021978,C3926,2025-07-19,166.71
O021979,C3927,2025-05-09,6.08
O021980,C3927,2025-06-21,34.89
O021981,C3928,2024-02-13,120.42
O021982,C3928,2024-08-28,72.51
O021983,C3928,2024-09-16,109.78
O021984,C3928,2025-02-16,22.64
O021985,C3928,2025-08-16,24.07
O021986,C3928,2025-11-14,82.7
O021987,C3929,2024-09-06,100.92
O021988,C3929,2024-12-16,32.86
O021989,C3929,2025-04-02,181.89
O021990,C3929,2025-06-04,34.83
O021991,C3929,2025-09-15,27.81
O021992,C3930,2024-03-31,24.18
O021993,C3930,2024-07-30,126.59
O021994,C3930,2024-08-16,12.28
O021995,C3930,2024-11-14,41.51
O021996,C3930,2024-12-18,104.42
O021997,C3930,2025-02-10,57.47
O021998,C3930,2025-07-04,39.09
O021999,C3930,2025-08-07,14.26
O022000,C3930,2025-11-26,21.49
O022001,C3931,2024-08-20,238.78
O022002,C3931,2024-10-01,69.68
O022003,C3932,2025-08-17,10.89
O022004,C3932,2025-10-08,20.72
O022005,C3933,2024-11-04,105.33
O022006,C3933,2025-02-09,7.99
O022007,C3933,2025-04-04,22.54
O022008,C3933,2025-04-19,25.85
O022009,C3933,2025-06-18,129.59
O022010,C3933,2025-09-09,98.79
O022011,C3933,2025-10-23,74.36
O022012,C3934,2025-04-10,142.35
O022013,C3934,2025-05-23,127.78
O022014,C3934,2025-06-10,63.45
O022015,C3934,2025-06-16,64.61
O022016,C3934,2025-08-20,219.31
O022017,C3934,2025-09-18,46.77
O022018,C3934,2025-10-29,71.94
O022019,C3934,2025-12-03,146.05
O022020,C3935,2025-08-12,24.43
O022021,C3935,2025-10-07,98.02
O022022,C3935,2025-11-04,44.41
O022023,C3936,2024-08-11,103.29
O022024,C3937,2025-06-14,47.76
O022025,C3937,2025-06-26,276.52
O022026,C3937,2025-08-10,95.13
O022027,C3937,2025-10-22,42.72
O022028,C3937,2025-12-10,54.3
O022029,C3938,2025-09-11,158.68
O022030,C3939,2024-04-03,38.27
O022031,C3939,2024-05-27,40.06
O022032,C3939,2025-02-19,109.38
O022033,C3939,2025-07-19,49.22
O022034,C3939,2025-12-12,57.81
O022035,C3940,2024-12-13,42.23
O022036,C3940,2025-09-10,18.04
O022037,C3940,2025-12-05,29.8
O022038,C3942,2024-06-17,14.46
O022039,C3942,2024-07-12,277.98
O022040,C3942,2024-08-27,121.69
O022041,C3942,2024-09-15,90.2
O022042,C3942,2024-12-08,55.36
O022043,C3942,2025-03-20,81.17
O022044,C3942,2025-05-09,358.23
O022045,C3942,2025-06-01,178.56
O022046,C3942,2025-08-11,137.52
O022047,C3942,2025-09-10,139.41
O022048,C3942,2025-11-21,165.88
O022049,C3944,2024-08-26,206.86
O022050,C3944,2024-09-21,319.36
O022051,C3944,2024-10-08,25.13
O022052,C3944,2024-11-01,122.91
O022053,C3944,2024-12-17,125.42
O022054,C3944,2025-01-07,62.96
O022055,C3944,2025-01-24,304.82
O022056,C3944,2025-02-22,144.17
O022057,C3944,2025-03-17,93.56
O022058,C3944,2025-03-23,124.63
O022059,C3944,2025-04-06,331.48
O022060,C3944,2025-04-26,46.69
O022061,C3944,2025-05-27,213.52
O022062,C3944,2025-06-11,90.96
O022063,C3944,2025-07-10,27.45
O022064,C3944,2025-07-27,187.22
O022065,C3944,2025-08-05,15.61
O022066,C3944,2025-09-02,26.84
O022067,C3944,2025-09-10,33.03
O022068,C3944,2025-11-03,292.15
O022069,C3944,2025-12-03,72.2
O022070,C3944,2025-12-15,247.33
O022071,C3945,2024-04-01,60.17
O022072,C3945,2024-08-08,103.99
O022073,C3945,2024-10-19,44.16
O022074,C3945,2024-11-16,71.51
O022075,C3945,2025-03-28,115.08
O022076,C3945,2025-11-25,101.26
O022077,C3946,2025-08-15,88.75
O022078,C3948,2024-07-14,78.43
O022079,C3948,2024-08-04,20.14
O022080,C3949,2025-05-31,36.78
O022081,C3949,2025-06-25,148.52
O022082,C3949,2025-08-15,50.47
O022083,C3949,2025-10-25,77.71
O022084,C3950,2024-08-10,69.03
O022085,C3951,2025-01-15,72.74
O022086,C3951,2025-03-16,34.41
O022087,C3951,2025-05-30,126.4
O022088,C3952,2024-01-25,63.18
O022089,C3952,2024-05-13,92.99
O022090,C3952,2024-11-02,136.32
O022091,C3952,2025-04-01,175.27
O022092,C3953,2024-06-24,342.4
O022093,C3953,2024-06-30,374.32
O022094,C3953,2024-07-22,122.5
O022095,C3953,2024-08-19,374.25
O022096,C3953,2024-08-25,261.53
O022097,C3953,2024-09-06,164.97
O022098,C3953,2024-09-16,166.72
O022099,C3953,2024-12-29,119.9
O022100,C3953,2025-01-16,241.43
O022101,C3953,2025-03-19,154.91
O022102,C3953,2025-04-26,168.62
O022103,C3953,2025-05-15,55.3
O022104,C3953,2025-06-20,122.32
O022105,C3953,2025-07-07,162.0
O022106,C3953,2025-07-21,214.03
O022107,C3954,2025-05-27,48.53
O022108,C3954,2025-08-05,82.49
O022109,C3954,2025-10-25,124.15
O022110,C3954,2025-12-06,149.23
O022111,C3955,2025-06-12,76.55
O022112,C3955,2025-07-02,31.64
O022113,C3956,2025-06-21,53.37
O022114,C3956,2025-07-09,310.64
O022115,C3956,2025-08-21,114.58
O022116,C3956,2025-09-14,93.88
O022117,C3956,2025-10-26,274.85
O022118,C3956,2025-12-12,209.27
O022119,C3956,2025-12-28,128.28
O022120,C3957,2024-02-21,26.87
O022121,C3957,2024-05-01,51.3
O022122,C3957,2024-05-21,123.32
O022123,C3957,2024-06-29,52.65
O022124,C3957,2024-10-22,37.18
O022125,C3957,2024-12-01,143.8
O022126,C3957,2025-02-10,11.44
O022127,C3957,2025-03-16,40.46
O022128,C3959,2025-08-26,39.45
O022129,C3960,2024-01-13,399.98
O022130,C3960,2024-02-07,382.27
O022131,C3960,2024-03-16,87.1
O022132,C3960,2024-04-02,561.56
O022133,C3960,2024-04-28,27.26
O022134,C3960,2024-05-07,448.12
O022135,C3960,2024-06-16,217.32
O022136,C3960,2024-07-15,353.95
O022137,C3960,2024-08-16,405.88
O022138,C3960,2024-09-26,69.73
O022139,C3960,2024-10-22,102.39
O022140,C3960,2024-11-20,238.66
O022141,C3960,2024-12-25,142.0
O022142,C3960,2025-01-19,280.85
O022143,C3960,2025-02-06,235.87
O022144,C3960,2025-02-17,122.3
O022145,C3960,2025-04-24,229.41
O022146,C3960,2025-06-10,47.64
O022147,C3960,2025-07-03,108.79
O022148,C3960,2025-08-02,176.49
O022149,C3960,2025-08-18,114.42
O022150,C3960,2025-09-16,494.01
O022151,C3960,2025-10-18,299.16
O022152,C3960,2025-11-08,286.5
O022153,C3961,2025-06-27,109.52
O022154,C3961,2025-09-17,145.97
O022155,C3961,2025-11-20,124.11
O022156,C3961,2025-12-26,44.56
O022157,C3962,2025-02-26,43.44
O022158,C3962,2025-03-06,148.91
O022159,C3962,2025-04-02,96.61
O022160,C3962,2025-04-24,97.04
O022161,C3962,2025-05-16,158.63
O022162,C3962,2025-06-22,90.66
O022163,C3962,2025-07-16,79.6
O022164,C3962,2025-07-26,348.73
O022165,C3962,2025-08-15,47.24
O022166,C3962,2025-09-18,44.05
O022167,C3962,2025-10-03,69.46
O022168,C3962,2025-11-30,61.94
O022169,C3962,2025-12-27,91.23
O022170,C3963,2024-11-27,12.96
O022171,C3963,2024-12-06,22.32
O022172,C3965,2025-05-02,47.69
O022173,C3965,2025-06-30,191.31
O022174,C3965,2025-08-31,103.42
O022175,C3965,2025-09-20,47.34
O022176,C3966,2024-03-01,159.75
O022177,C3966,2024-03-19,103.94
O022178,C3966,2024-05-18,194.91
O022179,C3966,2024-06-03,74.59
O022180,C3966,2024-06-15,162.2
O022181,C3966,2024-06-21,234.27
O022182,C3966,2024-06-27,16.53
O022183,C3966,2024-07-13,127.81
O022184,C3966,2024-08-05,179.17
O022185,C3966,2024-08-21,141.66
O022186,C3966,2024-09-06,145.96
O022187,C3966,2024-10-08,114.95
O022188,C3966,2024-11-13,79.71
O022189,C3966,2024-11-22,155.22
O022190,C3966,2025-01-19,52.01
O022191,C3966,2025-02-24,202.1
O022192,C3966,2025-03-07,111.69
O022193,C3966,2025-04-12,155.97
O022194,C3966,2025-09-02,190.32
O022195,C3966,2025-09-11,156.65
O022196,C3966,2025-09-30,200.73
O022197,C3966,2025-12-22,96.51
O022198,C3967,2024-02-19,118.99
O022199,C3967,2024-03-10,106.6
O022200,C3967,2024-03-29,27.37
O022201,C3967,2024-04-10,14.25
O022202,C3967,2024-05-11,29.02
O022203,C3967,2024-05-29,82.92
O022204,C3967,2024-06-30,44.39
O022205,C3967,2024-08-08,13.85
O022206,C3967,2024-10-03,149.04
O022207,C3967,2024-11-03,89.44
O022208,C3967,2024-11-09,99.67
O022209,C3967,2024-11-24,118.07
O022210,C3967,2025-01-19,31.45
O022211,C3967,2025-02-22,23.54
O022212,C3967,2025-03-16,65.65
O022213,C3967,2025-04-02,34.84
O022214,C3967,2025-04-19,35.13
O022215,C3967,2025-06-02,111.03
O022216,C3967,2025-06-29,63.11
O022217,C3967,2025-07-21,90.42
O022218,C3967,2025-08-19,79.36
O022219,C3967,2025-09-10,143.52
O022220,C3967,2025-10-21,113.18
O022221,C3967,2025-10-27,45.82
O022222,C3967,2025-11-10,113.22
O022223,C3967,2025-12-25,123.37
O022224,C3968,2025-06-05,102.65
O022225,C3968,2025-07-23,16.2
O022226,C3969,2025-01-13,57.24
O022227,C3969,2025-03-31,22.15
O022228,C3970,2025-03-05,27.28
O022229,C3970,2025-03-20,24.37
O022230,C3970,2025-04-06,23.16
O022231,C3970,2025-04-23,29.86
O022232,C3970,2025-05-27,35.03
O022233,C3970,2025-12-24,33.7
O022234,C3971,2024-10-22,45.29
O022235,C3971,2025-01-02,12.5
O022236,C3971,2025-02-11,150.5
O022237,C3971,2025-03-14,158.59
O022238,C3971,2025-05-15,14.69
O022239,C3971,2025-06-18,36.78
O022240,C3971,2025-08-20,126.59
O022241,C3971,2025-11-03,109.94
O022242,C3971,2025-11-15,66.17
O022243,C3971,2025-12-29,42.44
O022244,C3972,2024-03-29,48.78
O022245,C3972,2024-06-10,86.76
O022246,C3972,2024-09-12,37.16
O022247,C3973,2024-10-25,101.24
O022248,C3973,2024-12-13,97.02
O022249,C3973,2025-02-11,60.02
O022250,C3973,2025-03-27,123.78
O022251,C3973,2025-04-23,45.95
O022252,C3973,2025-05-19,133.76
O022253,C3973,2025-11-28,86.29
O022254,C3973,2025-12-20,39.48
O022255,C3975,2025-06-24,39.9
O022256,C3975,2025-07-07,28.76
O022257,C3975,2025-09-07,12.62
O022258,C3975,2025-12-19,31.44
O022259,C3976,2024-03-28,36.09
O022260,C3976,2024-04-12,40.53
O022261,C3977,2024-07-14,24.25
O022262,C3977,2024-10-09,72.11
O022263,C3977,2024-12-01,33.02
O022264,C3977,2025-01-07,24.46
O022265,C3977,2025-01-26,33.13
O022266,C3977,2025-03-25,136.89
O022267,C3978,2024-10-31,58.01
O022268,C3978,2025-01-26,55.48
O022269,C3978,2025-03-05,114.44
O022270,C3978,2025-07-09,16.9
O022271,C3979,2024-12-17,90.41
O022272,C3980,2024-04-09,77.25
O022273,C3980,2024-09-02,16.55
O022274,C3980,2024-12-05,81.73
O022275,C3980,2025-04-09,32.13
O022276,C3980,2025-05-18,124.05
O022277,C3980,2025-06-22,64.82
O022278,C3980,2025-07-31,204.39
O022279,C3980,2025-10-11,44.0
O022280,C3980,2025-12-23,87.98
O022281,C3981,2025-06-02,285.48
O022282,C3981,2025-06-10,332.53
O022283,C3981,2025-07-24,87.55
O022284,C3981,2025-08-31,402.94
O022285,C3981,2025-09-08,142.3
O022286,C3981,2025-10-04,112.18
O022287,C3981,2025-11-14,34.01
O022288,C3981,2025-11-28,420.76
O022289,C3981,2025-12-30,36.66
O022290,C3982,2024-03-27,86.02
O022291,C3982,2024-06-08,43.82
O022292,C3982,2024-09-08,6.36
O022293,C3982,2024-10-19,31.18
O022294,C3982,2024-12-12,12.12
O022295,C3983,2024-04-20,55.1
O022296,C3983,2024-05-03,51.56
O022297,C3983,2024-06-06,181.18
O022298,C3983,2024-06-20,157.98
O022299,C3983,2024-07-30,166.77
O022300,C3983,2024-08-25,249.43
O022301,C3983,2024-09-21,48.9
O022302,C3983,2024-10-31,117.75
O022303,C3983,2024-12-02,38.88
O022304,C3983,2025-01-04,40.66
O022305,C3983,2025-03-10,91.78
O022306,C3983,2025-04-01,147.88
O022307,C3984,2025-12-06,191.98
O022308,C3985,2024-08-02,22.42
O022309,C3985,2024-10-29,124.57
O022310,C3985,2025-03-29,98.18
O022311,C3986,2025-09-20,92.92
O022312,C3986,2025-10-27,111.37
O022313,C3987,2024-08-29,153.58
O022314,C3987,2024-09-29,58.63
O022315,C3987,2024-10-16,125.99
O022316,C3987,2025-01-15,21.51
O022317,C3987,2025-03-17,120.71
O022318,C3987,2025-05-16,54.98
O022319,C3988,2024-05-27,31.41
O022320,C3988,2024-07-31,101.49
O022321,C3988,2024-08-18,85.13
O022322,C3989,2024-10-23,52.8
O022323,C3989,2024-11-27,95.91
O022324,C3989,2025-02-03,53.68
O022325,C3989,2025-02-22,13.17
O022326,C3989,2025-05-21,21.12
O022327,C3990,2025-03-13,177.09
O022328,C3990,2025-04-22,37.35
O022329,C3990,2025-06-02,70.76
O022330,C3990,2025-06-22,79.9
O022331,C3990,2025-07-05,115.19
O022332,C3990,2025-09-05,48.48
O022333,C3990,2025-12-13,41.8
O022334,C3990,2025-12-27,204.69
O022335,C3991,2024-01-16,87.05
O022336,C3991,2024-03-21,22.97
O022337,C3992,2025-05-11,16.09
O022338,C3993,2025-07-14,216.53
O022339,C3993,2025-10-07,31.9
O022340,C3993,2025-10-18,93.51
O022341,C3995,2025-06-21,56.41
O022342,C3995,2025-07-31,82.83
O022343,C3995,2025-08-23,117.05
O022344,C3995,2025-09-07,43.14
O022345,C3995,2025-09-18,90.61
O022346,C3995,2025-10-14,104.34
O022347,C3995,2025-10-20,115.04
O022348,C3995,2025-10-30,99.67
O022349,C3995,2025-11-28,130.99
O022350,C3995,2025-12-20,31.05
O022351,C3996,2025-07-03,84.11
O022352,C3996,2025-07-15,76.61
O022353,C3996,2025-11-12,114.74
O022354,C3997,2025-01-14,62.66
O022355,C3997,2025-05-19,20.76
O022356,C3997,2025-09-29,186.54
O022357,C3998,2025-05-11,75.52
O022358,C3998,2025-05-21,27.03
O022359,C3998,2025-06-26,76.67
O022360,C3998,2025-07-18,130.11
O022361,C3998,2025-09-12,73.88
O022362,C3998,2025-10-22,52.12
O022363,C3998,2025-12-31,30.2
O022364,C3999,2025-06-05,95.88
O022365,C3999,2025-11-03,49.46
O022366,C4000,2025-01-05,24.06
O022367,C4000,2025-05-01,84.21
O022368,C4000,2025-06-14,57.08
O022369,C4000,2025-07-11,71.75
O022370,C4000,2025-08-17,12.22
O022371,C4000,2025-09-25,78.03
O022372,C4000,2025-10-21,147.23
O022373,C4000,2025-12-08,29.93
